File accession	File format	File type	File format type	Output type	File assembly	Experiment accession	Assay	Donor(s)	Biosample term id	Biosample term name	Biosample type	Biosample organism	Biosample treatments	Biosample treatments amount	Biosample treatments duration	Biosample genetic modifications methods	Biosample genetic modifications categories	Biosample genetic modifications targets	Biosample genetic modifications gene targets	Biosample genetic modifications site coordinates	Biosample genetic modifications zygosity	Experiment target	Library made from	Library depleted in	Library extraction method	Library lysis method	Library crosslinking method	Library strand specific	Experiment date released	Project	RBNS protein concentration	Library fragmentation method	Library size range	Biological replicate(s)	Technical replicate(s)	Read length	Mapped read length	Run type	Paired end	Paired with	Index of	Derived from	Size	Lab	md5sum	dbxrefs	File download URL	Genome annotation	Platform	Controlled by	File Status	s3_uri	Azure URL	File analysis title	File analysis status	Audit WARNING	Audit NOT_COMPLIANT	Audit ERROR
ENCFF315FFJ	bed narrowPeak	bed	narrowPeak	optimal IDR thresholded peaks	GRCh38	ENCSR019WUS	TF ChIP-seq	/human-donors/ENCDO000ABF/	EFO:0001182	HEK293	cell line	Homo sapiens				site-specific recombination	insertion	{'schema_version': '14', 'aliases': [], 'organism': {'schema_version': '6', '@type': ['Organism', 'Item'], 'name': 'human', 'taxon_id': '9606', 'scientific_name': 'Homo sapiens', '@id': '/organisms/human/', 'uuid': '7745b647-ff15-4ff3-9ced-b897d4e2983c', 'status': 'released'}, 'genes': ['/genes/7556/'], '@type': ['Target', 'Item'], 'name': 'ZNF10-human', 'label': 'ZNF10', '@id': '/targets/ZNF10-human/', 'title': 'ZNF10 (Homo sapiens)', 'investigated_as': ['transcription factor'], 'uuid': '85c41155-e4f1-4b06-b99a-df5124dbed84', 'status': 'released'}				ZNF10-human	DNA				formaldehyde		2017-04-06	ENCODE			450-650	1, 2	1_1, 2_1							/files/ENCFF223BAL/, /files/ENCFF419RSJ/, /files/ENCFF653BEU/, /files/ENCFF679SSP/	347645	ENCODE Processing Pipeline	62eb23863d1bb302157f7282d3536d34		https://www.encodeproject.org/files/ENCFF315FFJ/@@download/ENCFF315FFJ.bed.gz				released	s3://encode-public/2017/03/06/0648c677-f546-4d98-b5f5-8a2fbb4b62bb/ENCFF315FFJ.bed.gz	https://datasetencode.blob.core.windows.net/dataset/2017/03/06/0648c677-f546-4d98-b5f5-8a2fbb4b62bb/ENCFF315FFJ.bed.gz?sv=2019-10-10&si=prod&sr=c&sig=9qSQZo4ggrCNpybBExU8SypuUZV33igI11xw0P7rB3c%3D	ENCODE3 GRCh38	archived	missing biosample characterization, missing genetic modification characterization		
ENCFF708RSP	bed narrowPeak	bed	narrowPeak	optimal IDR thresholded peaks	GRCh38	ENCSR090ZDO	TF ChIP-seq	/human-donors/ENCDO000ABF/	EFO:0001184	HEK293T	cell line	Homo sapiens										SUZ12-human	DNA						2016-11-18	ENCODE			450-650	1, 2	1_1, 2_1							/files/ENCFF028TUB/, /files/ENCFF419RSJ/, /files/ENCFF193JDJ/, /files/ENCFF908CAI/	21199	ENCODE Processing Pipeline	be035e1bf01d7c2d0b9008b79c244ce8		https://www.encodeproject.org/files/ENCFF708RSP/@@download/ENCFF708RSP.bed.gz				released	s3://encode-public/2016/11/02/bfea506a-3caf-498f-b7d7-c000f047f42b/ENCFF708RSP.bed.gz	https://datasetencode.blob.core.windows.net/dataset/2016/11/02/bfea506a-3caf-498f-b7d7-c000f047f42b/ENCFF708RSP.bed.gz?sv=2019-10-10&si=prod&sr=c&sig=9qSQZo4ggrCNpybBExU8SypuUZV33igI11xw0P7rB3c%3D	ENCODE3 GRCh38	archived	mild to moderate bottlenecking		
ENCFF303TSY	bed narrowPeak	bed	narrowPeak	optimal IDR thresholded peaks	GRCh38	ENCSR397DQC	TF ChIP-seq	/human-donors/ENCDO000ABF/	EFO:0001182	HEK293	cell line	Homo sapiens				site-specific recombination	insertion	{'dbxrefs': ['FactorBook:KLF16'], 'aliases': [], 'organism': {'schema_version': '6', '@type': ['Organism', 'Item'], 'name': 'human', 'taxon_id': '9606', 'scientific_name': 'Homo sapiens', '@id': '/organisms/human/', 'uuid': '7745b647-ff15-4ff3-9ced-b897d4e2983c', 'status': 'released'}, 'genes': ['/genes/83855/'], '@type': ['Target', 'Item'], 'label': 'KLF16', 'title': 'KLF16 (Homo sapiens)', 'investigated_as': ['transcription factor'], 'uuid': '44d985ce-a4eb-479d-a0f4-b84cc74a9981', 'schema_version': '14', 'name': 'KLF16-human', '@id': '/targets/KLF16-human/', 'status': 'released'}				KLF16-human	DNA				formaldehyde		2017-04-05	ENCODE			450-650	1, 2	1_1, 2_1							/files/ENCFF419RSJ/, /files/ENCFF852ADG/, /files/ENCFF051ASE/, /files/ENCFF262ZLR/	333858	ENCODE Processing Pipeline	b4af5ca2759effb663b75927f28af398		https://www.encodeproject.org/files/ENCFF303TSY/@@download/ENCFF303TSY.bed.gz				released	s3://encode-public/2016/11/01/7dc89539-cb0a-428d-844d-940e7d624e73/ENCFF303TSY.bed.gz	https://datasetencode.blob.core.windows.net/dataset/2016/11/01/7dc89539-cb0a-428d-844d-940e7d624e73/ENCFF303TSY.bed.gz?sv=2019-10-10&si=prod&sr=c&sig=9qSQZo4ggrCNpybBExU8SypuUZV33igI11xw0P7rB3c%3D	ENCODE3 GRCh38	archived	missing biosample characterization, missing genetic modification characterization		
ENCFF565NIW	bed narrowPeak	bed	narrowPeak	optimal IDR thresholded peaks	GRCh38	ENCSR146NLL	TF ChIP-seq	/human-donors/ENCDO000ABF/	EFO:0001182	HEK293	cell line	Homo sapiens				site-specific recombination	insertion	{'schema_version': '14', 'aliases': [], 'organism': {'schema_version': '6', '@type': ['Organism', 'Item'], 'name': 'human', 'taxon_id': '9606', 'scientific_name': 'Homo sapiens', '@id': '/organisms/human/', 'uuid': '7745b647-ff15-4ff3-9ced-b897d4e2983c', 'status': 'released'}, 'genes': ['/genes/29803/'], '@type': ['Target', 'Item'], 'name': 'REPIN1-human', 'label': 'REPIN1', '@id': '/targets/REPIN1-human/', 'title': 'REPIN1 (Homo sapiens)', 'investigated_as': ['RNA binding protein'], 'uuid': '0c86c6e7-9a31-423c-82ce-04263859d026', 'status': 'released'}				REPIN1-human	DNA				formaldehyde		2017-03-07	ENCODE			450-650	1, 3	1_1, 3_1							/files/ENCFF175PLP/, /files/ENCFF419RSJ/, /files/ENCFF227XGX/, /files/ENCFF494HVT/	119619	ENCODE Processing Pipeline	e606535cd11c3d9b599ce057515a51b2		https://www.encodeproject.org/files/ENCFF565NIW/@@download/ENCFF565NIW.bed.gz				released	s3://encode-public/2017/02/08/cefc593a-8efd-46b8-8f08-69b5a639c5f4/ENCFF565NIW.bed.gz	https://datasetencode.blob.core.windows.net/dataset/2017/02/08/cefc593a-8efd-46b8-8f08-69b5a639c5f4/ENCFF565NIW.bed.gz?sv=2019-10-10&si=prod&sr=c&sig=9qSQZo4ggrCNpybBExU8SypuUZV33igI11xw0P7rB3c%3D	ENCODE3 GRCh38	archived	low read depth, missing biosample characterization, missing genetic modification characterization		
ENCFF829NNC	bed narrowPeak	bed	narrowPeak	optimal IDR thresholded peaks	GRCh38	ENCSR218GSN	TF ChIP-seq	/human-donors/ENCDO000ABF/	EFO:0001184	HEK293T	cell line	Homo sapiens										ZFX-human	DNA						2017-07-21	ENCODE			450-650	1, 2	1_1, 2_1							/files/ENCFF171CTM/, /files/ENCFF459AED/, /files/ENCFF419RSJ/, /files/ENCFF474EJT/	433703	ENCODE Processing Pipeline	44b02d2946f4360d77cfdf9f3ceeb829		https://www.encodeproject.org/files/ENCFF829NNC/@@download/ENCFF829NNC.bed.gz				released	s3://encode-public/2017/07/21/f8fcb14f-769d-4347-ac2e-75ed86d911a5/ENCFF829NNC.bed.gz	https://datasetencode.blob.core.windows.net/dataset/2017/07/21/f8fcb14f-769d-4347-ac2e-75ed86d911a5/ENCFF829NNC.bed.gz?sv=2019-10-10&si=prod&sr=c&sig=9qSQZo4ggrCNpybBExU8SypuUZV33igI11xw0P7rB3c%3D	ENCODE3 GRCh38	archived	antibody characterized with exemption		
ENCFF127PKO	bed narrowPeak	bed	narrowPeak	optimal IDR thresholded peaks	GRCh38	ENCSR125ULS	TF ChIP-seq	/human-donors/ENCDO000ABF/	EFO:0001182	HEK293	cell line	Homo sapiens				site-specific recombination	insertion	{'schema_version': '14', 'aliases': ['michael-snyder:TS-908'], 'organism': {'schema_version': '6', '@type': ['Organism', 'Item'], 'name': 'human', 'taxon_id': '9606', 'scientific_name': 'Homo sapiens', '@id': '/organisms/human/', 'uuid': '7745b647-ff15-4ff3-9ced-b897d4e2983c', 'status': 'released'}, 'genes': ['/genes/93134/'], '@type': ['Target', 'Item'], 'name': 'ZNF561-human', 'label': 'ZNF561', '@id': '/targets/ZNF561-human/', 'title': 'ZNF561 (Homo sapiens)', 'investigated_as': ['transcription factor'], 'uuid': 'cb0d60b5-e2eb-4b5a-8492-e8fdd2c7bf84', 'status': 'released'}				ZNF561-human	DNA						2018-07-11	ENCODE			450-650	2, 3	2_1, 3_1							/files/ENCFF419RSJ/, /files/ENCFF832RIE/, /files/ENCFF662GAF/, /files/ENCFF436TIQ/	451062	ENCODE Processing Pipeline	de04a7d95dde771850a01cfbcf222912		https://www.encodeproject.org/files/ENCFF127PKO/@@download/ENCFF127PKO.bed.gz				released	s3://encode-public/2018/04/18/cf0b0096-a63b-41dc-a1a9-6b833c6e0956/ENCFF127PKO.bed.gz	https://datasetencode.blob.core.windows.net/dataset/2018/04/18/cf0b0096-a63b-41dc-a1a9-6b833c6e0956/ENCFF127PKO.bed.gz?sv=2019-10-10&si=prod&sr=c&sig=9qSQZo4ggrCNpybBExU8SypuUZV33igI11xw0P7rB3c%3D	ENCODE3 GRCh38	archived	missing biosample characterization, borderline replicate concordance, missing genetic modification characterization		
ENCFF713BAD	bed narrowPeak	bed	narrowPeak	optimal IDR thresholded peaks	GRCh38	ENCSR070HWF	TF ChIP-seq	/human-donors/ENCDO000ABF/	EFO:0001182	HEK293	cell line	Homo sapiens				site-specific recombination	insertion	{'schema_version': '14', 'aliases': [], 'organism': {'schema_version': '6', '@type': ['Organism', 'Item'], 'name': 'human', 'taxon_id': '9606', 'scientific_name': 'Homo sapiens', '@id': '/organisms/human/', 'uuid': '7745b647-ff15-4ff3-9ced-b897d4e2983c', 'status': 'released'}, 'genes': ['/genes/79724/'], '@type': ['Target', 'Item'], 'name': 'ZNF768-human', 'label': 'ZNF768', '@id': '/targets/ZNF768-human/', 'title': 'ZNF768 (Homo sapiens)', 'investigated_as': ['RNA binding protein'], 'uuid': 'f31a6534-ab50-4208-8890-8b90c1a9e78b', 'status': 'released'}				ZNF768-human	DNA				formaldehyde		2018-01-29	ENCODE			450-650	1, 2	1_1, 2_1							/files/ENCFF093TRT/, /files/ENCFF513DUL/, /files/ENCFF414NBA/, /files/ENCFF419RSJ/	143365	ENCODE Processing Pipeline	f4219627b1a9d47ec3fd2c6dce00021f		https://www.encodeproject.org/files/ENCFF713BAD/@@download/ENCFF713BAD.bed.gz				released	s3://encode-public/2017/12/08/4e4e0a57-18eb-4ed9-96c8-dcdb973993f3/ENCFF713BAD.bed.gz	https://datasetencode.blob.core.windows.net/dataset/2017/12/08/4e4e0a57-18eb-4ed9-96c8-dcdb973993f3/ENCFF713BAD.bed.gz?sv=2019-10-10&si=prod&sr=c&sig=9qSQZo4ggrCNpybBExU8SypuUZV33igI11xw0P7rB3c%3D	ENCODE3 GRCh38	archived	mild to moderate bottlenecking, missing biosample characterization, missing genetic modification characterization		
ENCFF887JQV	bed narrowPeak	bed	narrowPeak	optimal IDR thresholded peaks	GRCh38	ENCSR328SUD	TF ChIP-seq	/human-donors/ENCDO000ABF/	EFO:0001182	HEK293	cell line	Homo sapiens				site-specific recombination	insertion	{'schema_version': '14', 'aliases': [], 'organism': {'schema_version': '6', '@type': ['Organism', 'Item'], 'name': 'human', 'taxon_id': '9606', 'scientific_name': 'Homo sapiens', '@id': '/organisms/human/', 'uuid': '7745b647-ff15-4ff3-9ced-b897d4e2983c', 'status': 'released'}, 'genes': ['/genes/63925/'], '@type': ['Target', 'Item'], 'name': 'ZNF335-human', 'label': 'ZNF335', '@id': '/targets/ZNF335-human/', 'title': 'ZNF335 (Homo sapiens)', 'investigated_as': ['chromatin remodeler'], 'uuid': 'e7ecc058-29ae-487e-b93c-c689c8cf3c38', 'status': 'released'}				ZNF335-human	DNA				formaldehyde		2016-10-07	ENCODE			450-650	1, 2	1_1, 2_1							/files/ENCFF888NXY/, /files/ENCFF814KER/, /files/ENCFF419RSJ/, /files/ENCFF473AUB/	1251291	ENCODE Processing Pipeline	3fa00bd8f4c96b03468160c3f24f175e		https://www.encodeproject.org/files/ENCFF887JQV/@@download/ENCFF887JQV.bed.gz				released	s3://encode-public/2016/11/01/1fd2dc0d-d796-459b-a970-b7593fb1e568/ENCFF887JQV.bed.gz	https://datasetencode.blob.core.windows.net/dataset/2016/11/01/1fd2dc0d-d796-459b-a970-b7593fb1e568/ENCFF887JQV.bed.gz?sv=2019-10-10&si=prod&sr=c&sig=9qSQZo4ggrCNpybBExU8SypuUZV33igI11xw0P7rB3c%3D	ENCODE3 GRCh38	archived	missing biosample characterization, missing genetic modification characterization		
ENCFF156RLT	bed narrowPeak	bed	narrowPeak	optimal IDR thresholded peaks	GRCh38	ENCSR862PNL	TF ChIP-seq	/human-donors/ENCDO000ABF/	EFO:0001184	HEK293T	cell line	Homo sapiens										L3MBTL2-human	DNA						2016-11-21	ENCODE			450-650	1, 2	1_1, 2_1							/files/ENCFF447PKR/, /files/ENCFF555ZFI/, /files/ENCFF419RSJ/, /files/ENCFF919GWY/	491941	ENCODE Processing Pipeline	c9ca67a59bfc42a971106cc150a59497		https://www.encodeproject.org/files/ENCFF156RLT/@@download/ENCFF156RLT.bed.gz				released	s3://encode-public/2016/11/02/d0b9f022-54c8-46b8-b4b7-fd3b009eaebd/ENCFF156RLT.bed.gz	https://datasetencode.blob.core.windows.net/dataset/2016/11/02/d0b9f022-54c8-46b8-b4b7-fd3b009eaebd/ENCFF156RLT.bed.gz?sv=2019-10-10&si=prod&sr=c&sig=9qSQZo4ggrCNpybBExU8SypuUZV33igI11xw0P7rB3c%3D	ENCODE3 GRCh38	archived	mild to moderate bottlenecking		
ENCFF824YMX	bed narrowPeak	bed	narrowPeak	optimal IDR thresholded peaks	GRCh38	ENCSR163RYW	TF ChIP-seq	/human-donors/ENCDO000ABF/	EFO:0001182	HEK293	cell line	Homo sapiens				site-specific recombination	insertion	{'schema_version': '14', 'aliases': [], 'organism': {'schema_version': '6', '@type': ['Organism', 'Item'], 'name': 'human', 'taxon_id': '9606', 'scientific_name': 'Homo sapiens', '@id': '/organisms/human/', 'uuid': '7745b647-ff15-4ff3-9ced-b897d4e2983c', 'status': 'released'}, 'genes': ['/genes/7743/'], '@type': ['Target', 'Item'], 'name': 'ZNF189-human', 'label': 'ZNF189', '@id': '/targets/ZNF189-human/', 'title': 'ZNF189 (Homo sapiens)', 'investigated_as': ['transcription factor'], 'uuid': 'f08b546c-77a5-4a14-b402-2424cda3e0a6', 'status': 'released'}				ZNF189-human	DNA				formaldehyde		2017-11-28	ENCODE			450-650	1, 2	1_1, 2_1							/files/ENCFF613WKG/, /files/ENCFF419RSJ/, /files/ENCFF159RSM/, /files/ENCFF646KAN/	734290	ENCODE Processing Pipeline	03bfee7ee344daa8663e80822480b3ad		https://www.encodeproject.org/files/ENCFF824YMX/@@download/ENCFF824YMX.bed.gz				released	s3://encode-public/2017/11/21/b6a6b3b8-60d8-4254-aea6-1896ed07e5d1/ENCFF824YMX.bed.gz	https://datasetencode.blob.core.windows.net/dataset/2017/11/21/b6a6b3b8-60d8-4254-aea6-1896ed07e5d1/ENCFF824YMX.bed.gz?sv=2019-10-10&si=prod&sr=c&sig=9qSQZo4ggrCNpybBExU8SypuUZV33igI11xw0P7rB3c%3D	ENCODE3 GRCh38	archived	mild to moderate bottlenecking, missing biosample characterization, missing genetic modification characterization		
ENCFF237SGW	bed narrowPeak	bed	narrowPeak	optimal IDR thresholded peaks	GRCh38	ENCSR185QFX	TF ChIP-seq	/human-donors/ENCDO000ABF/	EFO:0001182	HEK293	cell line	Homo sapiens				site-specific recombination	insertion	{'schema_version': '14', 'aliases': ['michael-snyder:TS-687'], 'organism': {'schema_version': '6', '@type': ['Organism', 'Item'], 'name': 'human', 'taxon_id': '9606', 'scientific_name': 'Homo sapiens', '@id': '/organisms/human/', 'uuid': '7745b647-ff15-4ff3-9ced-b897d4e2983c', 'status': 'released'}, 'genes': ['/genes/256051/'], '@type': ['Target', 'Item'], 'name': 'ZNF549-human', 'label': 'ZNF549', '@id': '/targets/ZNF549-human/', 'title': 'ZNF549 (Homo sapiens)', 'investigated_as': ['transcription factor'], 'uuid': '393443cb-3ee9-4825-86a6-eea6e1a3f0e9', 'status': 'released'}				ZNF549-human	DNA						2018-07-11	ENCODE			450-650	2, 3	2_1, 3_1							/files/ENCFF136TPA/, /files/ENCFF717UFX/, /files/ENCFF013SWW/, /files/ENCFF419RSJ/	91395	ENCODE Processing Pipeline	49ada59e4d3a186e7af5dcd3d8a7b108		https://www.encodeproject.org/files/ENCFF237SGW/@@download/ENCFF237SGW.bed.gz				released	s3://encode-public/2018/04/18/d06459d6-b408-4ace-b81d-9862b7ffd226/ENCFF237SGW.bed.gz	https://datasetencode.blob.core.windows.net/dataset/2018/04/18/d06459d6-b408-4ace-b81d-9862b7ffd226/ENCFF237SGW.bed.gz?sv=2019-10-10&si=prod&sr=c&sig=9qSQZo4ggrCNpybBExU8SypuUZV33igI11xw0P7rB3c%3D	ENCODE3 GRCh38	released	missing biosample characterization, inconsistent platforms, missing genetic modification characterization, mild to moderate bottlenecking, moderate library complexity		
ENCFF772OQU	bed narrowPeak	bed	narrowPeak	optimal IDR thresholded peaks	GRCh38	ENCSR676ZEF	TF ChIP-seq	/human-donors/ENCDO000ABF/	EFO:0001182	HEK293	cell line	Homo sapiens				site-specific recombination	insertion	{'schema_version': '14', 'aliases': ['michael-snyder:TS-1156'], 'organism': {'schema_version': '6', '@type': ['Organism', 'Item'], 'name': 'human', 'taxon_id': '9606', 'scientific_name': 'Homo sapiens', '@id': '/organisms/human/', 'uuid': '7745b647-ff15-4ff3-9ced-b897d4e2983c', 'status': 'released'}, 'genes': ['/genes/57541/'], '@type': ['Target', 'Item'], 'name': 'ZNF398-human', 'label': 'ZNF398', '@id': '/targets/ZNF398-human/', 'title': 'ZNF398 (Homo sapiens)', 'investigated_as': ['transcription factor'], 'uuid': '3489bb82-57e5-4bbd-b63a-5158c8d32f03', 'status': 'released'}				ZNF398-human	DNA				formaldehyde		2017-04-06	ENCODE			450-650	1, 2	1_1, 2_1							/files/ENCFF414UZY/, /files/ENCFF054JCE/, /files/ENCFF546BAG/, /files/ENCFF419RSJ/	534386	ENCODE Processing Pipeline	7dfdbefb3c3af62e6495bc2f8bd35d29		https://www.encodeproject.org/files/ENCFF772OQU/@@download/ENCFF772OQU.bed.gz				released	s3://encode-public/2017/02/15/c822cb80-d213-428b-a49b-db5d8226c450/ENCFF772OQU.bed.gz	https://datasetencode.blob.core.windows.net/dataset/2017/02/15/c822cb80-d213-428b-a49b-db5d8226c450/ENCFF772OQU.bed.gz?sv=2019-10-10&si=prod&sr=c&sig=9qSQZo4ggrCNpybBExU8SypuUZV33igI11xw0P7rB3c%3D	ENCODE3 GRCh38	archived	missing biosample characterization, missing genetic modification characterization		
ENCFF901CWB	bed narrowPeak	bed	narrowPeak	optimal IDR thresholded peaks	GRCh38	ENCSR440COG	TF ChIP-seq	/human-donors/ENCDO000ABF/	EFO:0001182	HEK293	cell line	Homo sapiens				site-specific recombination	insertion	{'schema_version': '14', 'aliases': [], 'organism': {'schema_version': '6', '@type': ['Organism', 'Item'], 'name': 'human', 'taxon_id': '9606', 'scientific_name': 'Homo sapiens', '@id': '/organisms/human/', 'uuid': '7745b647-ff15-4ff3-9ced-b897d4e2983c', 'status': 'released'}, 'genes': ['/genes/8187/'], '@type': ['Target', 'Item'], 'name': 'ZNF239-human', 'label': 'ZNF239', '@id': '/targets/ZNF239-human/', 'title': 'ZNF239 (Homo sapiens)', 'investigated_as': ['transcription factor'], 'uuid': '979347b7-1591-4b19-8e26-b6160815c768', 'status': 'released'}				ZNF239-human	DNA				formaldehyde		2016-10-07	ENCODE			450-650	1, 2	1_1, 2_1							/files/ENCFF419RSJ/, /files/ENCFF645BFB/, /files/ENCFF295AAT/, /files/ENCFF575OMV/	93727	ENCODE Processing Pipeline	69c63fa09ae460ac0ae345895d778099		https://www.encodeproject.org/files/ENCFF901CWB/@@download/ENCFF901CWB.bed.gz				released	s3://encode-public/2016/10/28/10ffc712-88a6-458e-a6a6-b2a2014a801e/ENCFF901CWB.bed.gz	https://datasetencode.blob.core.windows.net/dataset/2016/10/28/10ffc712-88a6-458e-a6a6-b2a2014a801e/ENCFF901CWB.bed.gz?sv=2019-10-10&si=prod&sr=c&sig=9qSQZo4ggrCNpybBExU8SypuUZV33igI11xw0P7rB3c%3D	ENCODE3 GRCh38	archived	missing biosample characterization, missing genetic modification characterization		
ENCFF532KPP	bed narrowPeak	bed	narrowPeak	optimal IDR thresholded peaks	GRCh38	ENCSR906PEI	TF ChIP-seq	/human-donors/ENCDO000ABF/	EFO:0001184	HEK293T	cell line	Homo sapiens										SP1-human	DNA						2017-05-18	ENCODE			450-650	1, 2	1_1, 2_1							/files/ENCFF225PQO/, /files/ENCFF946BKQ/, /files/ENCFF419RSJ/, /files/ENCFF088YYD/	23960	ENCODE Processing Pipeline	39458ea36461b1b16c304b951f6e23fc		https://www.encodeproject.org/files/ENCFF532KPP/@@download/ENCFF532KPP.bed.gz				released	s3://encode-public/2016/11/18/b9b918c5-9ce1-44f7-a6ce-1f245d58fdd2/ENCFF532KPP.bed.gz	https://datasetencode.blob.core.windows.net/dataset/2016/11/18/b9b918c5-9ce1-44f7-a6ce-1f245d58fdd2/ENCFF532KPP.bed.gz?sv=2019-10-10&si=prod&sr=c&sig=9qSQZo4ggrCNpybBExU8SypuUZV33igI11xw0P7rB3c%3D	ENCODE3 GRCh38	archived			
ENCFF265LNU	bed narrowPeak	bed	narrowPeak	optimal IDR thresholded peaks	GRCh38	ENCSR517DDU	TF ChIP-seq	/human-donors/ENCDO000ABF/	EFO:0001182	HEK293	cell line	Homo sapiens				site-specific recombination	insertion	{'schema_version': '14', 'aliases': ['michael-snyder:TS-726'], 'organism': {'schema_version': '6', '@type': ['Organism', 'Item'], 'name': 'human', 'taxon_id': '9606', 'scientific_name': 'Homo sapiens', '@id': '/organisms/human/', 'uuid': '7745b647-ff15-4ff3-9ced-b897d4e2983c', 'status': 'released'}, 'genes': ['/genes/197407/'], '@type': ['Target', 'Item'], 'name': 'ZNF48-human', 'label': 'ZNF48', '@id': '/targets/ZNF48-human/', 'title': 'ZNF48 (Homo sapiens)', 'investigated_as': ['transcription factor'], 'uuid': 'f8005c26-118f-4b0f-a1e7-ccaff4c5e135', 'status': 'released'}				ZNF48-human	DNA				formaldehyde		2016-10-14	ENCODE			450-650	1, 2	1_1, 2_1							/files/ENCFF477PDI/, /files/ENCFF419RSJ/, /files/ENCFF059RUJ/, /files/ENCFF874UPM/	15318	ENCODE Processing Pipeline	5a4c3a8d05fee7df1e942ba94ae217fc		https://www.encodeproject.org/files/ENCFF265LNU/@@download/ENCFF265LNU.bed.gz				released	s3://encode-public/2018/02/15/81e65422-1869-424b-9ba6-fffacf6424f7/ENCFF265LNU.bed.gz	https://datasetencode.blob.core.windows.net/dataset/2018/02/15/81e65422-1869-424b-9ba6-fffacf6424f7/ENCFF265LNU.bed.gz?sv=2019-10-10&si=prod&sr=c&sig=9qSQZo4ggrCNpybBExU8SypuUZV33igI11xw0P7rB3c%3D	ENCODE3 GRCh38	archived	missing biosample characterization, missing genetic modification characterization		
ENCFF554RDX	bed narrowPeak	bed	narrowPeak	optimal IDR thresholded peaks	GRCh38	ENCSR242BGR	TF ChIP-seq	/human-donors/ENCDO000ABF/	EFO:0001182	HEK293	cell line	Homo sapiens				site-specific recombination	insertion	{'schema_version': '14', 'aliases': [], 'organism': {'schema_version': '6', '@type': ['Organism', 'Item'], 'name': 'human', 'taxon_id': '9606', 'scientific_name': 'Homo sapiens', '@id': '/organisms/human/', 'uuid': '7745b647-ff15-4ff3-9ced-b897d4e2983c', 'status': 'released'}, 'genes': ['/genes/54989/'], '@type': ['Target', 'Item'], 'name': 'ZNF770-human', 'label': 'ZNF770', '@id': '/targets/ZNF770-human/', 'title': 'ZNF770 (Homo sapiens)', 'investigated_as': ['transcription factor'], 'uuid': '11fb841a-8399-4807-9e3a-ea91edc15892', 'status': 'released'}				ZNF770-human	DNA				formaldehyde		2018-01-29	ENCODE			450-650	1, 2	1_1, 2_1							/files/ENCFF862UFU/, /files/ENCFF505QMF/, /files/ENCFF419RSJ/, /files/ENCFF053MHP/	1044618	ENCODE Processing Pipeline	7553d7254e2d58dfe807df5479d9eb4b		https://www.encodeproject.org/files/ENCFF554RDX/@@download/ENCFF554RDX.bed.gz				released	s3://encode-public/2017/12/08/8cc494d6-d4eb-44cc-926b-8acf710d3cd8/ENCFF554RDX.bed.gz	https://datasetencode.blob.core.windows.net/dataset/2017/12/08/8cc494d6-d4eb-44cc-926b-8acf710d3cd8/ENCFF554RDX.bed.gz?sv=2019-10-10&si=prod&sr=c&sig=9qSQZo4ggrCNpybBExU8SypuUZV33igI11xw0P7rB3c%3D	ENCODE3 GRCh38	archived	mild to moderate bottlenecking, low read depth, missing biosample characterization, missing genetic modification characterization		
ENCFF395BHY	bed narrowPeak	bed	narrowPeak	optimal IDR thresholded peaks	GRCh38	ENCSR714LYA	TF ChIP-seq	/human-donors/ENCDO000ABF/	EFO:0001182	HEK293	cell line	Homo sapiens				site-specific recombination	insertion	{'schema_version': '14', 'aliases': [], 'organism': {'schema_version': '6', '@type': ['Organism', 'Item'], 'name': 'human', 'taxon_id': '9606', 'scientific_name': 'Homo sapiens', '@id': '/organisms/human/', 'uuid': '7745b647-ff15-4ff3-9ced-b897d4e2983c', 'status': 'released'}, 'genes': ['/genes/7799/'], '@type': ['Target', 'Item'], 'name': 'PRDM2-human', 'label': 'PRDM2', '@id': '/targets/PRDM2-human/', 'title': 'PRDM2 (Homo sapiens)', 'investigated_as': ['transcription factor'], 'uuid': 'd77037dc-f2e0-4dda-8dff-84f9ef392de4', 'status': 'released'}				PRDM2-human	DNA				formaldehyde		2016-10-25	ENCODE			450-650	1, 2	1_1, 2_1							/files/ENCFF808WHP/, /files/ENCFF419RSJ/, /files/ENCFF403FXI/, /files/ENCFF200FDL/	80948	ENCODE Processing Pipeline	3a86a18c57c74d494b924ac92b7672ef		https://www.encodeproject.org/files/ENCFF395BHY/@@download/ENCFF395BHY.bed.gz				released	s3://encode-public/2016/10/28/911d8451-b205-4704-b8a9-4cb586f77a0c/ENCFF395BHY.bed.gz	https://datasetencode.blob.core.windows.net/dataset/2016/10/28/911d8451-b205-4704-b8a9-4cb586f77a0c/ENCFF395BHY.bed.gz?sv=2019-10-10&si=prod&sr=c&sig=9qSQZo4ggrCNpybBExU8SypuUZV33igI11xw0P7rB3c%3D	ENCODE3 GRCh38	archived	missing biosample characterization, missing genetic modification characterization, borderline replicate concordance		
ENCFF980EGS	bed narrowPeak	bed	narrowPeak	optimal IDR thresholded peaks	GRCh38	ENCSR892ZTO	TF ChIP-seq	/human-donors/ENCDO000ABF/	EFO:0001182	HEK293	cell line	Homo sapiens				site-specific recombination	insertion	{'schema_version': '14', 'aliases': ['michael-snyder:TS-820'], 'organism': {'schema_version': '6', '@type': ['Organism', 'Item'], 'name': 'human', 'taxon_id': '9606', 'scientific_name': 'Homo sapiens', '@id': '/organisms/human/', 'uuid': '7745b647-ff15-4ff3-9ced-b897d4e2983c', 'status': 'released'}, 'genes': ['/genes/147694/'], '@type': ['Target', 'Item'], 'name': 'ZNF548-human', 'label': 'ZNF548', '@id': '/targets/ZNF548-human/', 'title': 'ZNF548 (Homo sapiens)', 'investigated_as': ['transcription factor'], 'uuid': 'b620b020-576b-4089-b80b-32327c2a598f', 'status': 'released'}				ZNF548-human	DNA				formaldehyde		2016-12-19	ENCODE			450-650	1, 2	1_1, 2_1							/files/ENCFF750PHG/, /files/ENCFF419RSJ/, /files/ENCFF831QXZ/, /files/ENCFF527RRN/	70406	ENCODE Processing Pipeline	206f38127cb131916d3aed06153b4f4e		https://www.encodeproject.org/files/ENCFF980EGS/@@download/ENCFF980EGS.bed.gz				released	s3://encode-public/2016/12/16/3e1e024c-87ef-4a1d-9bb5-f2b2a59500b5/ENCFF980EGS.bed.gz	https://datasetencode.blob.core.windows.net/dataset/2016/12/16/3e1e024c-87ef-4a1d-9bb5-f2b2a59500b5/ENCFF980EGS.bed.gz?sv=2019-10-10&si=prod&sr=c&sig=9qSQZo4ggrCNpybBExU8SypuUZV33igI11xw0P7rB3c%3D	ENCODE3 GRCh38	archived	missing biosample characterization, missing genetic modification characterization		
ENCFF032IPA	bed narrowPeak	bed	narrowPeak	optimal IDR thresholded peaks	GRCh38	ENCSR854ORP	TF ChIP-seq	/human-donors/ENCDO000ABF/	EFO:0001182	HEK293	cell line	Homo sapiens				site-specific recombination	insertion	{'schema_version': '14', 'aliases': [], 'organism': {'schema_version': '6', '@type': ['Organism', 'Item'], 'name': 'human', 'taxon_id': '9606', 'scientific_name': 'Homo sapiens', '@id': '/organisms/human/', 'uuid': '7745b647-ff15-4ff3-9ced-b897d4e2983c', 'status': 'released'}, 'genes': ['/genes/59348/'], '@type': ['Target', 'Item'], 'name': 'ZNF350-human', 'label': 'ZNF350', '@id': '/targets/ZNF350-human/', 'title': 'ZNF350 (Homo sapiens)', 'investigated_as': ['transcription factor'], 'uuid': '5d0ea06a-ae0b-4a4a-9297-1cb18403de0e', 'status': 'released'}				ZNF350-human	DNA				formaldehyde		2017-04-06	ENCODE			450-650	1, 2	1_1, 2_1							/files/ENCFF962ASN/, /files/ENCFF419RSJ/, /files/ENCFF056YMS/, /files/ENCFF354UKT/	67751	ENCODE Processing Pipeline	80880f36314d4d298d69b2ca3789ea0c		https://www.encodeproject.org/files/ENCFF032IPA/@@download/ENCFF032IPA.bed.gz				released	s3://encode-public/2017/03/06/f39fd556-a8b5-438c-a901-5873e689403a/ENCFF032IPA.bed.gz	https://datasetencode.blob.core.windows.net/dataset/2017/03/06/f39fd556-a8b5-438c-a901-5873e689403a/ENCFF032IPA.bed.gz?sv=2019-10-10&si=prod&sr=c&sig=9qSQZo4ggrCNpybBExU8SypuUZV33igI11xw0P7rB3c%3D	ENCODE3 GRCh38	archived	mild to moderate bottlenecking, missing biosample characterization, missing genetic modification characterization		
ENCFF825PWD	bed narrowPeak	bed	narrowPeak	optimal IDR thresholded peaks	GRCh38	ENCSR689YFA	TF ChIP-seq	/human-donors/ENCDO000ABF/	EFO:0001182	HEK293	cell line	Homo sapiens				site-specific recombination	insertion	{'schema_version': '14', 'aliases': [], 'organism': {'schema_version': '6', '@type': ['Organism', 'Item'], 'name': 'human', 'taxon_id': '9606', 'scientific_name': 'Homo sapiens', '@id': '/organisms/human/', 'uuid': '7745b647-ff15-4ff3-9ced-b897d4e2983c', 'status': 'released'}, 'genes': ['/genes/7705/'], '@type': ['Target', 'Item'], 'name': 'ZNF146-human', 'label': 'ZNF146', '@id': '/targets/ZNF146-human/', 'title': 'ZNF146 (Homo sapiens)', 'investigated_as': ['transcription factor'], 'uuid': '12e914c0-5569-4baf-9c49-9cae0a875331', 'status': 'released'}				ZNF146-human	DNA				formaldehyde		2016-10-07	ENCODE			450-650	1, 2	1_1, 2_1							/files/ENCFF268BIQ/, /files/ENCFF419RSJ/, /files/ENCFF714VZJ/, /files/ENCFF640WZZ/	648079	ENCODE Processing Pipeline	1c4e72148c2d4ca702bbbcec9db87a0d		https://www.encodeproject.org/files/ENCFF825PWD/@@download/ENCFF825PWD.bed.gz				released	s3://encode-public/2016/11/01/76a2b7d1-76bc-4f84-9e15-22a026ad8e7e/ENCFF825PWD.bed.gz	https://datasetencode.blob.core.windows.net/dataset/2016/11/01/76a2b7d1-76bc-4f84-9e15-22a026ad8e7e/ENCFF825PWD.bed.gz?sv=2019-10-10&si=prod&sr=c&sig=9qSQZo4ggrCNpybBExU8SypuUZV33igI11xw0P7rB3c%3D	ENCODE3 GRCh38	archived	missing biosample characterization, missing genetic modification characterization		
ENCFF258PUP	bed narrowPeak	bed	narrowPeak	optimal IDR thresholded peaks	GRCh38	ENCSR858FAN	TF ChIP-seq	/human-donors/ENCDO000ABF/	EFO:0001182	HEK293	cell line	Homo sapiens				site-specific recombination	insertion	{'schema_version': '14', 'aliases': ['michael-snyder:TS-655'], 'organism': {'schema_version': '6', '@type': ['Organism', 'Item'], 'name': 'human', 'taxon_id': '9606', 'scientific_name': 'Homo sapiens', '@id': '/organisms/human/', 'uuid': '7745b647-ff15-4ff3-9ced-b897d4e2983c', 'status': 'released'}, 'genes': ['/genes/285268/'], '@type': ['Target', 'Item'], 'name': 'ZNF621-human', 'label': 'ZNF621', '@id': '/targets/ZNF621-human/', 'title': 'ZNF621 (Homo sapiens)', 'investigated_as': ['transcription factor'], 'uuid': '2f891b81-fe70-4436-884f-bc5782863710', 'status': 'released'}				ZNF621-human	DNA				formaldehyde		2017-04-06	ENCODE			450-650	1, 2	1_1, 2_1							/files/ENCFF480ZWT/, /files/ENCFF913CBA/, /files/ENCFF745LIP/, /files/ENCFF419RSJ/	40882	ENCODE Processing Pipeline	be654bb592706cc8081440291484f18c		https://www.encodeproject.org/files/ENCFF258PUP/@@download/ENCFF258PUP.bed.gz				released	s3://encode-public/2017/02/15/5a56b58e-5bef-4a6d-a2ea-c9854e04916b/ENCFF258PUP.bed.gz	https://datasetencode.blob.core.windows.net/dataset/2017/02/15/5a56b58e-5bef-4a6d-a2ea-c9854e04916b/ENCFF258PUP.bed.gz?sv=2019-10-10&si=prod&sr=c&sig=9qSQZo4ggrCNpybBExU8SypuUZV33igI11xw0P7rB3c%3D	ENCODE3 GRCh38	archived	missing biosample characterization, missing genetic modification characterization		
ENCFF132UAB	bed narrowPeak	bed	narrowPeak	optimal IDR thresholded peaks	GRCh38	ENCSR707BNG	TF ChIP-seq	/human-donors/ENCDO000ABF/	EFO:0001182	HEK293	cell line	Homo sapiens				site-specific recombination	insertion	{'dbxrefs': ['FactorBook:MYNN'], 'aliases': [], 'organism': {'schema_version': '6', '@type': ['Organism', 'Item'], 'name': 'human', 'taxon_id': '9606', 'scientific_name': 'Homo sapiens', '@id': '/organisms/human/', 'uuid': '7745b647-ff15-4ff3-9ced-b897d4e2983c', 'status': 'released'}, 'genes': ['/genes/55892/'], '@type': ['Target', 'Item'], 'label': 'MYNN', 'title': 'MYNN (Homo sapiens)', 'investigated_as': ['transcription factor'], 'uuid': '53c13b17-fad4-4cc9-a86d-24f051348d42', 'schema_version': '14', 'name': 'MYNN-human', '@id': '/targets/MYNN-human/', 'status': 'released'}				MYNN-human	DNA				formaldehyde		2016-10-07	ENCODE			450-650	1, 2	1_1, 2_1							/files/ENCFF419RSJ/, /files/ENCFF858FMW/, /files/ENCFF352CKY/, /files/ENCFF956ULT/	133111	ENCODE Processing Pipeline	f939f8a017cb3c8c8b339f5dc6a12d63		https://www.encodeproject.org/files/ENCFF132UAB/@@download/ENCFF132UAB.bed.gz				released	s3://encode-public/2016/11/01/b2c34455-3555-45f1-97ff-cb0aeb9ac704/ENCFF132UAB.bed.gz	https://datasetencode.blob.core.windows.net/dataset/2016/11/01/b2c34455-3555-45f1-97ff-cb0aeb9ac704/ENCFF132UAB.bed.gz?sv=2019-10-10&si=prod&sr=c&sig=9qSQZo4ggrCNpybBExU8SypuUZV33igI11xw0P7rB3c%3D	ENCODE3 GRCh38	archived	missing biosample characterization, borderline replicate concordance, missing genetic modification characterization		
ENCFF959TZW	bed narrowPeak	bed	narrowPeak	optimal IDR thresholded peaks	GRCh38	ENCSR872BOU	TF ChIP-seq	/human-donors/ENCDO000ABF/	EFO:0001184	HEK293T	cell line	Homo sapiens										FOXK2-human	DNA						2016-11-18	ENCODE			450-650	1, 2	1_1, 2_1							/files/ENCFF964DZH/, /files/ENCFF419RSJ/, /files/ENCFF873ARU/, /files/ENCFF541PSB/	39765	ENCODE Processing Pipeline	e092eaf39a95d574012ddae32b31b02a		https://www.encodeproject.org/files/ENCFF959TZW/@@download/ENCFF959TZW.bed.gz				released	s3://encode-public/2016/11/02/4f905ffd-97a6-4220-89c5-494779f08797/ENCFF959TZW.bed.gz	https://datasetencode.blob.core.windows.net/dataset/2016/11/02/4f905ffd-97a6-4220-89c5-494779f08797/ENCFF959TZW.bed.gz?sv=2019-10-10&si=prod&sr=c&sig=9qSQZo4ggrCNpybBExU8SypuUZV33igI11xw0P7rB3c%3D	ENCODE3 GRCh38	archived	mild to moderate bottlenecking		
ENCFF045YGV	bed narrowPeak	bed	narrowPeak	optimal IDR thresholded peaks	GRCh38	ENCSR711UOA	TF ChIP-seq	/human-donors/ENCDO000ABF/	EFO:0001182	HEK293	cell line	Homo sapiens				site-specific recombination	insertion	{'schema_version': '14', 'aliases': ['michael-snyder:TS-892'], 'organism': {'schema_version': '6', '@type': ['Organism', 'Item'], 'name': 'human', 'taxon_id': '9606', 'scientific_name': 'Homo sapiens', '@id': '/organisms/human/', 'uuid': '7745b647-ff15-4ff3-9ced-b897d4e2983c', 'status': 'released'}, 'genes': ['/genes/116412/'], '@type': ['Target', 'Item'], 'name': 'ZNF837-human', 'label': 'ZNF837', '@id': '/targets/ZNF837-human/', 'title': 'ZNF837 (Homo sapiens)', 'investigated_as': ['transcription factor'], 'uuid': 'f9534be6-da57-4527-a8bf-e5b7e469dba7', 'status': 'released'}				ZNF837-human	DNA				formaldehyde		2016-10-07	ENCODE			450-650	1, 2	1_1, 2_1							/files/ENCFF419RSJ/, /files/ENCFF852QSW/, /files/ENCFF323BRI/, /files/ENCFF048EHA/	47716	ENCODE Processing Pipeline	204f96adc46ce3491d20efd8a7250c2d		https://www.encodeproject.org/files/ENCFF045YGV/@@download/ENCFF045YGV.bed.gz				released	s3://encode-public/2016/11/01/74b394b8-8c5d-4f3e-bcc8-e59a36c84547/ENCFF045YGV.bed.gz	https://datasetencode.blob.core.windows.net/dataset/2016/11/01/74b394b8-8c5d-4f3e-bcc8-e59a36c84547/ENCFF045YGV.bed.gz?sv=2019-10-10&si=prod&sr=c&sig=9qSQZo4ggrCNpybBExU8SypuUZV33igI11xw0P7rB3c%3D	ENCODE3 GRCh38	archived	missing biosample characterization, missing genetic modification characterization		
ENCFF786PVX	bed narrowPeak	bed	narrowPeak	optimal IDR thresholded peaks	GRCh38	ENCSR993DED	TF ChIP-seq	/human-donors/ENCDO000ABF/	EFO:0001182	HEK293	cell line	Homo sapiens				site-specific recombination	insertion	{'schema_version': '14', 'aliases': ['michael-snyder:TS-1548'], 'organism': {'schema_version': '6', '@type': ['Organism', 'Item'], 'name': 'human', 'taxon_id': '9606', 'scientific_name': 'Homo sapiens', '@id': '/organisms/human/', 'uuid': '7745b647-ff15-4ff3-9ced-b897d4e2983c', 'status': 'released'}, 'genes': ['/genes/7761/'], '@type': ['Target', 'Item'], 'name': 'ZNF214-human', 'label': 'ZNF214', '@id': '/targets/ZNF214-human/', 'title': 'ZNF214 (Homo sapiens)', 'investigated_as': ['transcription factor'], 'uuid': '0d2830e2-f13d-4036-8672-4888253ff3fb', 'status': 'released'}				ZNF214-human	DNA				formaldehyde		2017-11-28	ENCODE			450-650	1, 2	1_1, 2_1							/files/ENCFF419RSJ/, /files/ENCFF471HZU/, /files/ENCFF932YMZ/, /files/ENCFF059TIA/	33033	ENCODE Processing Pipeline	c6744b3a0dc99a621abc761a081dde86		https://www.encodeproject.org/files/ENCFF786PVX/@@download/ENCFF786PVX.bed.gz				released	s3://encode-public/2017/11/27/41708342-4329-482f-beb0-a967499629ea/ENCFF786PVX.bed.gz	https://datasetencode.blob.core.windows.net/dataset/2017/11/27/41708342-4329-482f-beb0-a967499629ea/ENCFF786PVX.bed.gz?sv=2019-10-10&si=prod&sr=c&sig=9qSQZo4ggrCNpybBExU8SypuUZV33igI11xw0P7rB3c%3D	ENCODE3 GRCh38	archived	mild to moderate bottlenecking, missing biosample characterization, missing genetic modification characterization, borderline replicate concordance		
ENCFF966YLG	bed narrowPeak	bed	narrowPeak	optimal IDR thresholded peaks	GRCh38	ENCSR513MGG	TF ChIP-seq	/human-donors/ENCDO000ABF/	EFO:0001182	HEK293	cell line	Homo sapiens				site-specific recombination	insertion	{'schema_version': '14', 'aliases': ['michael-snyder:TS-1194'], 'organism': {'schema_version': '6', '@type': ['Organism', 'Item'], 'name': 'human', 'taxon_id': '9606', 'scientific_name': 'Homo sapiens', '@id': '/organisms/human/', 'uuid': '7745b647-ff15-4ff3-9ced-b897d4e2983c', 'status': 'released'}, 'genes': ['/genes/55900/'], '@type': ['Target', 'Item'], 'name': 'ZNF302-human', 'label': 'ZNF302', '@id': '/targets/ZNF302-human/', 'title': 'ZNF302 (Homo sapiens)', 'investigated_as': ['transcription factor'], 'uuid': '10025501-1498-45ab-829f-397e098b97aa', 'status': 'released'}				ZNF302-human	DNA				formaldehyde		2016-12-19	ENCODE			450-650	1, 2	1_1, 2_1							/files/ENCFF419RSJ/, /files/ENCFF736UTH/, /files/ENCFF847LGS/, /files/ENCFF133TMS/	35070	ENCODE Processing Pipeline	6a76af54071cfbe3f688b32726efae40		https://www.encodeproject.org/files/ENCFF966YLG/@@download/ENCFF966YLG.bed.gz				released	s3://encode-public/2016/12/16/a122efa1-5534-481d-b179-b1971f803214/ENCFF966YLG.bed.gz	https://datasetencode.blob.core.windows.net/dataset/2016/12/16/a122efa1-5534-481d-b179-b1971f803214/ENCFF966YLG.bed.gz?sv=2019-10-10&si=prod&sr=c&sig=9qSQZo4ggrCNpybBExU8SypuUZV33igI11xw0P7rB3c%3D	ENCODE3 GRCh38	archived	low read depth, missing biosample characterization, missing genetic modification characterization		
ENCFF639RPS	bed narrowPeak	bed	narrowPeak	optimal IDR thresholded peaks	GRCh38	ENCSR228PGT	TF ChIP-seq	/human-donors/ENCDO000ABF/	EFO:0001182	HEK293	cell line	Homo sapiens				site-specific recombination	insertion	{'schema_version': '14', 'aliases': [], 'organism': {'schema_version': '6', '@type': ['Organism', 'Item'], 'name': 'human', 'taxon_id': '9606', 'scientific_name': 'Homo sapiens', '@id': '/organisms/human/', 'uuid': '7745b647-ff15-4ff3-9ced-b897d4e2983c', 'status': 'released'}, 'genes': ['/genes/23036/'], '@type': ['Target', 'Item'], 'name': 'ZNF292-human', 'label': 'ZNF292', '@id': '/targets/ZNF292-human/', 'title': 'ZNF292 (Homo sapiens)', 'investigated_as': ['transcription factor'], 'uuid': 'f9a06bbf-ea37-478e-bbc5-28d4f6bd0998', 'status': 'released'}				ZNF292-human	DNA				formaldehyde		2016-10-07	ENCODE			450-650	1, 2	1_1, 2_1							/files/ENCFF716YOI/, /files/ENCFF419RSJ/, /files/ENCFF329BDE/, /files/ENCFF702CJP/	37708	ENCODE Processing Pipeline	7f8e372ebf675cb431c7c6a57d475ff7		https://www.encodeproject.org/files/ENCFF639RPS/@@download/ENCFF639RPS.bed.gz				released	s3://encode-public/2016/11/01/9a203f77-abed-4daf-8239-64b64c0a02d8/ENCFF639RPS.bed.gz	https://datasetencode.blob.core.windows.net/dataset/2016/11/01/9a203f77-abed-4daf-8239-64b64c0a02d8/ENCFF639RPS.bed.gz?sv=2019-10-10&si=prod&sr=c&sig=9qSQZo4ggrCNpybBExU8SypuUZV33igI11xw0P7rB3c%3D	ENCODE3 GRCh38	archived	low read depth, missing biosample characterization, borderline replicate concordance, missing genetic modification characterization		
ENCFF090VNO	bed narrowPeak	bed	narrowPeak	optimal IDR thresholded peaks	GRCh38	ENCSR461ZJT	TF ChIP-seq	/human-donors/ENCDO000ABF/	EFO:0001182	HEK293	cell line	Homo sapiens				site-specific recombination	insertion	{'schema_version': '14', 'aliases': ['michael-snyder:TS-897'], 'organism': {'schema_version': '6', '@type': ['Organism', 'Item'], 'name': 'human', 'taxon_id': '9606', 'scientific_name': 'Homo sapiens', '@id': '/organisms/human/', 'uuid': '7745b647-ff15-4ff3-9ced-b897d4e2983c', 'status': 'released'}, 'genes': ['/genes/115560/'], '@type': ['Target', 'Item'], 'name': 'ZNF501-human', 'label': 'ZNF501', '@id': '/targets/ZNF501-human/', 'title': 'ZNF501 (Homo sapiens)', 'investigated_as': ['transcription factor'], 'uuid': '7a929123-bae1-4a7c-bc5f-ee0833382d98', 'status': 'released'}				ZNF501-human	DNA				formaldehyde		2016-10-25	ENCODE			450-650	1, 2	1_1, 2_1							/files/ENCFF419RSJ/, /files/ENCFF876YBE/, /files/ENCFF928SGA/, /files/ENCFF853ZFN/	420100	ENCODE Processing Pipeline	88f3e8ac115863949956f8f3713e293f		https://www.encodeproject.org/files/ENCFF090VNO/@@download/ENCFF090VNO.bed.gz				released	s3://encode-public/2016/10/28/83281726-b1b8-4ddf-9e2c-42da46f9a366/ENCFF090VNO.bed.gz	https://datasetencode.blob.core.windows.net/dataset/2016/10/28/83281726-b1b8-4ddf-9e2c-42da46f9a366/ENCFF090VNO.bed.gz?sv=2019-10-10&si=prod&sr=c&sig=9qSQZo4ggrCNpybBExU8SypuUZV33igI11xw0P7rB3c%3D	ENCODE3 GRCh38	archived	missing biosample characterization, missing genetic modification characterization		
ENCFF735QIK	bed narrowPeak	bed	narrowPeak	optimal IDR thresholded peaks	GRCh38	ENCSR854IPI	TF ChIP-seq	/human-donors/ENCDO000ABF/	EFO:0001182	HEK293	cell line	Homo sapiens				site-specific recombination	insertion	{'schema_version': '14', 'aliases': [], 'organism': {'schema_version': '6', '@type': ['Organism', 'Item'], 'name': 'human', 'taxon_id': '9606', 'scientific_name': 'Homo sapiens', '@id': '/organisms/human/', 'uuid': '7745b647-ff15-4ff3-9ced-b897d4e2983c', 'status': 'released'}, 'genes': ['/genes/286075/'], '@type': ['Target', 'Item'], 'name': 'ZNF707-human', 'label': 'ZNF707', '@id': '/targets/ZNF707-human/', 'title': 'ZNF707 (Homo sapiens)', 'investigated_as': ['transcription factor'], 'uuid': '2e43cd69-6de5-4c23-9de9-1c9a99f54d6f', 'status': 'released'}				ZNF707-human	DNA				formaldehyde		2016-10-07	ENCODE			450-650	1, 2	1_1, 2_1							/files/ENCFF419RSJ/, /files/ENCFF629SOV/, /files/ENCFF557HEF/, /files/ENCFF385YRQ/	66123	ENCODE Processing Pipeline	6424fce93a90fcb7fbf9dd95473203a6		https://www.encodeproject.org/files/ENCFF735QIK/@@download/ENCFF735QIK.bed.gz				released	s3://encode-public/2016/11/01/a0273419-1d52-43e1-b194-3525158f0473/ENCFF735QIK.bed.gz	https://datasetencode.blob.core.windows.net/dataset/2016/11/01/a0273419-1d52-43e1-b194-3525158f0473/ENCFF735QIK.bed.gz?sv=2019-10-10&si=prod&sr=c&sig=9qSQZo4ggrCNpybBExU8SypuUZV33igI11xw0P7rB3c%3D	ENCODE3 GRCh38	archived	missing biosample characterization, missing genetic modification characterization		
ENCFF359FVQ	bed narrowPeak	bed	narrowPeak	optimal IDR thresholded peaks	GRCh38	ENCSR464KFG	TF ChIP-seq	/human-donors/ENCDO000ABF/	EFO:0001182	HEK293	cell line	Homo sapiens				site-specific recombination	insertion	{'schema_version': '14', 'aliases': ['michael-snyder:TS-1581'], 'organism': {'schema_version': '6', '@type': ['Organism', 'Item'], 'name': 'human', 'taxon_id': '9606', 'scientific_name': 'Homo sapiens', '@id': '/organisms/human/', 'uuid': '7745b647-ff15-4ff3-9ced-b897d4e2983c', 'status': 'released'}, 'genes': ['/genes/7699/'], '@type': ['Target', 'Item'], 'name': 'ZNF140-human', 'label': 'ZNF140', '@id': '/targets/ZNF140-human/', 'title': 'ZNF140 (Homo sapiens)', 'investigated_as': ['transcription factor'], 'uuid': '92daedf5-14ec-4cda-8566-542888ddb820', 'status': 'released'}				ZNF140-human	DNA				formaldehyde		2016-10-14	ENCODE			450-650	1, 2	1_1, 2_1							/files/ENCFF076KEG/, /files/ENCFF419RSJ/, /files/ENCFF482IME/, /files/ENCFF943KZU/	143473	ENCODE Processing Pipeline	8055810e9bd5aef1b95f4215d5f219a6		https://www.encodeproject.org/files/ENCFF359FVQ/@@download/ENCFF359FVQ.bed.gz				released	s3://encode-public/2016/11/01/1725d866-d002-475c-a118-1a995a41ad32/ENCFF359FVQ.bed.gz	https://datasetencode.blob.core.windows.net/dataset/2016/11/01/1725d866-d002-475c-a118-1a995a41ad32/ENCFF359FVQ.bed.gz?sv=2019-10-10&si=prod&sr=c&sig=9qSQZo4ggrCNpybBExU8SypuUZV33igI11xw0P7rB3c%3D	ENCODE3 GRCh38	archived	missing biosample characterization, missing genetic modification characterization		
ENCFF834NNK	bed narrowPeak	bed	narrowPeak	optimal IDR thresholded peaks	GRCh38	ENCSR159GFL	TF ChIP-seq	/human-donors/ENCDO000ABF/	EFO:0001182	HEK293	cell line	Homo sapiens				site-specific recombination	insertion	{'schema_version': '14', 'aliases': [], 'organism': {'schema_version': '6', '@type': ['Organism', 'Item'], 'name': 'human', 'taxon_id': '9606', 'scientific_name': 'Homo sapiens', '@id': '/organisms/human/', 'uuid': '7745b647-ff15-4ff3-9ced-b897d4e2983c', 'status': 'released'}, 'genes': ['/genes/9849/'], '@type': ['Target', 'Item'], 'name': 'ZNF518A-human', 'label': 'ZNF518A', '@id': '/targets/ZNF518A-human/', 'title': 'ZNF518A (Homo sapiens)', 'investigated_as': ['transcription factor'], 'uuid': '722c422c-dc1e-4924-91ce-58be5e3580d8', 'status': 'released'}				ZNF518A-human	DNA				formaldehyde		2016-10-25	ENCODE			450-650	1, 2	1_1, 2_1							/files/ENCFF047DWV/, /files/ENCFF419RSJ/, /files/ENCFF106LTW/, /files/ENCFF338POR/	334235	ENCODE Processing Pipeline	8d861fcc2553739fba15789099250bb4		https://www.encodeproject.org/files/ENCFF834NNK/@@download/ENCFF834NNK.bed.gz				released	s3://encode-public/2016/11/01/55bd4919-18e5-4dd1-9a3c-0748f77bfce7/ENCFF834NNK.bed.gz	https://datasetencode.blob.core.windows.net/dataset/2016/11/01/55bd4919-18e5-4dd1-9a3c-0748f77bfce7/ENCFF834NNK.bed.gz?sv=2019-10-10&si=prod&sr=c&sig=9qSQZo4ggrCNpybBExU8SypuUZV33igI11xw0P7rB3c%3D	ENCODE3 GRCh38	archived	low read depth, missing biosample characterization, missing genetic modification characterization		
ENCFF183SHS	bed narrowPeak	bed	narrowPeak	optimal IDR thresholded peaks	GRCh38	ENCSR072LQF	TF ChIP-seq	/human-donors/ENCDO000ABF/	EFO:0001182	HEK293	cell line	Homo sapiens				site-specific recombination	insertion	{'schema_version': '14', 'aliases': [], 'organism': {'schema_version': '6', '@type': ['Organism', 'Item'], 'name': 'human', 'taxon_id': '9606', 'scientific_name': 'Homo sapiens', '@id': '/organisms/human/', 'uuid': '7745b647-ff15-4ff3-9ced-b897d4e2983c', 'status': 'released'}, 'genes': ['/genes/7629/'], '@type': ['Target', 'Item'], 'name': 'ZNF76-human', 'label': 'ZNF76', '@id': '/targets/ZNF76-human/', 'title': 'ZNF76 (Homo sapiens)', 'investigated_as': ['transcription factor'], 'uuid': 'be082d7e-cd28-4e76-a1a2-27b22198ae98', 'status': 'released'}				ZNF76-human	DNA				formaldehyde		2016-10-07	ENCODE			450-650	1, 2	1_1, 2_1							/files/ENCFF965WLP/, /files/ENCFF419RSJ/, /files/ENCFF516NUK/, /files/ENCFF555DZF/	246636	ENCODE Processing Pipeline	985f286e1b0b209cec2b845825e1fda8		https://www.encodeproject.org/files/ENCFF183SHS/@@download/ENCFF183SHS.bed.gz				released	s3://encode-public/2016/10/28/f21b036d-fccd-4d44-85bb-db8a54bdec29/ENCFF183SHS.bed.gz	https://datasetencode.blob.core.windows.net/dataset/2016/10/28/f21b036d-fccd-4d44-85bb-db8a54bdec29/ENCFF183SHS.bed.gz?sv=2019-10-10&si=prod&sr=c&sig=9qSQZo4ggrCNpybBExU8SypuUZV33igI11xw0P7rB3c%3D	ENCODE3 GRCh38	archived	low read depth, missing biosample characterization, missing genetic modification characterization, borderline replicate concordance		
ENCFF219VBE	bed narrowPeak	bed	narrowPeak	optimal IDR thresholded peaks	GRCh38	ENCSR194BBY	TF ChIP-seq	/human-donors/ENCDO000ABF/	EFO:0001182	HEK293	cell line	Homo sapiens				site-specific recombination	insertion	{'schema_version': '14', 'aliases': [], 'organism': {'schema_version': '6', '@type': ['Organism', 'Item'], 'name': 'human', 'taxon_id': '9606', 'scientific_name': 'Homo sapiens', '@id': '/organisms/human/', 'uuid': '7745b647-ff15-4ff3-9ced-b897d4e2983c', 'status': 'released'}, 'genes': ['/genes/7638/'], '@type': ['Target', 'Item'], 'name': 'ZNF221-human', 'label': 'ZNF221', '@id': '/targets/ZNF221-human/', 'title': 'ZNF221 (Homo sapiens)', 'investigated_as': ['transcription factor'], 'uuid': '2d7257c3-ec4b-449e-b006-e881e1f11d3b', 'status': 'released'}				ZNF221-human	DNA				formaldehyde		2017-11-28	ENCODE			450-650	1, 2	1_1, 2_1							/files/ENCFF793ZFN/, /files/ENCFF481EZB/, /files/ENCFF387UVL/, /files/ENCFF419RSJ/	41762	ENCODE Processing Pipeline	5c3c0ceafa7bb3eda21d4e95bde2ff53		https://www.encodeproject.org/files/ENCFF219VBE/@@download/ENCFF219VBE.bed.gz				released	s3://encode-public/2017/11/27/ddd33794-fb68-44ac-aa89-2692be493920/ENCFF219VBE.bed.gz	https://datasetencode.blob.core.windows.net/dataset/2017/11/27/ddd33794-fb68-44ac-aa89-2692be493920/ENCFF219VBE.bed.gz?sv=2019-10-10&si=prod&sr=c&sig=9qSQZo4ggrCNpybBExU8SypuUZV33igI11xw0P7rB3c%3D	ENCODE3 GRCh38	archived	missing biosample characterization, missing genetic modification characterization, borderline replicate concordance		
ENCFF280IWS	bed narrowPeak	bed	narrowPeak	optimal IDR thresholded peaks	GRCh38	ENCSR357QJR	TF ChIP-seq	/human-donors/ENCDO000ABF/	EFO:0001182	HEK293	cell line	Homo sapiens				site-specific recombination	insertion	{'schema_version': '14', 'aliases': ['michael-snyder:TS-1081'], 'organism': {'schema_version': '6', '@type': ['Organism', 'Item'], 'name': 'human', 'taxon_id': '9606', 'scientific_name': 'Homo sapiens', '@id': '/organisms/human/', 'uuid': '7745b647-ff15-4ff3-9ced-b897d4e2983c', 'status': 'released'}, 'genes': ['/genes/79149/'], '@type': ['Target', 'Item'], 'name': 'ZSCAN5A-human', 'label': 'ZSCAN5A', '@id': '/targets/ZSCAN5A-human/', 'title': 'ZSCAN5A (Homo sapiens)', 'investigated_as': ['transcription factor'], 'uuid': '6493fa28-189b-4037-88d3-b6427d4d6ac1', 'status': 'released'}				ZSCAN5A-human	DNA				formaldehyde		2016-10-07	ENCODE			450-650	1, 2	1_1, 2_1							/files/ENCFF921AMU/, /files/ENCFF419RSJ/, /files/ENCFF375NHQ/, /files/ENCFF378JPU/	166386	ENCODE Processing Pipeline	1d4d4f56873be95d2a68acb196cca490		https://www.encodeproject.org/files/ENCFF280IWS/@@download/ENCFF280IWS.bed.gz				released	s3://encode-public/2016/10/28/ca21f0fb-aa5f-4bbc-917d-d3794808df63/ENCFF280IWS.bed.gz	https://datasetencode.blob.core.windows.net/dataset/2016/10/28/ca21f0fb-aa5f-4bbc-917d-d3794808df63/ENCFF280IWS.bed.gz?sv=2019-10-10&si=prod&sr=c&sig=9qSQZo4ggrCNpybBExU8SypuUZV33igI11xw0P7rB3c%3D	ENCODE3 GRCh38	archived	missing biosample characterization, missing genetic modification characterization		
ENCFF720MYN	bed narrowPeak	bed	narrowPeak	optimal IDR thresholded peaks	GRCh38	ENCSR348ONY	TF ChIP-seq	/human-donors/ENCDO000ABF/	EFO:0001182	HEK293	cell line	Homo sapiens				site-specific recombination	insertion	{'schema_version': '14', 'aliases': [], 'organism': {'schema_version': '6', '@type': ['Organism', 'Item'], 'name': 'human', 'taxon_id': '9606', 'scientific_name': 'Homo sapiens', '@id': '/organisms/human/', 'uuid': '7745b647-ff15-4ff3-9ced-b897d4e2983c', 'status': 'released'}, 'genes': ['/genes/286128/'], '@type': ['Target', 'Item'], 'name': 'ZFP41-human', 'label': 'ZFP41', '@id': '/targets/ZFP41-human/', 'title': 'ZFP41 (Homo sapiens)', 'investigated_as': ['transcription factor'], 'uuid': '260608a7-e438-4d06-bc82-fa2b6be3ed97', 'status': 'released'}				ZFP41-human	DNA				formaldehyde		2016-10-07	ENCODE			450-650	1, 2	1_1, 2_1							/files/ENCFF410TTZ/, /files/ENCFF937CTG/, /files/ENCFF193RUZ/, /files/ENCFF419RSJ/	19614	ENCODE Processing Pipeline	9189f84bda936891b1d7786505aaf520		https://www.encodeproject.org/files/ENCFF720MYN/@@download/ENCFF720MYN.bed.gz				released	s3://encode-public/2016/11/01/148d63a9-95a8-48dc-a70c-41078de18bee/ENCFF720MYN.bed.gz	https://datasetencode.blob.core.windows.net/dataset/2016/11/01/148d63a9-95a8-48dc-a70c-41078de18bee/ENCFF720MYN.bed.gz?sv=2019-10-10&si=prod&sr=c&sig=9qSQZo4ggrCNpybBExU8SypuUZV33igI11xw0P7rB3c%3D	ENCODE3 GRCh38	archived	missing biosample characterization, borderline replicate concordance, missing genetic modification characterization		
ENCFF963VBB	bed narrowPeak	bed	narrowPeak	optimal IDR thresholded peaks	GRCh38	ENCSR381VYR	TF ChIP-seq	/human-donors/ENCDO000ABF/	EFO:0001182	HEK293	cell line	Homo sapiens				site-specific recombination	insertion	{'schema_version': '14', 'aliases': [], 'organism': {'schema_version': '6', '@type': ['Organism', 'Item'], 'name': 'human', 'taxon_id': '9606', 'scientific_name': 'Homo sapiens', '@id': '/organisms/human/', 'uuid': '7745b647-ff15-4ff3-9ced-b897d4e2983c', 'status': 'released'}, 'genes': ['/genes/65243/'], '@type': ['Target', 'Item'], 'name': 'ZFP69B-human', 'label': 'ZFP69B', '@id': '/targets/ZFP69B-human/', 'title': 'ZFP69B (Homo sapiens)', 'investigated_as': ['transcription factor'], 'uuid': '79073638-1711-45b9-886d-2472d43ae7d2', 'status': 'released'}				ZFP69B-human	DNA				formaldehyde		2016-10-14	ENCODE			450-650	1, 2	1_1, 2_1							/files/ENCFF252QVE/, /files/ENCFF035KRS/, /files/ENCFF419RSJ/, /files/ENCFF306CCW/	444246	ENCODE Processing Pipeline	9e37da1c2388852f61e708b6224290f4		https://www.encodeproject.org/files/ENCFF963VBB/@@download/ENCFF963VBB.bed.gz				released	s3://encode-public/2016/11/01/1b1ae166-b39d-4168-bc14-8657c63935c1/ENCFF963VBB.bed.gz	https://datasetencode.blob.core.windows.net/dataset/2016/11/01/1b1ae166-b39d-4168-bc14-8657c63935c1/ENCFF963VBB.bed.gz?sv=2019-10-10&si=prod&sr=c&sig=9qSQZo4ggrCNpybBExU8SypuUZV33igI11xw0P7rB3c%3D	ENCODE3 GRCh38	archived	missing biosample characterization, missing genetic modification characterization		
ENCFF195OUI	bed narrowPeak	bed	narrowPeak	optimal IDR thresholded peaks	GRCh38	ENCSR977HTH	TF ChIP-seq	/human-donors/ENCDO000ABF/	EFO:0001182	HEK293	cell line	Homo sapiens				site-specific recombination	insertion	{'schema_version': '14', 'aliases': [], 'organism': {'schema_version': '6', '@type': ['Organism', 'Item'], 'name': 'human', 'taxon_id': '9606', 'scientific_name': 'Homo sapiens', '@id': '/organisms/human/', 'uuid': '7745b647-ff15-4ff3-9ced-b897d4e2983c', 'status': 'released'}, 'genes': ['/genes/7566/'], '@type': ['Target', 'Item'], 'name': 'ZNF18-human', 'label': 'ZNF18', '@id': '/targets/ZNF18-human/', 'title': 'ZNF18 (Homo sapiens)', 'investigated_as': ['transcription factor'], 'uuid': '8dfbe1bb-6bff-46db-968d-34711e51f45b', 'status': 'released'}				ZNF18-human	DNA				formaldehyde		2016-10-07	ENCODE			450-650	1, 2	1_1, 2_1							/files/ENCFF961HEF/, /files/ENCFF378WAA/, /files/ENCFF419RSJ/, /files/ENCFF474DKN/	388471	ENCODE Processing Pipeline	bca2dac32ab9f0e2fe5d55cea649ca07		https://www.encodeproject.org/files/ENCFF195OUI/@@download/ENCFF195OUI.bed.gz				released	s3://encode-public/2016/11/01/6e965d37-7602-4921-ac77-2ca3cb354966/ENCFF195OUI.bed.gz	https://datasetencode.blob.core.windows.net/dataset/2016/11/01/6e965d37-7602-4921-ac77-2ca3cb354966/ENCFF195OUI.bed.gz?sv=2019-10-10&si=prod&sr=c&sig=9qSQZo4ggrCNpybBExU8SypuUZV33igI11xw0P7rB3c%3D	ENCODE3 GRCh38	archived	missing biosample characterization, missing genetic modification characterization		
ENCFF511BOQ	bed narrowPeak	bed	narrowPeak	optimal IDR thresholded peaks	GRCh38	ENCSR004PLU	TF ChIP-seq	/human-donors/ENCDO000ABF/	EFO:0001182	HEK293	cell line	Homo sapiens				site-specific recombination	insertion	{'schema_version': '14', 'aliases': ['michael-snyder:TS-1074'], 'organism': {'schema_version': '6', '@type': ['Organism', 'Item'], 'name': 'human', 'taxon_id': '9606', 'scientific_name': 'Homo sapiens', '@id': '/organisms/human/', 'uuid': '7745b647-ff15-4ff3-9ced-b897d4e2983c', 'status': 'released'}, 'genes': ['/genes/65986/'], '@type': ['Target', 'Item'], 'name': 'ZBTB10-human', 'label': 'ZBTB10', '@id': '/targets/ZBTB10-human/', 'title': 'ZBTB10 (Homo sapiens)', 'investigated_as': ['transcription factor'], 'uuid': '13aa6f9d-46c9-423e-9322-e98749d4d008', 'status': 'released'}				ZBTB10-human	DNA				formaldehyde		2016-12-19	ENCODE			450-650	1, 2	1_1, 2_1							/files/ENCFF852UUF/, /files/ENCFF917JMO/, /files/ENCFF419RSJ/, /files/ENCFF856ZVM/	335340	ENCODE Processing Pipeline	a83a367443b0c377e8f3211d382d0841		https://www.encodeproject.org/files/ENCFF511BOQ/@@download/ENCFF511BOQ.bed.gz				released	s3://encode-public/2016/12/16/9371ba50-99e2-414c-839b-8be0ff5fc52d/ENCFF511BOQ.bed.gz	https://datasetencode.blob.core.windows.net/dataset/2016/12/16/9371ba50-99e2-414c-839b-8be0ff5fc52d/ENCFF511BOQ.bed.gz?sv=2019-10-10&si=prod&sr=c&sig=9qSQZo4ggrCNpybBExU8SypuUZV33igI11xw0P7rB3c%3D	ENCODE3 GRCh38	archived	missing biosample characterization, missing genetic modification characterization		
ENCFF357ZHI	bed narrowPeak	bed	narrowPeak	optimal IDR thresholded peaks	GRCh38	ENCSR441UBA	TF ChIP-seq	/human-donors/ENCDO000ABF/	EFO:0001182	HEK293	cell line	Homo sapiens				site-specific recombination	insertion	{'schema_version': '14', 'aliases': ['michael-snyder:TS-1137'], 'organism': {'schema_version': '6', '@type': ['Organism', 'Item'], 'name': 'human', 'taxon_id': '9606', 'scientific_name': 'Homo sapiens', '@id': '/organisms/human/', 'uuid': '7745b647-ff15-4ff3-9ced-b897d4e2983c', 'status': 'released'}, 'genes': ['/genes/57786/'], '@type': ['Target', 'Item'], 'name': 'RBAK-human', 'label': 'RBAK', '@id': '/targets/RBAK-human/', 'title': 'RBAK (Homo sapiens)', 'investigated_as': ['transcription factor'], 'uuid': 'eff9c868-016f-4369-841b-8ae326dd2dbd', 'status': 'released'}				RBAK-human	DNA				formaldehyde		2016-12-19	ENCODE			450-650	1, 2	1_1, 2_1							/files/ENCFF818SJJ/, /files/ENCFF199RLG/, /files/ENCFF419RSJ/, /files/ENCFF746RGD/	74167	ENCODE Processing Pipeline	cbe0e73651b1880ef7a264ef6ab07a86		https://www.encodeproject.org/files/ENCFF357ZHI/@@download/ENCFF357ZHI.bed.gz				released	s3://encode-public/2016/12/16/6faf79fc-4ee3-420f-94f2-b6e157216ffa/ENCFF357ZHI.bed.gz	https://datasetencode.blob.core.windows.net/dataset/2016/12/16/6faf79fc-4ee3-420f-94f2-b6e157216ffa/ENCFF357ZHI.bed.gz?sv=2019-10-10&si=prod&sr=c&sig=9qSQZo4ggrCNpybBExU8SypuUZV33igI11xw0P7rB3c%3D	ENCODE3 GRCh38	archived	missing biosample characterization, missing genetic modification characterization		
ENCFF322YKQ	bed narrowPeak	bed	narrowPeak	optimal IDR thresholded peaks	GRCh38	ENCSR211PZO	TF ChIP-seq	/human-donors/ENCDO000ABF/	EFO:0001182	HEK293	cell line	Homo sapiens				site-specific recombination	insertion	{'schema_version': '14', 'aliases': [], 'organism': {'schema_version': '6', '@type': ['Organism', 'Item'], 'name': 'human', 'taxon_id': '9606', 'scientific_name': 'Homo sapiens', '@id': '/organisms/human/', 'uuid': '7745b647-ff15-4ff3-9ced-b897d4e2983c', 'status': 'released'}, 'genes': ['/genes/2738/'], '@type': ['Target', 'Item'], 'name': 'GLI4-human', 'label': 'GLI4', '@id': '/targets/GLI4-human/', 'title': 'GLI4 (Homo sapiens)', 'investigated_as': ['transcription factor'], 'uuid': 'cd953641-c9da-4e96-8226-89afc4f5b3cb', 'status': 'released'}				GLI4-human	DNA				formaldehyde		2016-10-07	ENCODE			450-650	1, 2	1_1, 2_1							/files/ENCFF992AAW/, /files/ENCFF158SUB/, /files/ENCFF419RSJ/, /files/ENCFF310HTQ/	124957	ENCODE Processing Pipeline	8da488b52b9e07662279b4c2750301bd		https://www.encodeproject.org/files/ENCFF322YKQ/@@download/ENCFF322YKQ.bed.gz				released	s3://encode-public/2016/11/01/af0c1924-2143-4206-8436-38eb855a3802/ENCFF322YKQ.bed.gz	https://datasetencode.blob.core.windows.net/dataset/2016/11/01/af0c1924-2143-4206-8436-38eb855a3802/ENCFF322YKQ.bed.gz?sv=2019-10-10&si=prod&sr=c&sig=9qSQZo4ggrCNpybBExU8SypuUZV33igI11xw0P7rB3c%3D	ENCODE3 GRCh38	archived	missing biosample characterization, missing genetic modification characterization		
ENCFF394ZTN	bed narrowPeak	bed	narrowPeak	optimal IDR thresholded peaks	GRCh38	ENCSR715QNO	TF ChIP-seq	/human-donors/ENCDO000ABF/	EFO:0001182	HEK293	cell line	Homo sapiens				site-specific recombination	insertion	{'schema_version': '14', 'aliases': [], 'organism': {'schema_version': '6', '@type': ['Organism', 'Item'], 'name': 'human', 'taxon_id': '9606', 'scientific_name': 'Homo sapiens', '@id': '/organisms/human/', 'uuid': '7745b647-ff15-4ff3-9ced-b897d4e2983c', 'status': 'released'}, 'genes': ['/genes/149076/'], '@type': ['Target', 'Item'], 'name': 'ZNF362-human', 'label': 'ZNF362', '@id': '/targets/ZNF362-human/', 'title': 'ZNF362 (Homo sapiens)', 'investigated_as': ['transcription factor'], 'uuid': 'f25cb407-feaa-47f4-98c1-a56c72419af6', 'status': 'released'}				ZNF362-human	DNA				formaldehyde		2016-10-25	ENCODE			450-650	1, 2	1_1, 2_1							/files/ENCFF477WXR/, /files/ENCFF136URK/, /files/ENCFF419RSJ/, /files/ENCFF957AIG/	435749	ENCODE Processing Pipeline	7112a49db6685576a31d66190a523927		https://www.encodeproject.org/files/ENCFF394ZTN/@@download/ENCFF394ZTN.bed.gz				released	s3://encode-public/2016/10/28/5e75f987-1de8-4314-9e77-25339c9534ab/ENCFF394ZTN.bed.gz	https://datasetencode.blob.core.windows.net/dataset/2016/10/28/5e75f987-1de8-4314-9e77-25339c9534ab/ENCFF394ZTN.bed.gz?sv=2019-10-10&si=prod&sr=c&sig=9qSQZo4ggrCNpybBExU8SypuUZV33igI11xw0P7rB3c%3D	ENCODE3 GRCh38	archived	missing biosample characterization, missing genetic modification characterization		
ENCFF765JWP	bed narrowPeak	bed	narrowPeak	optimal IDR thresholded peaks	GRCh38	ENCSR927UJQ	TF ChIP-seq	/human-donors/ENCDO000ABF/	EFO:0001182	HEK293	cell line	Homo sapiens				site-specific recombination	insertion	{'dbxrefs': ['FactorBook:ZBTB1'], 'aliases': ['michael-snyder:TS-1379'], 'organism': {'schema_version': '6', '@type': ['Organism', 'Item'], 'name': 'human', 'taxon_id': '9606', 'scientific_name': 'Homo sapiens', '@id': '/organisms/human/', 'uuid': '7745b647-ff15-4ff3-9ced-b897d4e2983c', 'status': 'released'}, 'genes': ['/genes/22890/'], '@type': ['Target', 'Item'], 'label': 'ZBTB1', 'title': 'ZBTB1 (Homo sapiens)', 'investigated_as': ['DNA repair'], 'uuid': '647206fd-b78f-4e09-9585-b3fc4dd7ecb5', 'schema_version': '14', 'name': 'ZBTB1-human', '@id': '/targets/ZBTB1-human/', 'status': 'released'}				ZBTB1-human	DNA				formaldehyde		2016-10-07	ENCODE			450-650	1, 2	1_1, 2_1							/files/ENCFF419RSJ/, /files/ENCFF942ULX/, /files/ENCFF536VWF/, /files/ENCFF718XGQ/	114545	ENCODE Processing Pipeline	06caaf392d3a011a4db6e45bfd52b0df		https://www.encodeproject.org/files/ENCFF765JWP/@@download/ENCFF765JWP.bed.gz				released	s3://encode-public/2016/11/01/e4703df9-6d9d-4177-ad3e-539258cc0b11/ENCFF765JWP.bed.gz	https://datasetencode.blob.core.windows.net/dataset/2016/11/01/e4703df9-6d9d-4177-ad3e-539258cc0b11/ENCFF765JWP.bed.gz?sv=2019-10-10&si=prod&sr=c&sig=9qSQZo4ggrCNpybBExU8SypuUZV33igI11xw0P7rB3c%3D	ENCODE3 GRCh38	archived	missing biosample characterization, missing genetic modification characterization		
ENCFF653SCL	bed narrowPeak	bed	narrowPeak	optimal IDR thresholded peaks	GRCh38	ENCSR896UBV	TF ChIP-seq	/human-donors/ENCDO000ABF/	EFO:0001182	HEK293	cell line	Homo sapiens				site-specific recombination	insertion	{'dbxrefs': ['FactorBook:REST'], 'aliases': ['michael-snyder:TS-29'], 'organism': {'schema_version': '6', '@type': ['Organism', 'Item'], 'name': 'human', 'taxon_id': '9606', 'scientific_name': 'Homo sapiens', '@id': '/organisms/human/', 'uuid': '7745b647-ff15-4ff3-9ced-b897d4e2983c', 'status': 'released'}, 'genes': ['/genes/5978/'], '@type': ['Target', 'Item'], 'label': 'REST', 'title': 'REST (Homo sapiens)', 'investigated_as': ['transcription factor'], 'uuid': '059dda06-b6ba-41d7-bac9-970a237ce857', 'schema_version': '14', 'name': 'REST-human', '@id': '/targets/REST-human/', 'status': 'released'}				REST-human	DNA				formaldehyde		2016-10-07	ENCODE			450-650	1, 2	1_1, 2_1							/files/ENCFF215ANP/, /files/ENCFF419RSJ/, /files/ENCFF377XCV/, /files/ENCFF160NEW/	392486	ENCODE Processing Pipeline	46967f128009286beaae562db3acaf42		https://www.encodeproject.org/files/ENCFF653SCL/@@download/ENCFF653SCL.bed.gz				released	s3://encode-public/2016/11/01/186c56a2-245a-47fd-87f2-c5ac04127e81/ENCFF653SCL.bed.gz	https://datasetencode.blob.core.windows.net/dataset/2016/11/01/186c56a2-245a-47fd-87f2-c5ac04127e81/ENCFF653SCL.bed.gz?sv=2019-10-10&si=prod&sr=c&sig=9qSQZo4ggrCNpybBExU8SypuUZV33igI11xw0P7rB3c%3D	ENCODE3 GRCh38	archived	missing biosample characterization, missing genetic modification characterization		
ENCFF167MHN	bed narrowPeak	bed	narrowPeak	optimal IDR thresholded peaks	GRCh38	ENCSR418MKG	TF ChIP-seq	/human-donors/ENCDO000ABF/	EFO:0001182	HEK293	cell line	Homo sapiens				site-specific recombination	insertion	{'schema_version': '14', 'aliases': [], 'organism': {'schema_version': '6', '@type': ['Organism', 'Item'], 'name': 'human', 'taxon_id': '9606', 'scientific_name': 'Homo sapiens', '@id': '/organisms/human/', 'uuid': '7745b647-ff15-4ff3-9ced-b897d4e2983c', 'status': 'released'}, 'genes': ['/genes/55657/'], '@type': ['Target', 'Item'], 'name': 'ZNF692-human', 'label': 'ZNF692', '@id': '/targets/ZNF692-human/', 'title': 'ZNF692 (Homo sapiens)', 'investigated_as': ['transcription factor'], 'uuid': '2c95c178-9718-4ada-af74-60a9d91032c5', 'status': 'released'}				ZNF692-human	DNA				formaldehyde		2016-10-14	ENCODE			450-650	1, 2	1_1, 2_1							/files/ENCFF095PPU/, /files/ENCFF419RSJ/, /files/ENCFF464BTI/, /files/ENCFF103VFZ/	633006	ENCODE Processing Pipeline	4c104adad6f84e3c51445683b6dc6e40		https://www.encodeproject.org/files/ENCFF167MHN/@@download/ENCFF167MHN.bed.gz				released	s3://encode-public/2016/11/01/e645d188-9ba4-4748-a5be-6c844d6642fe/ENCFF167MHN.bed.gz	https://datasetencode.blob.core.windows.net/dataset/2016/11/01/e645d188-9ba4-4748-a5be-6c844d6642fe/ENCFF167MHN.bed.gz?sv=2019-10-10&si=prod&sr=c&sig=9qSQZo4ggrCNpybBExU8SypuUZV33igI11xw0P7rB3c%3D	ENCODE3 GRCh38	archived	missing biosample characterization, missing genetic modification characterization		
ENCFF036AEX	bed narrowPeak	bed	narrowPeak	optimal IDR thresholded peaks	GRCh38	ENCSR289NSN	TF ChIP-seq	/human-donors/ENCDO000ABF/	EFO:0001182	HEK293	cell line	Homo sapiens				site-specific recombination	insertion	{'schema_version': '14', 'aliases': ['michael-snyder:TS-1295'], 'organism': {'schema_version': '6', '@type': ['Organism', 'Item'], 'name': 'human', 'taxon_id': '9606', 'scientific_name': 'Homo sapiens', '@id': '/organisms/human/', 'uuid': '7745b647-ff15-4ff3-9ced-b897d4e2983c', 'status': 'released'}, 'genes': ['/genes/30832/'], '@type': ['Target', 'Item'], 'name': 'ZNF354C-human', 'label': 'ZNF354C', '@id': '/targets/ZNF354C-human/', 'title': 'ZNF354C (Homo sapiens)', 'investigated_as': ['transcription factor'], 'uuid': '24b426e8-ed4b-4be1-b879-cefbefc4024f', 'status': 'released'}				ZNF354C-human	DNA				formaldehyde		2016-10-07	ENCODE			450-650	1, 2	1_1, 2_1							/files/ENCFF419RSJ/, /files/ENCFF914YBP/, /files/ENCFF958DZG/, /files/ENCFF416TTB/	32845	ENCODE Processing Pipeline	e7c8f685200112ef0e24a3d49c9ab5fb		https://www.encodeproject.org/files/ENCFF036AEX/@@download/ENCFF036AEX.bed.gz				released	s3://encode-public/2016/10/28/1826644c-9913-47c5-be5c-2c70513db552/ENCFF036AEX.bed.gz	https://datasetencode.blob.core.windows.net/dataset/2016/10/28/1826644c-9913-47c5-be5c-2c70513db552/ENCFF036AEX.bed.gz?sv=2019-10-10&si=prod&sr=c&sig=9qSQZo4ggrCNpybBExU8SypuUZV33igI11xw0P7rB3c%3D	ENCODE3 GRCh38	archived	low read depth, missing biosample characterization, borderline replicate concordance, missing genetic modification characterization		
ENCFF004JFD	bed narrowPeak	bed	narrowPeak	optimal IDR thresholded peaks	GRCh38	ENCSR103GAK	TF ChIP-seq	/human-donors/ENCDO000ABF/	EFO:0001182	HEK293	cell line	Homo sapiens				site-specific recombination	insertion	{'schema_version': '14', 'aliases': ['michael-snyder:TS-1573'], 'organism': {'schema_version': '6', '@type': ['Organism', 'Item'], 'name': 'human', 'taxon_id': '9606', 'scientific_name': 'Homo sapiens', '@id': '/organisms/human/', 'uuid': '7745b647-ff15-4ff3-9ced-b897d4e2983c', 'status': 'released'}, 'genes': ['/genes/7728/'], '@type': ['Target', 'Item'], 'name': 'ZNF175-human', 'label': 'ZNF175', '@id': '/targets/ZNF175-human/', 'title': 'ZNF175 (Homo sapiens)', 'investigated_as': ['transcription factor'], 'uuid': '91a63da3-3f5f-4589-a592-a2262d02cf11', 'status': 'released'}				ZNF175-human	DNA				formaldehyde		2016-10-07	ENCODE			450-650	1, 2	1_1, 2_1							/files/ENCFF915ZKK/, /files/ENCFF802MPW/, /files/ENCFF419RSJ/, /files/ENCFF756OLI/	16958	ENCODE Processing Pipeline	5028a103d9454accdc6a2367a2bb76d7		https://www.encodeproject.org/files/ENCFF004JFD/@@download/ENCFF004JFD.bed.gz				released	s3://encode-public/2016/11/01/7296d120-945b-4936-9613-b6d685f72bbd/ENCFF004JFD.bed.gz	https://datasetencode.blob.core.windows.net/dataset/2016/11/01/7296d120-945b-4936-9613-b6d685f72bbd/ENCFF004JFD.bed.gz?sv=2019-10-10&si=prod&sr=c&sig=9qSQZo4ggrCNpybBExU8SypuUZV33igI11xw0P7rB3c%3D	ENCODE3 GRCh38	archived	missing biosample characterization, missing genetic modification characterization		
ENCFF053AVA	bed narrowPeak	bed	narrowPeak	optimal IDR thresholded peaks	GRCh38	ENCSR466VYP	TF ChIP-seq	/human-donors/ENCDO000ABF/	EFO:0001182	HEK293	cell line	Homo sapiens				site-specific recombination	insertion	{'schema_version': '14', 'aliases': ['michael-snyder:TS-1414'], 'organism': {'schema_version': '6', '@type': ['Organism', 'Item'], 'name': 'human', 'taxon_id': '9606', 'scientific_name': 'Homo sapiens', '@id': '/organisms/human/', 'uuid': '7745b647-ff15-4ff3-9ced-b897d4e2983c', 'status': 'released'}, 'genes': ['/genes/10781/'], '@type': ['Target', 'Item'], 'name': 'ZNF266-human', 'label': 'ZNF266', '@id': '/targets/ZNF266-human/', 'title': 'ZNF266 (Homo sapiens)', 'investigated_as': ['transcription factor'], 'uuid': '23e71c0a-f46d-40dd-b908-87b15a3b0599', 'status': 'released'}				ZNF266-human	DNA				formaldehyde		2016-12-19	ENCODE			450-650	1, 2	1_1, 2_1							/files/ENCFF918WSS/, /files/ENCFF694SDT/, /files/ENCFF419RSJ/, /files/ENCFF042ALM/	99145	ENCODE Processing Pipeline	f401f499bff6b71aa7d62664996d22a5		https://www.encodeproject.org/files/ENCFF053AVA/@@download/ENCFF053AVA.bed.gz				released	s3://encode-public/2016/12/16/49aa4f9a-b4db-4912-a4f4-4cf0dd4cf034/ENCFF053AVA.bed.gz	https://datasetencode.blob.core.windows.net/dataset/2016/12/16/49aa4f9a-b4db-4912-a4f4-4cf0dd4cf034/ENCFF053AVA.bed.gz?sv=2019-10-10&si=prod&sr=c&sig=9qSQZo4ggrCNpybBExU8SypuUZV33igI11xw0P7rB3c%3D	ENCODE3 GRCh38	archived	low read depth, missing biosample characterization, missing genetic modification characterization		
ENCFF667JVF	bed narrowPeak	bed	narrowPeak	optimal IDR thresholded peaks	GRCh38	ENCSR781DPA	TF ChIP-seq	/human-donors/ENCDO000ABF/	EFO:0001182	HEK293	cell line	Homo sapiens				site-specific recombination	insertion	{'dbxrefs': ['FactorBook:ZNF830'], 'aliases': [], 'organism': {'schema_version': '6', '@type': ['Organism', 'Item'], 'name': 'human', 'taxon_id': '9606', 'scientific_name': 'Homo sapiens', '@id': '/organisms/human/', 'uuid': '7745b647-ff15-4ff3-9ced-b897d4e2983c', 'status': 'released'}, 'genes': ['/genes/91603/'], '@type': ['Target', 'Item'], 'label': 'ZNF830', 'title': 'ZNF830 (Homo sapiens)', 'investigated_as': ['DNA repair'], 'uuid': '304c4ebe-b015-4459-aebe-dc7f9cfa3d33', 'schema_version': '14', 'name': 'ZNF830-human', '@id': '/targets/ZNF830-human/', 'status': 'released'}				ZNF830-human	DNA						2018-12-04	ENCODE			450-650	2, 3	2_1, 3_1							/files/ENCFF090GHY/, /files/ENCFF226MWG/, /files/ENCFF419RSJ/, /files/ENCFF614EAD/	9987	ENCODE Processing Pipeline	7c557db8fd033307d88b2e1d68e03929		https://www.encodeproject.org/files/ENCFF667JVF/@@download/ENCFF667JVF.bed.gz				released	s3://encode-public/2018/12/02/6878f0b7-e72a-42b5-82ff-5bdd5c3f8bcd/ENCFF667JVF.bed.gz	https://datasetencode.blob.core.windows.net/dataset/2018/12/02/6878f0b7-e72a-42b5-82ff-5bdd5c3f8bcd/ENCFF667JVF.bed.gz?sv=2019-10-10&si=prod&sr=c&sig=9qSQZo4ggrCNpybBExU8SypuUZV33igI11xw0P7rB3c%3D	ENCODE3 GRCh38	archived	missing biosample characterization, low read depth, missing genetic modification characterization, mild to moderate bottlenecking, moderate library complexity		
ENCFF738CQK	bed narrowPeak	bed	narrowPeak	optimal IDR thresholded peaks	GRCh38	ENCSR106EBH	TF ChIP-seq	/human-donors/ENCDO000ABF/	EFO:0001182	HEK293	cell line	Homo sapiens				site-specific recombination	insertion	{'schema_version': '14', 'aliases': ['michael-snyder:TS-753'], 'organism': {'schema_version': '6', '@type': ['Organism', 'Item'], 'name': 'human', 'taxon_id': '9606', 'scientific_name': 'Homo sapiens', '@id': '/organisms/human/', 'uuid': '7745b647-ff15-4ff3-9ced-b897d4e2983c', 'status': 'released'}, 'genes': ['/genes/167465/'], '@type': ['Target', 'Item'], 'name': 'ZNF366-human', 'label': 'ZNF366', '@id': '/targets/ZNF366-human/', 'title': 'ZNF366 (Homo sapiens)', 'investigated_as': ['cofactor'], 'uuid': 'caf85c4e-3223-4fb2-a4da-fd4a941be1c7', 'status': 'released'}				ZNF366-human	DNA				formaldehyde		2016-10-25	ENCODE			450-650	1, 2	1_1, 2_1							/files/ENCFF250FEN/, /files/ENCFF419RSJ/, /files/ENCFF729UHQ/, /files/ENCFF064AOB/	945279	ENCODE Processing Pipeline	fe9d18bbe8cf1ec701c756a27527a930		https://www.encodeproject.org/files/ENCFF738CQK/@@download/ENCFF738CQK.bed.gz				released	s3://encode-public/2016/10/28/b81e227e-b529-4efa-806f-02e8db878c41/ENCFF738CQK.bed.gz	https://datasetencode.blob.core.windows.net/dataset/2016/10/28/b81e227e-b529-4efa-806f-02e8db878c41/ENCFF738CQK.bed.gz?sv=2019-10-10&si=prod&sr=c&sig=9qSQZo4ggrCNpybBExU8SypuUZV33igI11xw0P7rB3c%3D	ENCODE3 GRCh38	archived	missing biosample characterization, missing genetic modification characterization		
ENCFF312JKD	bed narrowPeak	bed	narrowPeak	optimal IDR thresholded peaks	GRCh38	ENCSR705ASR	TF ChIP-seq	/human-donors/ENCDO000ABF/	EFO:0001182	HEK293	cell line	Homo sapiens				site-specific recombination	insertion	{'schema_version': '14', 'aliases': ['michael-snyder:TS-697'], 'organism': {'schema_version': '6', '@type': ['Organism', 'Item'], 'name': 'human', 'taxon_id': '9606', 'scientific_name': 'Homo sapiens', '@id': '/organisms/human/', 'uuid': '7745b647-ff15-4ff3-9ced-b897d4e2983c', 'status': 'released'}, 'genes': ['/genes/222696/'], '@type': ['Target', 'Item'], 'name': 'ZSCAN23-human', 'label': 'ZSCAN23', '@id': '/targets/ZSCAN23-human/', 'title': 'ZSCAN23 (Homo sapiens)', 'investigated_as': ['transcription factor'], 'uuid': '613df7f6-6786-4b90-86f6-3426216e0efc', 'status': 'released'}				ZSCAN23-human	DNA				formaldehyde		2016-10-07	ENCODE			450-650	1, 2	1_1, 2_1							/files/ENCFF335IAV/, /files/ENCFF247KYG/, /files/ENCFF419RSJ/, /files/ENCFF529CAD/	172647	ENCODE Processing Pipeline	55f889a5f3a0f63f269dedf6bbb58637		https://www.encodeproject.org/files/ENCFF312JKD/@@download/ENCFF312JKD.bed.gz				released	s3://encode-public/2016/11/01/64859cf5-0814-4d8f-b17d-161802e779ab/ENCFF312JKD.bed.gz	https://datasetencode.blob.core.windows.net/dataset/2016/11/01/64859cf5-0814-4d8f-b17d-161802e779ab/ENCFF312JKD.bed.gz?sv=2019-10-10&si=prod&sr=c&sig=9qSQZo4ggrCNpybBExU8SypuUZV33igI11xw0P7rB3c%3D	ENCODE3 GRCh38	archived	missing biosample characterization, missing genetic modification characterization		
ENCFF530LIW	bed narrowPeak	bed	narrowPeak	optimal IDR thresholded peaks	GRCh38	ENCSR768VNZ	TF ChIP-seq	/human-donors/ENCDO000ABF/	EFO:0001182	HEK293	cell line	Homo sapiens				site-specific recombination	insertion	{'schema_version': '14', 'aliases': [], 'organism': {'schema_version': '6', '@type': ['Organism', 'Item'], 'name': 'human', 'taxon_id': '9606', 'scientific_name': 'Homo sapiens', '@id': '/organisms/human/', 'uuid': '7745b647-ff15-4ff3-9ced-b897d4e2983c', 'status': 'released'}, 'genes': ['/genes/100101467/'], '@type': ['Target', 'Item'], 'name': 'ZSCAN30-human', 'label': 'ZSCAN30', '@id': '/targets/ZSCAN30-human/', 'title': 'ZSCAN30 (Homo sapiens)', 'investigated_as': ['transcription factor'], 'uuid': 'cf45bc99-730f-411f-8647-5ba9eec7f71e', 'status': 'released'}				ZSCAN30-human	DNA						2018-07-12	ENCODE			450-650	2, 3	2_1, 3_1							/files/ENCFF618BSV/, /files/ENCFF947HVP/, /files/ENCFF525JJQ/, /files/ENCFF419RSJ/	484351	ENCODE Processing Pipeline	5b80fb8da4bcbc77d1689adaf7897a54		https://www.encodeproject.org/files/ENCFF530LIW/@@download/ENCFF530LIW.bed.gz				released	s3://encode-public/2018/06/20/e574cba8-b682-449b-b6a4-072d0222e9e4/ENCFF530LIW.bed.gz	https://datasetencode.blob.core.windows.net/dataset/2018/06/20/e574cba8-b682-449b-b6a4-072d0222e9e4/ENCFF530LIW.bed.gz?sv=2019-10-10&si=prod&sr=c&sig=9qSQZo4ggrCNpybBExU8SypuUZV33igI11xw0P7rB3c%3D	ENCODE3 GRCh38	archived	mild to moderate bottlenecking, missing biosample characterization, moderate library complexity, missing genetic modification characterization		
ENCFF842RKM	bed narrowPeak	bed	narrowPeak	optimal IDR thresholded peaks	GRCh38	ENCSR338DGO	TF ChIP-seq	/human-donors/ENCDO000ABF/	EFO:0001182	HEK293	cell line	Homo sapiens				site-specific recombination	insertion	{'schema_version': '14', 'aliases': ['michael-snyder:TS-952'], 'organism': {'schema_version': '6', '@type': ['Organism', 'Item'], 'name': 'human', 'taxon_id': '9606', 'scientific_name': 'Homo sapiens', '@id': '/organisms/human/', 'uuid': '7745b647-ff15-4ff3-9ced-b897d4e2983c', 'status': 'released'}, 'genes': ['/genes/85508/'], '@type': ['Target', 'Item'], 'name': 'SCRT2-human', 'label': 'SCRT2', '@id': '/targets/SCRT2-human/', 'title': 'SCRT2 (Homo sapiens)', 'investigated_as': ['transcription factor'], 'uuid': '9d321315-ab6f-41a0-8a63-0ca186ba4e07', 'status': 'released'}				SCRT2-human	DNA				formaldehyde		2016-10-25	ENCODE			450-650	1, 2	1_1, 2_1							/files/ENCFF315SXD/, /files/ENCFF419RSJ/, /files/ENCFF532MCH/, /files/ENCFF868BIG/	1185895	ENCODE Processing Pipeline	63b19c915ff7b7b7be0f7cc0ace4065b		https://www.encodeproject.org/files/ENCFF842RKM/@@download/ENCFF842RKM.bed.gz				released	s3://encode-public/2016/10/28/6e35ca14-4b7a-4561-b1ae-03563413eb12/ENCFF842RKM.bed.gz	https://datasetencode.blob.core.windows.net/dataset/2016/10/28/6e35ca14-4b7a-4561-b1ae-03563413eb12/ENCFF842RKM.bed.gz?sv=2019-10-10&si=prod&sr=c&sig=9qSQZo4ggrCNpybBExU8SypuUZV33igI11xw0P7rB3c%3D	ENCODE3 GRCh38	archived	missing biosample characterization, missing genetic modification characterization		
ENCFF324ETS	bed narrowPeak	bed	narrowPeak	optimal IDR thresholded peaks	GRCh38	ENCSR827NWO	TF ChIP-seq	/human-donors/ENCDO000ABF/	EFO:0001182	HEK293	cell line	Homo sapiens				site-specific recombination	insertion	{'schema_version': '14', 'aliases': ['michael-snyder:TS-578'], 'organism': {'schema_version': '6', '@type': ['Organism', 'Item'], 'name': 'human', 'taxon_id': '9606', 'scientific_name': 'Homo sapiens', '@id': '/organisms/human/', 'uuid': '7745b647-ff15-4ff3-9ced-b897d4e2983c', 'status': 'released'}, 'genes': ['/genes/389549/'], '@type': ['Target', 'Item'], 'name': 'FEZF1-human', 'label': 'FEZF1', '@id': '/targets/FEZF1-human/', 'title': 'FEZF1 (Homo sapiens)', 'investigated_as': ['transcription factor'], 'uuid': 'ac3afd4d-eefe-4e03-8603-5c90558a8a27', 'status': 'released'}				FEZF1-human	DNA				formaldehyde		2016-10-14	ENCODE			450-650	1, 2	1_1, 2_1							/files/ENCFF419RSJ/, /files/ENCFF871TVQ/, /files/ENCFF189LHV/, /files/ENCFF075JTN/	607330	ENCODE Processing Pipeline	14597525e3aeda5d090cf9d8bd77aa15		https://www.encodeproject.org/files/ENCFF324ETS/@@download/ENCFF324ETS.bed.gz				released	s3://encode-public/2016/11/01/08b70387-6d76-4e2a-b51f-582d72471b93/ENCFF324ETS.bed.gz	https://datasetencode.blob.core.windows.net/dataset/2016/11/01/08b70387-6d76-4e2a-b51f-582d72471b93/ENCFF324ETS.bed.gz?sv=2019-10-10&si=prod&sr=c&sig=9qSQZo4ggrCNpybBExU8SypuUZV33igI11xw0P7rB3c%3D	ENCODE3 GRCh38	archived	missing biosample characterization, missing genetic modification characterization		
ENCFF407RMG	bed narrowPeak	bed	narrowPeak	optimal IDR thresholded peaks	GRCh38	ENCSR365DQH	TF ChIP-seq	/human-donors/ENCDO000ABF/	EFO:0001182	HEK293	cell line	Homo sapiens				site-specific recombination	insertion	{'schema_version': '14', 'aliases': ['michael-snyder:TS-1432'], 'organism': {'schema_version': '6', '@type': ['Organism', 'Item'], 'name': 'human', 'taxon_id': '9606', 'scientific_name': 'Homo sapiens', '@id': '/organisms/human/', 'uuid': '7745b647-ff15-4ff3-9ced-b897d4e2983c', 'status': 'released'}, 'genes': ['/genes/10520/'], '@type': ['Target', 'Item'], 'name': 'ZNF211-human', 'label': 'ZNF211', '@id': '/targets/ZNF211-human/', 'title': 'ZNF211 (Homo sapiens)', 'investigated_as': ['transcription factor'], 'uuid': '1ba4bc5a-25ed-4562-add7-10c9002e0413', 'status': 'released'}				ZNF211-human	DNA				formaldehyde		2016-12-19	ENCODE			450-650	1, 2	1_1, 2_1							/files/ENCFF630AYE/, /files/ENCFF191OSS/, /files/ENCFF633EGC/, /files/ENCFF419RSJ/	39241	ENCODE Processing Pipeline	7fc6b7858feabf054ad3a42663b5033c		https://www.encodeproject.org/files/ENCFF407RMG/@@download/ENCFF407RMG.bed.gz				released	s3://encode-public/2016/12/16/4a7b6a0b-34f2-49cd-a3b4-c35c27a04466/ENCFF407RMG.bed.gz	https://datasetencode.blob.core.windows.net/dataset/2016/12/16/4a7b6a0b-34f2-49cd-a3b4-c35c27a04466/ENCFF407RMG.bed.gz?sv=2019-10-10&si=prod&sr=c&sig=9qSQZo4ggrCNpybBExU8SypuUZV33igI11xw0P7rB3c%3D	ENCODE3 GRCh38	archived	low read depth, missing biosample characterization, missing genetic modification characterization		
ENCFF193LIK	bed narrowPeak	bed	narrowPeak	optimal IDR thresholded peaks	GRCh38	ENCSR595FAO	TF ChIP-seq	/human-donors/ENCDO000ABF/	EFO:0001182	HEK293	cell line	Homo sapiens				site-specific recombination	insertion	{'schema_version': '14', 'aliases': ['michael-snyder:TS-1381'], 'organism': {'schema_version': '6', '@type': ['Organism', 'Item'], 'name': 'human', 'taxon_id': '9606', 'scientific_name': 'Homo sapiens', '@id': '/organisms/human/', 'uuid': '7745b647-ff15-4ff3-9ced-b897d4e2983c', 'status': 'released'}, 'genes': ['/genes/22869/'], '@type': ['Target', 'Item'], 'name': 'ZNF510-human', 'label': 'ZNF510', '@id': '/targets/ZNF510-human/', 'title': 'ZNF510 (Homo sapiens)', 'investigated_as': ['transcription factor'], 'uuid': 'f2587139-ed54-43c9-8f7b-031898b3292e', 'status': 'released'}				ZNF510-human	DNA				formaldehyde		2018-01-30	ENCODE			450-650	1, 2	1_1, 2_1							/files/ENCFF148UBC/, /files/ENCFF405XFK/, /files/ENCFF419RSJ/, /files/ENCFF418BPX/	104971	ENCODE Processing Pipeline	1978e31fb986b00857404430b94e98d6		https://www.encodeproject.org/files/ENCFF193LIK/@@download/ENCFF193LIK.bed.gz				released	s3://encode-public/2017/12/08/b88f24f4-eca6-44ce-a606-22a739b31d4a/ENCFF193LIK.bed.gz	https://datasetencode.blob.core.windows.net/dataset/2017/12/08/b88f24f4-eca6-44ce-a606-22a739b31d4a/ENCFF193LIK.bed.gz?sv=2019-10-10&si=prod&sr=c&sig=9qSQZo4ggrCNpybBExU8SypuUZV33igI11xw0P7rB3c%3D	ENCODE3 GRCh38	archived	mild to moderate bottlenecking, missing biosample characterization, missing genetic modification characterization	insufficient replicate concordance	
ENCFF886WTI	bed narrowPeak	bed	narrowPeak	optimal IDR thresholded peaks	GRCh38	ENCSR738SLS	TF ChIP-seq	/human-donors/ENCDO000ABF/	EFO:0001182	HEK293	cell line	Homo sapiens				site-specific recombination	insertion	{'schema_version': '14', 'aliases': ['michael-snyder:TS-716'], 'organism': {'schema_version': '6', '@type': ['Organism', 'Item'], 'name': 'human', 'taxon_id': '9606', 'scientific_name': 'Homo sapiens', '@id': '/organisms/human/', 'uuid': '7745b647-ff15-4ff3-9ced-b897d4e2983c', 'status': 'released'}, 'genes': ['/genes/203523/'], '@type': ['Target', 'Item'], 'name': 'ZNF449-human', 'label': 'ZNF449', '@id': '/targets/ZNF449-human/', 'title': 'ZNF449 (Homo sapiens)', 'investigated_as': ['transcription factor'], 'uuid': 'e4c80a76-4f8f-41af-9dd3-0d0219176681', 'status': 'released'}				ZNF449-human	DNA				formaldehyde		2017-11-28	ENCODE			450-650	1, 2	1_1, 2_1							/files/ENCFF766SQF/, /files/ENCFF628RDJ/, /files/ENCFF419RSJ/, /files/ENCFF962NIV/	371452	ENCODE Processing Pipeline	c57b037abf9ec4e51c6d768d1e42ed93		https://www.encodeproject.org/files/ENCFF886WTI/@@download/ENCFF886WTI.bed.gz				released	s3://encode-public/2017/11/27/2d009324-93b1-4c77-9a9a-6d5a0f972d0d/ENCFF886WTI.bed.gz	https://datasetencode.blob.core.windows.net/dataset/2017/11/27/2d009324-93b1-4c77-9a9a-6d5a0f972d0d/ENCFF886WTI.bed.gz?sv=2019-10-10&si=prod&sr=c&sig=9qSQZo4ggrCNpybBExU8SypuUZV33igI11xw0P7rB3c%3D	ENCODE3 GRCh38	archived	mild to moderate bottlenecking, missing biosample characterization, moderate library complexity, missing genetic modification characterization		
ENCFF339XZT	bed narrowPeak	bed	narrowPeak	optimal IDR thresholded peaks	GRCh38	ENCSR691TXI	TF ChIP-seq	/human-donors/ENCDO000ABF/	EFO:0001182	HEK293	cell line	Homo sapiens				site-specific recombination	insertion	{'schema_version': '14', 'aliases': ['michael-snyder:TS-778'], 'organism': {'schema_version': '6', '@type': ['Organism', 'Item'], 'name': 'human', 'taxon_id': '9606', 'scientific_name': 'Homo sapiens', '@id': '/organisms/human/', 'uuid': '7745b647-ff15-4ff3-9ced-b897d4e2983c', 'status': 'released'}, 'genes': ['/genes/162963/'], '@type': ['Target', 'Item'], 'name': 'ZNF610-human', 'label': 'ZNF610', '@id': '/targets/ZNF610-human/', 'title': 'ZNF610 (Homo sapiens)', 'investigated_as': ['transcription factor'], 'uuid': '2a577ec8-0035-4367-8fa9-6a083e6d0270', 'status': 'released'}				ZNF610-human	DNA				formaldehyde		2016-10-07	ENCODE			450-650	1, 2	1_1, 2_1							/files/ENCFF809PLY/, /files/ENCFF753LES/, /files/ENCFF419RSJ/, /files/ENCFF766YZS/	277838	ENCODE Processing Pipeline	57bd86637314d1e7e0a877dc8f7868dc		https://www.encodeproject.org/files/ENCFF339XZT/@@download/ENCFF339XZT.bed.gz				released	s3://encode-public/2016/11/01/2859976c-366b-4df3-aba0-fa53b86ec2b5/ENCFF339XZT.bed.gz	https://datasetencode.blob.core.windows.net/dataset/2016/11/01/2859976c-366b-4df3-aba0-fa53b86ec2b5/ENCFF339XZT.bed.gz?sv=2019-10-10&si=prod&sr=c&sig=9qSQZo4ggrCNpybBExU8SypuUZV33igI11xw0P7rB3c%3D	ENCODE3 GRCh38	archived	missing biosample characterization, borderline replicate concordance, missing genetic modification characterization		
ENCFF913PSL	bed narrowPeak	bed	narrowPeak	optimal IDR thresholded peaks	GRCh38	ENCSR769JRS	TF ChIP-seq	/human-donors/ENCDO000ABF/	EFO:0001182	HEK293	cell line	Homo sapiens				site-specific recombination	insertion	{'schema_version': '14', 'aliases': [], 'organism': {'schema_version': '6', '@type': ['Organism', 'Item'], 'name': 'human', 'taxon_id': '9606', 'scientific_name': 'Homo sapiens', '@id': '/organisms/human/', 'uuid': '7745b647-ff15-4ff3-9ced-b897d4e2983c', 'status': 'released'}, 'genes': ['/genes/121536/'], '@type': ['Target', 'Item'], 'name': 'AEBP2-human', 'label': 'AEBP2', '@id': '/targets/AEBP2-human/', 'title': 'AEBP2 (Homo sapiens)', 'investigated_as': ['transcription factor'], 'uuid': '5e01fbf7-84c6-4313-83a2-c4191ea7fef7', 'status': 'released'}				AEBP2-human	DNA				formaldehyde		2016-10-07	ENCODE			450-650	1, 2	1_1, 2_1							/files/ENCFF972XCP/, /files/ENCFF419RSJ/, /files/ENCFF088OFP/, /files/ENCFF397EGL/	47901	ENCODE Processing Pipeline	e48e4240f945bb7cc791783326d66e4f		https://www.encodeproject.org/files/ENCFF913PSL/@@download/ENCFF913PSL.bed.gz				released	s3://encode-public/2016/11/01/743da3b5-7370-49f4-a802-37364c26fc9f/ENCFF913PSL.bed.gz	https://datasetencode.blob.core.windows.net/dataset/2016/11/01/743da3b5-7370-49f4-a802-37364c26fc9f/ENCFF913PSL.bed.gz?sv=2019-10-10&si=prod&sr=c&sig=9qSQZo4ggrCNpybBExU8SypuUZV33igI11xw0P7rB3c%3D	ENCODE3 GRCh38	archived	missing biosample characterization, borderline replicate concordance, missing genetic modification characterization		
ENCFF444CQQ	bed narrowPeak	bed	narrowPeak	optimal IDR thresholded peaks	GRCh38	ENCSR669GUM	TF ChIP-seq	/human-donors/ENCDO000ABF/	EFO:0001182	HEK293	cell line	Homo sapiens				site-specific recombination	insertion	{'schema_version': '14', 'aliases': ['michael-snyder:TS-622'], 'organism': {'schema_version': '6', '@type': ['Organism', 'Item'], 'name': 'human', 'taxon_id': '9606', 'scientific_name': 'Homo sapiens', '@id': '/organisms/human/', 'uuid': '7745b647-ff15-4ff3-9ced-b897d4e2983c', 'status': 'released'}, 'genes': ['/genes/342908/'], '@type': ['Target', 'Item'], 'name': 'ZNF404-human', 'label': 'ZNF404', '@id': '/targets/ZNF404-human/', 'title': 'ZNF404 (Homo sapiens)', 'investigated_as': ['transcription factor'], 'uuid': '6a4467f4-fdc0-4636-8370-e4cedf64bcae', 'status': 'released'}				ZNF404-human	DNA				formaldehyde		2017-02-13	ENCODE			450-650	1, 2	1_1, 2_1							/files/ENCFF257ADA/, /files/ENCFF419RSJ/, /files/ENCFF593MJR/, /files/ENCFF582KKC/	44720	ENCODE Processing Pipeline	7ec928e76e1c4db6ad4ccb9dfea2c0dc		https://www.encodeproject.org/files/ENCFF444CQQ/@@download/ENCFF444CQQ.bed.gz				released	s3://encode-public/2017/02/08/164dd537-288f-4803-8758-87d97c12defb/ENCFF444CQQ.bed.gz	https://datasetencode.blob.core.windows.net/dataset/2017/02/08/164dd537-288f-4803-8758-87d97c12defb/ENCFF444CQQ.bed.gz?sv=2019-10-10&si=prod&sr=c&sig=9qSQZo4ggrCNpybBExU8SypuUZV33igI11xw0P7rB3c%3D	ENCODE3 GRCh38	archived	missing biosample characterization, missing genetic modification characterization		
ENCFF999MOT	bed narrowPeak	bed	narrowPeak	optimal IDR thresholded peaks	GRCh38	ENCSR304AMN	TF ChIP-seq	/human-donors/ENCDO000ABF/	EFO:0001182	HEK293	cell line	Homo sapiens				site-specific recombination	insertion	{'schema_version': '14', 'aliases': [], 'organism': {'schema_version': '6', '@type': ['Organism', 'Item'], 'name': 'human', 'taxon_id': '9606', 'scientific_name': 'Homo sapiens', '@id': '/organisms/human/', 'uuid': '7745b647-ff15-4ff3-9ced-b897d4e2983c', 'status': 'released'}, 'genes': ['/genes/22806/'], '@type': ['Target', 'Item'], 'name': 'IKZF3-human', 'label': 'IKZF3', '@id': '/targets/IKZF3-human/', 'title': 'IKZF3 (Homo sapiens)', 'investigated_as': ['transcription factor'], 'uuid': '6b1223f5-60f9-4ef0-81a0-1c60b72f5b93', 'status': 'released'}				IKZF3-human	DNA						2018-07-12	ENCODE			450-650	2, 3	2_1, 3_1							/files/ENCFF419RSJ/, /files/ENCFF803ADO/, /files/ENCFF586ZHQ/, /files/ENCFF255KCK/	567250	ENCODE Processing Pipeline	3b8f86b31ac2660688cfab19decaea5b		https://www.encodeproject.org/files/ENCFF999MOT/@@download/ENCFF999MOT.bed.gz				released	s3://encode-public/2018/06/20/53328aed-b8b8-40f3-b35c-2a8d48e405fc/ENCFF999MOT.bed.gz	https://datasetencode.blob.core.windows.net/dataset/2018/06/20/53328aed-b8b8-40f3-b35c-2a8d48e405fc/ENCFF999MOT.bed.gz?sv=2019-10-10&si=prod&sr=c&sig=9qSQZo4ggrCNpybBExU8SypuUZV33igI11xw0P7rB3c%3D	ENCODE3 GRCh38	archived	mild to moderate bottlenecking, missing biosample characterization, moderate library complexity, missing genetic modification characterization		
ENCFF924JMH	bed narrowPeak	bed	narrowPeak	optimal IDR thresholded peaks	GRCh38	ENCSR516VQK	TF ChIP-seq	/human-donors/ENCDO000ABF/	EFO:0001182	HEK293	cell line	Homo sapiens				site-specific recombination	insertion	{'schema_version': '14', 'aliases': [], 'organism': {'schema_version': '6', '@type': ['Organism', 'Item'], 'name': 'human', 'taxon_id': '9606', 'scientific_name': 'Homo sapiens', '@id': '/organisms/human/', 'uuid': '7745b647-ff15-4ff3-9ced-b897d4e2983c', 'status': 'released'}, 'genes': ['/genes/7727/'], '@type': ['Target', 'Item'], 'name': 'ZNF174-human', 'label': 'ZNF174', '@id': '/targets/ZNF174-human/', 'title': 'ZNF174 (Homo sapiens)', 'investigated_as': ['transcription factor'], 'uuid': '34074c6d-7a31-4a04-bcba-e7bd4847d0a6', 'status': 'released'}				ZNF174-human	DNA				formaldehyde		2017-04-06	ENCODE			450-650	1, 2	1_1, 2_1							/files/ENCFF554JHS/, /files/ENCFF055SJC/, /files/ENCFF419RSJ/, /files/ENCFF607TIV/	36246	ENCODE Processing Pipeline	ebfea90d12759788fef84de08f51b498		https://www.encodeproject.org/files/ENCFF924JMH/@@download/ENCFF924JMH.bed.gz				released	s3://encode-public/2017/03/06/c387571d-61a2-4b1a-9a0a-3fe5119bf04b/ENCFF924JMH.bed.gz	https://datasetencode.blob.core.windows.net/dataset/2017/03/06/c387571d-61a2-4b1a-9a0a-3fe5119bf04b/ENCFF924JMH.bed.gz?sv=2019-10-10&si=prod&sr=c&sig=9qSQZo4ggrCNpybBExU8SypuUZV33igI11xw0P7rB3c%3D	ENCODE3 GRCh38	archived	mild to moderate bottlenecking, missing biosample characterization, missing genetic modification characterization		
ENCFF197LYS	bed narrowPeak	bed	narrowPeak	optimal IDR thresholded peaks	GRCh38	ENCSR283DOU	TF ChIP-seq	/human-donors/ENCDO000ABF/	EFO:0001182	HEK293	cell line	Homo sapiens				site-specific recombination	insertion	{'schema_version': '14', 'aliases': ['michael-snyder:TS-656'], 'organism': {'schema_version': '6', '@type': ['Organism', 'Item'], 'name': 'human', 'taxon_id': '9606', 'scientific_name': 'Homo sapiens', '@id': '/organisms/human/', 'uuid': '7745b647-ff15-4ff3-9ced-b897d4e2983c', 'status': 'released'}, 'genes': ['/genes/285349/'], '@type': ['Target', 'Item'], 'name': 'ZNF660-human', 'label': 'ZNF660', '@id': '/targets/ZNF660-human/', 'title': 'ZNF660 (Homo sapiens)', 'investigated_as': ['transcription factor'], 'uuid': '1bd80977-747c-44b6-8182-dcbf1769810b', 'status': 'released'}				ZNF660-human	DNA						2018-07-11	ENCODE			450-650	2, 3	2_1, 3_1							/files/ENCFF986ZCL/, /files/ENCFF608ADT/, /files/ENCFF419RSJ/, /files/ENCFF108RIH/	597861	ENCODE Processing Pipeline	e0c001beffcd2eac7fa93c0a7759bc4c		https://www.encodeproject.org/files/ENCFF197LYS/@@download/ENCFF197LYS.bed.gz				released	s3://encode-public/2018/04/18/cabb2091-63a9-4853-b196-8961486a5f7e/ENCFF197LYS.bed.gz	https://datasetencode.blob.core.windows.net/dataset/2018/04/18/cabb2091-63a9-4853-b196-8961486a5f7e/ENCFF197LYS.bed.gz?sv=2019-10-10&si=prod&sr=c&sig=9qSQZo4ggrCNpybBExU8SypuUZV33igI11xw0P7rB3c%3D	ENCODE3 GRCh38	archived	mild to moderate bottlenecking, missing biosample characterization, missing genetic modification characterization		
ENCFF804ZLF	bed narrowPeak	bed	narrowPeak	optimal IDR thresholded peaks	GRCh38	ENCSR295BIP	TF ChIP-seq	/human-donors/ENCDO000ABF/	EFO:0001182	HEK293	cell line	Homo sapiens				site-specific recombination	insertion	{'schema_version': '14', 'aliases': [], 'organism': {'schema_version': '6', '@type': ['Organism', 'Item'], 'name': 'human', 'taxon_id': '9606', 'scientific_name': 'Homo sapiens', '@id': '/organisms/human/', 'uuid': '7745b647-ff15-4ff3-9ced-b897d4e2983c', 'status': 'released'}, 'genes': ['/genes/27153/'], '@type': ['Target', 'Item'], 'name': 'ZNF777-human', 'label': 'ZNF777', '@id': '/targets/ZNF777-human/', 'title': 'ZNF777 (Homo sapiens)', 'investigated_as': ['transcription factor'], 'uuid': '26f72603-ec74-428a-8e87-664229f0f8cb', 'status': 'released'}				ZNF777-human	DNA				formaldehyde		2017-04-06	ENCODE			450-650	1, 2	1_1, 2_1							/files/ENCFF655CFS/, /files/ENCFF464FKJ/, /files/ENCFF373PMF/, /files/ENCFF419RSJ/	146227	ENCODE Processing Pipeline	8eeababfab257e430c4b9aa1f511e66a		https://www.encodeproject.org/files/ENCFF804ZLF/@@download/ENCFF804ZLF.bed.gz				released	s3://encode-public/2017/03/06/f08eef5b-57c8-49b2-be3a-c05a50ab7f55/ENCFF804ZLF.bed.gz	https://datasetencode.blob.core.windows.net/dataset/2017/03/06/f08eef5b-57c8-49b2-be3a-c05a50ab7f55/ENCFF804ZLF.bed.gz?sv=2019-10-10&si=prod&sr=c&sig=9qSQZo4ggrCNpybBExU8SypuUZV33igI11xw0P7rB3c%3D	ENCODE3 GRCh38	archived	missing biosample characterization, borderline replicate concordance, missing genetic modification characterization		
ENCFF970URF	bed narrowPeak	bed	narrowPeak	optimal IDR thresholded peaks	GRCh38	ENCSR503DPC	TF ChIP-seq	/human-donors/ENCDO000ABF/	EFO:0001182	HEK293	cell line	Homo sapiens				site-specific recombination	insertion	{'schema_version': '14', 'aliases': ['michael-snyder:TS-852'], 'organism': {'schema_version': '6', '@type': ['Organism', 'Item'], 'name': 'human', 'taxon_id': '9606', 'scientific_name': 'Homo sapiens', '@id': '/organisms/human/', 'uuid': '7745b647-ff15-4ff3-9ced-b897d4e2983c', 'status': 'released'}, 'genes': ['/genes/130557/'], '@type': ['Target', 'Item'], 'name': 'ZNF513-human', 'label': 'ZNF513', '@id': '/targets/ZNF513-human/', 'title': 'ZNF513 (Homo sapiens)', 'investigated_as': ['transcription factor'], 'uuid': '3eaddcdd-c60d-4301-84a5-e5bb1e3bcd6e', 'status': 'released'}				ZNF513-human	DNA						2018-07-11	ENCODE			450-650	2, 3	2_1, 3_1							/files/ENCFF419RSJ/, /files/ENCFF295YZS/, /files/ENCFF954NGJ/, /files/ENCFF830YVP/	226316	ENCODE Processing Pipeline	2cb78db03ed50bc3cb85ef3d28a05254		https://www.encodeproject.org/files/ENCFF970URF/@@download/ENCFF970URF.bed.gz				released	s3://encode-public/2018/04/18/128a8cb6-54d3-4683-b921-3ac6726a1637/ENCFF970URF.bed.gz	https://datasetencode.blob.core.windows.net/dataset/2018/04/18/128a8cb6-54d3-4683-b921-3ac6726a1637/ENCFF970URF.bed.gz?sv=2019-10-10&si=prod&sr=c&sig=9qSQZo4ggrCNpybBExU8SypuUZV33igI11xw0P7rB3c%3D	ENCODE3 GRCh38	archived	missing biosample characterization, missing genetic modification characterization		
ENCFF904ANO	bed narrowPeak	bed	narrowPeak	optimal IDR thresholded peaks	GRCh38	ENCSR543KOA	TF ChIP-seq	/human-donors/ENCDO000ABF/	EFO:0001182	HEK293	cell line	Homo sapiens				site-specific recombination	insertion	{'schema_version': '14', 'aliases': [], 'organism': {'schema_version': '6', '@type': ['Organism', 'Item'], 'name': 'human', 'taxon_id': '9606', 'scientific_name': 'Homo sapiens', '@id': '/organisms/human/', 'uuid': '7745b647-ff15-4ff3-9ced-b897d4e2983c', 'status': 'released'}, 'genes': ['/genes/221527/'], '@type': ['Target', 'Item'], 'name': 'ZBTB12-human', 'label': 'ZBTB12', '@id': '/targets/ZBTB12-human/', 'title': 'ZBTB12 (Homo sapiens)', 'investigated_as': ['transcription factor'], 'uuid': 'a94760dd-89d5-4525-b326-467dcfb21385', 'status': 'released'}				ZBTB12-human	DNA				formaldehyde		2017-11-28	ENCODE			450-650	1, 2	1_1, 2_1							/files/ENCFF288NOF/, /files/ENCFF439ZDA/, /files/ENCFF938APS/, /files/ENCFF419RSJ/	199678	ENCODE Processing Pipeline	fb7c2e593808193470892135eb935b38		https://www.encodeproject.org/files/ENCFF904ANO/@@download/ENCFF904ANO.bed.gz				released	s3://encode-public/2017/11/27/885d6dd9-7b4b-495d-a5c6-24c3153c4128/ENCFF904ANO.bed.gz	https://datasetencode.blob.core.windows.net/dataset/2017/11/27/885d6dd9-7b4b-495d-a5c6-24c3153c4128/ENCFF904ANO.bed.gz?sv=2019-10-10&si=prod&sr=c&sig=9qSQZo4ggrCNpybBExU8SypuUZV33igI11xw0P7rB3c%3D	ENCODE3 GRCh38	archived	missing biosample characterization, missing genetic modification characterization		
ENCFF373VEK	bed narrowPeak	bed	narrowPeak	optimal IDR thresholded peaks	GRCh38	ENCSR290SSQ	TF ChIP-seq	/human-donors/ENCDO000ABF/	EFO:0001182	HEK293	cell line	Homo sapiens				site-specific recombination	insertion	{'dbxrefs': ['FactorBook:MAZ'], 'aliases': ['michael-snyder:TS-1819'], 'organism': {'schema_version': '6', '@type': ['Organism', 'Item'], 'name': 'human', 'taxon_id': '9606', 'scientific_name': 'Homo sapiens', '@id': '/organisms/human/', 'uuid': '7745b647-ff15-4ff3-9ced-b897d4e2983c', 'status': 'released'}, 'genes': ['/genes/4150/'], '@type': ['Target', 'Item'], 'label': 'MAZ', 'title': 'MAZ (Homo sapiens)', 'investigated_as': ['transcription factor'], 'uuid': 'a84519a6-5cb1-4e81-aeac-a2a79bb66a6f', 'schema_version': '14', 'name': 'MAZ-human', '@id': '/targets/MAZ-human/', 'status': 'released'}				MAZ-human	DNA				formaldehyde		2016-10-07	ENCODE			450-650	1, 2	1_1, 2_1							/files/ENCFF652YQI/, /files/ENCFF726FZA/, /files/ENCFF419RSJ/, /files/ENCFF442YRD/	703430	ENCODE Processing Pipeline	36f73bf4513ac631229e5e33f26982a2		https://www.encodeproject.org/files/ENCFF373VEK/@@download/ENCFF373VEK.bed.gz				released	s3://encode-public/2016/10/28/158bf021-f66f-4137-ae85-1956f9aacfa8/ENCFF373VEK.bed.gz	https://datasetencode.blob.core.windows.net/dataset/2016/10/28/158bf021-f66f-4137-ae85-1956f9aacfa8/ENCFF373VEK.bed.gz?sv=2019-10-10&si=prod&sr=c&sig=9qSQZo4ggrCNpybBExU8SypuUZV33igI11xw0P7rB3c%3D	ENCODE3 GRCh38	archived	low read depth, missing biosample characterization, borderline replicate concordance, missing genetic modification characterization		
ENCFF817UEX	bed narrowPeak	bed	narrowPeak	optimal IDR thresholded peaks	GRCh38	ENCSR882ICT	TF ChIP-seq	/human-donors/ENCDO000ABF/	EFO:0001184	HEK293T	cell line	Homo sapiens										ZNF384-human	DNA						2016-11-17	ENCODE			450-650	1, 2	1_1, 2_1							/files/ENCFF488EME/, /files/ENCFF963ZID/, /files/ENCFF419RSJ/, /files/ENCFF108SAS/	326460	ENCODE Processing Pipeline	34b25656d3796676428d196e9a0e140d		https://www.encodeproject.org/files/ENCFF817UEX/@@download/ENCFF817UEX.bed.gz				released	s3://encode-public/2016/11/02/c15c61ca-53cd-474c-80fb-2e4afeab05f6/ENCFF817UEX.bed.gz	https://datasetencode.blob.core.windows.net/dataset/2016/11/02/c15c61ca-53cd-474c-80fb-2e4afeab05f6/ENCFF817UEX.bed.gz?sv=2019-10-10&si=prod&sr=c&sig=9qSQZo4ggrCNpybBExU8SypuUZV33igI11xw0P7rB3c%3D	ENCODE3 GRCh38	archived			
ENCFF388XSN	bed narrowPeak	bed	narrowPeak	optimal IDR thresholded peaks	GRCh38	ENCSR421QXA	TF ChIP-seq	/human-donors/ENCDO000ABF/	EFO:0001182	HEK293	cell line	Homo sapiens				site-specific recombination	insertion	{'schema_version': '14', 'aliases': ['michael-snyder:TS-1270'], 'organism': {'schema_version': '6', '@type': ['Organism', 'Item'], 'name': 'human', 'taxon_id': '9606', 'scientific_name': 'Homo sapiens', '@id': '/organisms/human/', 'uuid': '7745b647-ff15-4ff3-9ced-b897d4e2983c', 'status': 'released'}, 'genes': ['/genes/51276/'], '@type': ['Target', 'Item'], 'name': 'ZNF571-human', 'label': 'ZNF571', '@id': '/targets/ZNF571-human/', 'title': 'ZNF571 (Homo sapiens)', 'investigated_as': ['transcription factor'], 'uuid': '287fb001-7150-4bb8-ada0-28c82a8ea81c', 'status': 'released'}				ZNF571-human	DNA				formaldehyde		2017-04-06	ENCODE			450-650	1, 2	1_1, 2_1							/files/ENCFF239VVK/, /files/ENCFF781BPT/, /files/ENCFF419RSJ/, /files/ENCFF572OQG/	31471	ENCODE Processing Pipeline	efeca31d2d5523b7ee90aa0e53668db9		https://www.encodeproject.org/files/ENCFF388XSN/@@download/ENCFF388XSN.bed.gz				released	s3://encode-public/2017/02/16/f218dd0a-c46b-4c8e-af1c-e53d4fb40542/ENCFF388XSN.bed.gz	https://datasetencode.blob.core.windows.net/dataset/2017/02/16/f218dd0a-c46b-4c8e-af1c-e53d4fb40542/ENCFF388XSN.bed.gz?sv=2019-10-10&si=prod&sr=c&sig=9qSQZo4ggrCNpybBExU8SypuUZV33igI11xw0P7rB3c%3D	ENCODE3 GRCh38	archived	missing biosample characterization, missing genetic modification characterization		
ENCFF076TXN	bed narrowPeak	bed	narrowPeak	optimal IDR thresholded peaks	GRCh38	ENCSR044FMM	TF ChIP-seq	/human-donors/ENCDO000ABF/	EFO:0001182	HEK293	cell line	Homo sapiens				site-specific recombination	insertion	{'schema_version': '14', 'aliases': [], 'organism': {'schema_version': '6', '@type': ['Organism', 'Item'], 'name': 'human', 'taxon_id': '9606', 'scientific_name': 'Homo sapiens', '@id': '/organisms/human/', 'uuid': '7745b647-ff15-4ff3-9ced-b897d4e2983c', 'status': 'released'}, 'genes': ['/genes/6297/'], '@type': ['Target', 'Item'], 'name': 'SALL2-human', 'label': 'SALL2', '@id': '/targets/SALL2-human/', 'title': 'SALL2 (Homo sapiens)', 'investigated_as': ['transcription factor'], 'uuid': '0f9bb016-c662-48e8-8656-a6d09c1a030e', 'status': 'released'}				SALL2-human	DNA				formaldehyde		2017-04-06	ENCODE			450-650	1, 2	1_1, 2_1							/files/ENCFF419RSJ/, /files/ENCFF571TBP/, /files/ENCFF148ZVH/, /files/ENCFF132FHH/	51414	ENCODE Processing Pipeline	24c3b9471c63f5b6bf932c39e032639e		https://www.encodeproject.org/files/ENCFF076TXN/@@download/ENCFF076TXN.bed.gz				released	s3://encode-public/2017/02/15/dafb66b1-2868-4ebd-9c77-dc67b79e6af5/ENCFF076TXN.bed.gz	https://datasetencode.blob.core.windows.net/dataset/2017/02/15/dafb66b1-2868-4ebd-9c77-dc67b79e6af5/ENCFF076TXN.bed.gz?sv=2019-10-10&si=prod&sr=c&sig=9qSQZo4ggrCNpybBExU8SypuUZV33igI11xw0P7rB3c%3D	ENCODE3 GRCh38	archived	mild to moderate bottlenecking, missing biosample characterization, borderline replicate concordance, missing genetic modification characterization		
ENCFF728QYS	bed narrowPeak	bed	narrowPeak	optimal IDR thresholded peaks	GRCh38	ENCSR985MYI	TF ChIP-seq	/human-donors/ENCDO000ABF/	EFO:0001182	HEK293	cell line	Homo sapiens				site-specific recombination	insertion	{'schema_version': '14', 'aliases': ['michael-snyder:TS-760'], 'organism': {'schema_version': '6', '@type': ['Organism', 'Item'], 'name': 'human', 'taxon_id': '9606', 'scientific_name': 'Homo sapiens', '@id': '/organisms/human/', 'uuid': '7745b647-ff15-4ff3-9ced-b897d4e2983c', 'status': 'released'}, 'genes': ['/genes/163071/'], '@type': ['Target', 'Item'], 'name': 'ZNF114-human', 'label': 'ZNF114', '@id': '/targets/ZNF114-human/', 'title': 'ZNF114 (Homo sapiens)', 'investigated_as': ['transcription factor'], 'uuid': 'ea9e2101-bfd5-4a34-8bd4-0907117365af', 'status': 'released'}				ZNF114-human	DNA				formaldehyde		2017-05-17	ENCODE			450-650	2, 3	2_1, 3_1							/files/ENCFF419RSJ/, /files/ENCFF828RFB/, /files/ENCFF617YIK/, /files/ENCFF621QEA/	30899	ENCODE Processing Pipeline	81788f6050344a4ea8f884d95af405b8		https://www.encodeproject.org/files/ENCFF728QYS/@@download/ENCFF728QYS.bed.gz				released	s3://encode-public/2017/05/12/83b784e4-9d84-4342-93dd-a17efda4dc62/ENCFF728QYS.bed.gz	https://datasetencode.blob.core.windows.net/dataset/2017/05/12/83b784e4-9d84-4342-93dd-a17efda4dc62/ENCFF728QYS.bed.gz?sv=2019-10-10&si=prod&sr=c&sig=9qSQZo4ggrCNpybBExU8SypuUZV33igI11xw0P7rB3c%3D	ENCODE3 GRCh38	archived	missing biosample characterization, missing genetic modification characterization		
ENCFF145USV	bed narrowPeak	bed	narrowPeak	optimal IDR thresholded peaks	GRCh38	ENCSR011CKE	TF ChIP-seq	/human-donors/ENCDO000ABF/	EFO:0001182	HEK293	cell line	Homo sapiens				site-specific recombination	insertion	{'schema_version': '14', 'aliases': [], 'organism': {'schema_version': '6', '@type': ['Organism', 'Item'], 'name': 'human', 'taxon_id': '9606', 'scientific_name': 'Homo sapiens', '@id': '/organisms/human/', 'uuid': '7745b647-ff15-4ff3-9ced-b897d4e2983c', 'status': 'released'}, 'genes': ['/genes/7549/'], '@type': ['Target', 'Item'], 'name': 'ZNF2-human', 'label': 'ZNF2', '@id': '/targets/ZNF2-human/', 'title': 'ZNF2 (Homo sapiens)', 'investigated_as': ['transcription factor'], 'uuid': '84c81db9-6dfd-42c6-8380-f5a9ca0f6ac6', 'status': 'released'}				ZNF2-human	DNA				formaldehyde		2016-10-25	ENCODE			450-650	1, 2	1_1, 2_1							/files/ENCFF401YCF/, /files/ENCFF417JUE/, /files/ENCFF419RSJ/, /files/ENCFF120HWE/	526768	ENCODE Processing Pipeline	375b593d99bf7c936e1494a876b8b5bf		https://www.encodeproject.org/files/ENCFF145USV/@@download/ENCFF145USV.bed.gz				released	s3://encode-public/2016/11/01/10699f82-c0ae-4f15-be9f-7180eb69dbc4/ENCFF145USV.bed.gz	https://datasetencode.blob.core.windows.net/dataset/2016/11/01/10699f82-c0ae-4f15-be9f-7180eb69dbc4/ENCFF145USV.bed.gz?sv=2019-10-10&si=prod&sr=c&sig=9qSQZo4ggrCNpybBExU8SypuUZV33igI11xw0P7rB3c%3D	ENCODE3 GRCh38	archived	missing biosample characterization, missing genetic modification characterization		
ENCFF922WQN	bed narrowPeak	bed	narrowPeak	optimal IDR thresholded peaks	GRCh38	ENCSR076STQ	TF ChIP-seq	/human-donors/ENCDO000ABF/	EFO:0001182	HEK293	cell line	Homo sapiens				site-specific recombination	insertion	{'schema_version': '14', 'aliases': [], 'organism': {'schema_version': '6', '@type': ['Organism', 'Item'], 'name': 'human', 'taxon_id': '9606', 'scientific_name': 'Homo sapiens', '@id': '/organisms/human/', 'uuid': '7745b647-ff15-4ff3-9ced-b897d4e2983c', 'status': 'released'}, 'genes': ['/genes/29068/'], '@type': ['Target', 'Item'], 'name': 'ZBTB44-human', 'label': 'ZBTB44', '@id': '/targets/ZBTB44-human/', 'title': 'ZBTB44 (Homo sapiens)', 'investigated_as': ['transcription factor'], 'uuid': '9898232f-cd96-4aca-8b1c-f3714226383d', 'status': 'released'}				ZBTB44-human	DNA						2018-07-11	ENCODE			450-650	2, 3	2_1, 3_1							/files/ENCFF875MWW/, /files/ENCFF598YVL/, /files/ENCFF419RSJ/, /files/ENCFF992KXU/	372896	ENCODE Processing Pipeline	1694a3a281235204df02c3d6e3fee2c3		https://www.encodeproject.org/files/ENCFF922WQN/@@download/ENCFF922WQN.bed.gz				released	s3://encode-public/2018/04/18/6c223871-365f-4e6c-af5e-446df84fdbac/ENCFF922WQN.bed.gz	https://datasetencode.blob.core.windows.net/dataset/2018/04/18/6c223871-365f-4e6c-af5e-446df84fdbac/ENCFF922WQN.bed.gz?sv=2019-10-10&si=prod&sr=c&sig=9qSQZo4ggrCNpybBExU8SypuUZV33igI11xw0P7rB3c%3D	ENCODE3 GRCh38	archived	mild to moderate bottlenecking, missing biosample characterization, missing genetic modification characterization		
ENCFF091JWQ	bed narrowPeak	bed	narrowPeak	optimal IDR thresholded peaks	GRCh38	ENCSR801BWR	TF ChIP-seq	/human-donors/ENCDO000ABF/	EFO:0001182	HEK293	cell line	Homo sapiens				site-specific recombination	insertion	{'schema_version': '14', 'aliases': ['michael-snyder:TS-1569'], 'organism': {'schema_version': '6', '@type': ['Organism', 'Item'], 'name': 'human', 'taxon_id': '9606', 'scientific_name': 'Homo sapiens', '@id': '/organisms/human/', 'uuid': '7745b647-ff15-4ff3-9ced-b897d4e2983c', 'status': 'released'}, 'genes': ['/genes/7711/'], '@type': ['Target', 'Item'], 'name': 'ZNF155-human', 'label': 'ZNF155', '@id': '/targets/ZNF155-human/', 'title': 'ZNF155 (Homo sapiens)', 'investigated_as': ['transcription factor'], 'uuid': '1174a709-d9bd-4950-9cfe-af9d0c54d258', 'status': 'released'}				ZNF155-human	DNA				formaldehyde		2016-12-19	ENCODE			450-650	1, 2	1_1, 2_1							/files/ENCFF419RSJ/, /files/ENCFF919GOP/, /files/ENCFF382NNJ/, /files/ENCFF808YSX/	30153	ENCODE Processing Pipeline	e22b8dc830b77be1b517628d010d5c2a		https://www.encodeproject.org/files/ENCFF091JWQ/@@download/ENCFF091JWQ.bed.gz				released	s3://encode-public/2016/12/16/ccef816b-5241-4560-82a2-6bd5a0b76f60/ENCFF091JWQ.bed.gz	https://datasetencode.blob.core.windows.net/dataset/2016/12/16/ccef816b-5241-4560-82a2-6bd5a0b76f60/ENCFF091JWQ.bed.gz?sv=2019-10-10&si=prod&sr=c&sig=9qSQZo4ggrCNpybBExU8SypuUZV33igI11xw0P7rB3c%3D	ENCODE3 GRCh38	archived	missing biosample characterization, missing genetic modification characterization		
ENCFF631BJV	bed narrowPeak	bed	narrowPeak	optimal IDR thresholded peaks	GRCh38	ENCSR668HOP	TF ChIP-seq	/human-donors/ENCDO000ABF/	EFO:0001182	HEK293	cell line	Homo sapiens				site-specific recombination	insertion	{'schema_version': '14', 'aliases': [], 'organism': {'schema_version': '6', '@type': ['Organism', 'Item'], 'name': 'human', 'taxon_id': '9606', 'scientific_name': 'Homo sapiens', '@id': '/organisms/human/', 'uuid': '7745b647-ff15-4ff3-9ced-b897d4e2983c', 'status': 'released'}, 'genes': ['/genes/51157/'], '@type': ['Target', 'Item'], 'name': 'ZNF580-human', 'label': 'ZNF580', '@id': '/targets/ZNF580-human/', 'title': 'ZNF580 (Homo sapiens)', 'investigated_as': ['transcription factor'], 'uuid': '20d28819-04c8-48b2-a251-7713f3a59e30', 'status': 'released'}				ZNF580-human	DNA				formaldehyde		2016-10-07	ENCODE			450-650	1, 2	1_1, 2_1							/files/ENCFF343ZCE/, /files/ENCFF314PRY/, /files/ENCFF339XKU/, /files/ENCFF419RSJ/	461841	ENCODE Processing Pipeline	12c3764ef0a46bb44d6e22e526e396a7		https://www.encodeproject.org/files/ENCFF631BJV/@@download/ENCFF631BJV.bed.gz				released	s3://encode-public/2016/11/01/636d1fcf-5c5f-4e10-8b9e-bc635495bfa2/ENCFF631BJV.bed.gz	https://datasetencode.blob.core.windows.net/dataset/2016/11/01/636d1fcf-5c5f-4e10-8b9e-bc635495bfa2/ENCFF631BJV.bed.gz?sv=2019-10-10&si=prod&sr=c&sig=9qSQZo4ggrCNpybBExU8SypuUZV33igI11xw0P7rB3c%3D	ENCODE3 GRCh38	archived	missing biosample characterization, missing genetic modification characterization		
ENCFF167ZZY	bed narrowPeak	bed	narrowPeak	optimal IDR thresholded peaks	GRCh38	ENCSR351NON	TF ChIP-seq	/human-donors/ENCDO000ABF/	EFO:0001182	HEK293	cell line	Homo sapiens				site-specific recombination	insertion	{'schema_version': '14', 'aliases': [], 'organism': {'schema_version': '6', '@type': ['Organism', 'Item'], 'name': 'human', 'taxon_id': '9606', 'scientific_name': 'Homo sapiens', '@id': '/organisms/human/', 'uuid': '7745b647-ff15-4ff3-9ced-b897d4e2983c', 'status': 'released'}, 'genes': ['/genes/23361/'], '@type': ['Target', 'Item'], 'name': 'ZNF629-human', 'label': 'ZNF629', '@id': '/targets/ZNF629-human/', 'title': 'ZNF629 (Homo sapiens)', 'investigated_as': ['transcription factor'], 'uuid': '792c239f-d6e8-48de-9d7b-1e19e7a294cf', 'status': 'released'}				ZNF629-human	DNA				formaldehyde		2017-04-14	ENCODE			450-650	2, 3	2_1, 3_1							/files/ENCFF419RSJ/, /files/ENCFF817QJZ/, /files/ENCFF086IJR/, /files/ENCFF671HGF/	787666	ENCODE Processing Pipeline	0e8f221f6b9abb693ec86f6c74ded793		https://www.encodeproject.org/files/ENCFF167ZZY/@@download/ENCFF167ZZY.bed.gz				released	s3://encode-public/2017/04/07/c706d0aa-7f08-48e9-b2f5-a3675057d509/ENCFF167ZZY.bed.gz	https://datasetencode.blob.core.windows.net/dataset/2017/04/07/c706d0aa-7f08-48e9-b2f5-a3675057d509/ENCFF167ZZY.bed.gz?sv=2019-10-10&si=prod&sr=c&sig=9qSQZo4ggrCNpybBExU8SypuUZV33igI11xw0P7rB3c%3D	ENCODE3 GRCh38	archived	missing biosample characterization, missing genetic modification characterization		
ENCFF784QUI	bed narrowPeak	bed	narrowPeak	optimal IDR thresholded peaks	GRCh38	ENCSR324LTM	TF ChIP-seq	/human-donors/ENCDO000ABF/	EFO:0001182	HEK293	cell line	Homo sapiens				site-specific recombination	insertion	{'schema_version': '14', 'aliases': [], 'organism': {'schema_version': '6', '@type': ['Organism', 'Item'], 'name': 'human', 'taxon_id': '9606', 'scientific_name': 'Homo sapiens', '@id': '/organisms/human/', 'uuid': '7745b647-ff15-4ff3-9ced-b897d4e2983c', 'status': 'released'}, 'genes': ['/genes/116039/'], '@type': ['Target', 'Item'], 'name': 'OSR2-human', 'label': 'OSR2', '@id': '/targets/OSR2-human/', 'title': 'OSR2 (Homo sapiens)', 'investigated_as': ['transcription factor'], 'uuid': '96fcdada-bf8a-4c9e-9cc1-5cd19a3405b5', 'status': 'released'}				OSR2-human	DNA				formaldehyde		2016-10-07	ENCODE			450-650	1, 2	1_1, 2_1							/files/ENCFF419RSJ/, /files/ENCFF469POD/, /files/ENCFF443XND/, /files/ENCFF625HXV/	646103	ENCODE Processing Pipeline	794bec3c8dd3aa58daffb186dd5543ab		https://www.encodeproject.org/files/ENCFF784QUI/@@download/ENCFF784QUI.bed.gz				released	s3://encode-public/2016/10/28/8f1f90a9-0a88-4368-86e7-46992ae5f500/ENCFF784QUI.bed.gz	https://datasetencode.blob.core.windows.net/dataset/2016/10/28/8f1f90a9-0a88-4368-86e7-46992ae5f500/ENCFF784QUI.bed.gz?sv=2019-10-10&si=prod&sr=c&sig=9qSQZo4ggrCNpybBExU8SypuUZV33igI11xw0P7rB3c%3D	ENCODE3 GRCh38	archived	missing biosample characterization, missing genetic modification characterization		
ENCFF354EIQ	bed narrowPeak	bed	narrowPeak	optimal IDR thresholded peaks	GRCh38	ENCSR468IJT	TF ChIP-seq	/human-donors/ENCDO000ABF/	EFO:0001182	HEK293	cell line	Homo sapiens				site-specific recombination	insertion	{'schema_version': '14', 'aliases': ['michael-snyder:TS-879'], 'organism': {'schema_version': '6', '@type': ['Organism', 'Item'], 'name': 'human', 'taxon_id': '9606', 'scientific_name': 'Homo sapiens', '@id': '/organisms/human/', 'uuid': '7745b647-ff15-4ff3-9ced-b897d4e2983c', 'status': 'released'}, 'genes': ['/genes/121340/'], '@type': ['Target', 'Item'], 'name': 'SP7-human', 'label': 'SP7', '@id': '/targets/SP7-human/', 'title': 'SP7 (Homo sapiens)', 'investigated_as': ['transcription factor'], 'uuid': 'c46a0829-f2ee-4687-9a26-da76853494a4', 'status': 'released'}				SP7-human	DNA				formaldehyde		2016-10-07	ENCODE			450-650	1, 2	1_1, 2_1							/files/ENCFF419RSJ/, /files/ENCFF455VKV/, /files/ENCFF903KWI/, /files/ENCFF358XCE/	898219	ENCODE Processing Pipeline	78612e08d3833dafa2368c71e9132039		https://www.encodeproject.org/files/ENCFF354EIQ/@@download/ENCFF354EIQ.bed.gz				released	s3://encode-public/2016/11/01/42f5b090-2f3a-4097-89f3-62aa39b3b113/ENCFF354EIQ.bed.gz	https://datasetencode.blob.core.windows.net/dataset/2016/11/01/42f5b090-2f3a-4097-89f3-62aa39b3b113/ENCFF354EIQ.bed.gz?sv=2019-10-10&si=prod&sr=c&sig=9qSQZo4ggrCNpybBExU8SypuUZV33igI11xw0P7rB3c%3D	ENCODE3 GRCh38	archived	missing biosample characterization, missing genetic modification characterization		
ENCFF729VVD	bed narrowPeak	bed	narrowPeak	optimal IDR thresholded peaks	GRCh38	ENCSR701RXW	TF ChIP-seq	/human-donors/ENCDO000ABF/	EFO:0001182	HEK293	cell line	Homo sapiens				site-specific recombination	insertion	{'schema_version': '14', 'aliases': ['michael-snyder:TS-603'], 'organism': {'schema_version': '6', '@type': ['Organism', 'Item'], 'name': 'human', 'taxon_id': '9606', 'scientific_name': 'Homo sapiens', '@id': '/organisms/human/', 'uuid': '7745b647-ff15-4ff3-9ced-b897d4e2983c', 'status': 'released'}, 'genes': ['/genes/348327/'], '@type': ['Target', 'Item'], 'name': 'ZNF530-human', 'label': 'ZNF530', '@id': '/targets/ZNF530-human/', 'title': 'ZNF530 (Homo sapiens)', 'investigated_as': ['transcription factor'], 'uuid': 'dc80378a-2c89-401d-82c1-b9c9d14c9d66', 'status': 'released'}				ZNF530-human	DNA				formaldehyde		2016-12-19	ENCODE			450-650	1, 2	1_1, 2_1							/files/ENCFF521GGF/, /files/ENCFF419RSJ/, /files/ENCFF541UHD/, /files/ENCFF928FZD/	44405	ENCODE Processing Pipeline	30c265ec97ffa7885f934a04ed2757dc		https://www.encodeproject.org/files/ENCFF729VVD/@@download/ENCFF729VVD.bed.gz				released	s3://encode-public/2016/12/16/ed3e3edd-1fb0-448b-b9fd-6c2798544bc8/ENCFF729VVD.bed.gz	https://datasetencode.blob.core.windows.net/dataset/2016/12/16/ed3e3edd-1fb0-448b-b9fd-6c2798544bc8/ENCFF729VVD.bed.gz?sv=2019-10-10&si=prod&sr=c&sig=9qSQZo4ggrCNpybBExU8SypuUZV33igI11xw0P7rB3c%3D	ENCODE3 GRCh38	archived	low read depth, missing biosample characterization, missing genetic modification characterization		
ENCFF580LRK	bed narrowPeak	bed	narrowPeak	optimal IDR thresholded peaks	GRCh38	ENCSR878DES	TF ChIP-seq	/human-donors/ENCDO000ABF/	EFO:0001182	HEK293	cell line	Homo sapiens				site-specific recombination	insertion	{'schema_version': '14', 'aliases': [], 'organism': {'schema_version': '6', '@type': ['Organism', 'Item'], 'name': 'human', 'taxon_id': '9606', 'scientific_name': 'Homo sapiens', '@id': '/organisms/human/', 'uuid': '7745b647-ff15-4ff3-9ced-b897d4e2983c', 'status': 'released'}, 'genes': ['/genes/57547/'], '@type': ['Target', 'Item'], 'name': 'ZNF624-human', 'label': 'ZNF624', '@id': '/targets/ZNF624-human/', 'title': 'ZNF624 (Homo sapiens)', 'investigated_as': ['transcription factor'], 'uuid': '5caab2fa-8d05-4185-8785-e3cc70d33c71', 'status': 'released'}				ZNF624-human	DNA				formaldehyde		2017-04-06	ENCODE			450-650	1, 2	1_1, 2_1							/files/ENCFF871UBF/, /files/ENCFF752UXW/, /files/ENCFF419RSJ/, /files/ENCFF760PUD/	36907	ENCODE Processing Pipeline	618000ba8d63f6d53c51b23cd9cf042d		https://www.encodeproject.org/files/ENCFF580LRK/@@download/ENCFF580LRK.bed.gz				released	s3://encode-public/2017/03/06/a873bb29-e2ca-4846-b109-e7b3002f9a64/ENCFF580LRK.bed.gz	https://datasetencode.blob.core.windows.net/dataset/2017/03/06/a873bb29-e2ca-4846-b109-e7b3002f9a64/ENCFF580LRK.bed.gz?sv=2019-10-10&si=prod&sr=c&sig=9qSQZo4ggrCNpybBExU8SypuUZV33igI11xw0P7rB3c%3D	ENCODE3 GRCh38	archived	missing biosample characterization, missing genetic modification characterization		
ENCFF526AOS	bed narrowPeak	bed	narrowPeak	optimal IDR thresholded peaks	GRCh38	ENCSR138RCE	TF ChIP-seq	/human-donors/ENCDO000ABF/	EFO:0001182	HEK293	cell line	Homo sapiens				site-specific recombination	insertion	{'schema_version': '14', 'aliases': ['michael-snyder:TS-1590'], 'organism': {'schema_version': '6', '@type': ['Organism', 'Item'], 'name': 'human', 'taxon_id': '9606', 'scientific_name': 'Homo sapiens', '@id': '/organisms/human/', 'uuid': '7745b647-ff15-4ff3-9ced-b897d4e2983c', 'status': 'released'}, 'genes': ['/genes/7691/'], '@type': ['Target', 'Item'], 'name': 'ZNF132-human', 'label': 'ZNF132', '@id': '/targets/ZNF132-human/', 'title': 'ZNF132 (Homo sapiens)', 'investigated_as': ['transcription factor'], 'uuid': '68b22b29-a0a7-4139-bf99-8a456086031e', 'status': 'released'}				ZNF132-human	DNA				formaldehyde		2017-04-06	ENCODE			450-650	1, 2	1_1, 2_1							/files/ENCFF321IFO/, /files/ENCFF202BQA/, /files/ENCFF419RSJ/, /files/ENCFF829YUK/	9646	ENCODE Processing Pipeline	8cb8d4f768a9e6f40f093622b48f3688		https://www.encodeproject.org/files/ENCFF526AOS/@@download/ENCFF526AOS.bed.gz				released	s3://encode-public/2017/03/22/d8f6ac03-c515-40ee-9e0f-3e4afed67f4a/ENCFF526AOS.bed.gz	https://datasetencode.blob.core.windows.net/dataset/2017/03/22/d8f6ac03-c515-40ee-9e0f-3e4afed67f4a/ENCFF526AOS.bed.gz?sv=2019-10-10&si=prod&sr=c&sig=9qSQZo4ggrCNpybBExU8SypuUZV33igI11xw0P7rB3c%3D	ENCODE3 GRCh38	archived	missing biosample characterization, missing genetic modification characterization, borderline replicate concordance		
ENCFF311IXZ	bed narrowPeak	bed	narrowPeak	optimal IDR thresholded peaks	GRCh38	ENCSR477OJI	TF ChIP-seq	/human-donors/ENCDO000ABF/	EFO:0001182	HEK293	cell line	Homo sapiens				site-specific recombination	insertion	{'schema_version': '14', 'aliases': ['michael-snyder:TS-1374'], 'organism': {'schema_version': '6', '@type': ['Organism', 'Item'], 'name': 'human', 'taxon_id': '9606', 'scientific_name': 'Homo sapiens', '@id': '/organisms/human/', 'uuid': '7745b647-ff15-4ff3-9ced-b897d4e2983c', 'status': 'released'}, 'genes': ['/genes/23090/'], '@type': ['Target', 'Item'], 'name': 'ZNF423-human', 'label': 'ZNF423', '@id': '/targets/ZNF423-human/', 'title': 'ZNF423 (Homo sapiens)', 'investigated_as': ['transcription factor'], 'uuid': '412bebd5-8317-4481-b021-f3a71baed44e', 'status': 'released'}				ZNF423-human	DNA				formaldehyde		2016-10-07	ENCODE			450-650	1, 2	1_1, 2_1							/files/ENCFF306XAS/, /files/ENCFF263WGI/, /files/ENCFF419RSJ/, /files/ENCFF809SXZ/	220986	ENCODE Processing Pipeline	f9ff642a9aa828dca05e87c19efc0d50		https://www.encodeproject.org/files/ENCFF311IXZ/@@download/ENCFF311IXZ.bed.gz				released	s3://encode-public/2016/11/01/d7bfa02e-3f2d-41c1-b892-4090266bf055/ENCFF311IXZ.bed.gz	https://datasetencode.blob.core.windows.net/dataset/2016/11/01/d7bfa02e-3f2d-41c1-b892-4090266bf055/ENCFF311IXZ.bed.gz?sv=2019-10-10&si=prod&sr=c&sig=9qSQZo4ggrCNpybBExU8SypuUZV33igI11xw0P7rB3c%3D	ENCODE3 GRCh38	archived	missing biosample characterization, missing genetic modification characterization		
ENCFF314ZAL	bed narrowPeak	bed	narrowPeak	optimal IDR thresholded peaks	GRCh38	ENCSR000DTW	TF ChIP-seq	/human-donors/ENCDO000ABF/	EFO:0001182	HEK293	cell line	Homo sapiens										CTCF-human	DNA						2011-03-17	ENCODE		see document		1, 2	1_1, 2_1							/files/ENCFF338RAX/, /files/ENCFF320NTE/, /files/ENCFF233WWI/, /files/ENCFF419RSJ/	861845	ENCODE Processing Pipeline	0937afc2b34f11b61c7e24442a9133e0		https://www.encodeproject.org/files/ENCFF314ZAL/@@download/ENCFF314ZAL.bed.gz				released	s3://encode-public/2016/12/16/9131cca1-44cf-4f1b-8f73-09f096e56168/ENCFF314ZAL.bed.gz	https://datasetencode.blob.core.windows.net/dataset/2016/12/16/9131cca1-44cf-4f1b-8f73-09f096e56168/ENCFF314ZAL.bed.gz?sv=2019-10-10&si=prod&sr=c&sig=9qSQZo4ggrCNpybBExU8SypuUZV33igI11xw0P7rB3c%3D	ENCODE3 GRCh38	archived	low read length, control low read depth, low read depth, inconsistent platforms, mild to moderate bottlenecking, moderate library complexity	insufficient read depth	
ENCFF955EQI	bed narrowPeak	bed	narrowPeak	optimal IDR thresholded peaks	GRCh38	ENCSR011XCI	TF ChIP-seq	/human-donors/ENCDO000ABF/	EFO:0001182	HEK293	cell line	Homo sapiens				site-specific recombination	insertion	{'schema_version': '14', 'aliases': [], 'organism': {'schema_version': '6', '@type': ['Organism', 'Item'], 'name': 'human', 'taxon_id': '9606', 'scientific_name': 'Homo sapiens', '@id': '/organisms/human/', 'uuid': '7745b647-ff15-4ff3-9ced-b897d4e2983c', 'status': 'released'}, 'genes': ['/genes/92285/'], '@type': ['Target', 'Item'], 'name': 'ZNF585B-human', 'label': 'ZNF585B', '@id': '/targets/ZNF585B-human/', 'title': 'ZNF585B (Homo sapiens)', 'investigated_as': ['transcription factor'], 'uuid': '28e30933-3417-4f28-bf0d-bea47ed40016', 'status': 'released'}				ZNF585B-human	DNA				formaldehyde		2016-10-07	ENCODE			450-650	1, 2	1_1, 2_1							/files/ENCFF386DWL/, /files/ENCFF365RWO/, /files/ENCFF757VCU/, /files/ENCFF419RSJ/	139027	ENCODE Processing Pipeline	a9bad3118392e8de174c2ae70a590898		https://www.encodeproject.org/files/ENCFF955EQI/@@download/ENCFF955EQI.bed.gz				released	s3://encode-public/2016/11/01/ac9b2fb4-5472-477a-bc6b-6e893f76615b/ENCFF955EQI.bed.gz	https://datasetencode.blob.core.windows.net/dataset/2016/11/01/ac9b2fb4-5472-477a-bc6b-6e893f76615b/ENCFF955EQI.bed.gz?sv=2019-10-10&si=prod&sr=c&sig=9qSQZo4ggrCNpybBExU8SypuUZV33igI11xw0P7rB3c%3D	ENCODE3 GRCh38	archived	missing biosample characterization, missing genetic modification characterization		
ENCFF860DHS	bed narrowPeak	bed	narrowPeak	optimal IDR thresholded peaks	GRCh38	ENCSR000EUZ	TF ChIP-seq	/human-donors/ENCDO000ABF/	EFO:0001182	HEK293	cell line	Homo sapiens										TRIM28-human	DNA						2011-10-29	ENCODE		see document		1, 2	1_1, 2_1							/files/ENCFF649GHP/, /files/ENCFF419RSJ/, /files/ENCFF186BRL/, /files/ENCFF959SPJ/	541662	ENCODE Processing Pipeline	ea4769cdbef08b3e9633cea1431a5d93		https://www.encodeproject.org/files/ENCFF860DHS/@@download/ENCFF860DHS.bed.gz				released	s3://encode-public/2016/10/24/6e44f19e-5ae8-4853-83e8-bbe1cdfa7650/ENCFF860DHS.bed.gz	https://datasetencode.blob.core.windows.net/dataset/2016/10/24/6e44f19e-5ae8-4853-83e8-bbe1cdfa7650/ENCFF860DHS.bed.gz?sv=2019-10-10&si=prod&sr=c&sig=9qSQZo4ggrCNpybBExU8SypuUZV33igI11xw0P7rB3c%3D	ENCODE3 GRCh38	archived	control low read depth, low read length, borderline replicate concordance		
ENCFF045FIY	bed narrowPeak	bed	narrowPeak	optimal IDR thresholded peaks	GRCh38	ENCSR020UPN	TF ChIP-seq	/human-donors/ENCDO000ABF/	EFO:0001182	HEK293	cell line	Homo sapiens				site-specific recombination	insertion	{'dbxrefs': ['FactorBook:ZNF184'], 'aliases': ['michael-snyder:TS-1556'], 'organism': {'schema_version': '6', '@type': ['Organism', 'Item'], 'name': 'human', 'taxon_id': '9606', 'scientific_name': 'Homo sapiens', '@id': '/organisms/human/', 'uuid': '7745b647-ff15-4ff3-9ced-b897d4e2983c', 'status': 'released'}, 'genes': ['/genes/7738/'], '@type': ['Target', 'Item'], 'label': 'ZNF184', 'title': 'ZNF184 (Homo sapiens)', 'investigated_as': ['transcription factor'], 'uuid': '090f6fff-80de-4228-b150-c9703890c3c9', 'schema_version': '14', 'name': 'ZNF184-human', '@id': '/targets/ZNF184-human/', 'status': 'released'}				ZNF184-human	DNA						2018-07-11	ENCODE			450-650	2, 3	2_1, 3_1							/files/ENCFF274HXX/, /files/ENCFF735GHF/, /files/ENCFF419RSJ/, /files/ENCFF552PWH/	256367	ENCODE Processing Pipeline	40ba022ad25babf260793dd7f5e92029		https://www.encodeproject.org/files/ENCFF045FIY/@@download/ENCFF045FIY.bed.gz				released	s3://encode-public/2018/04/18/1b9c4155-d8ee-4549-98e3-c8d7036cbcc3/ENCFF045FIY.bed.gz	https://datasetencode.blob.core.windows.net/dataset/2018/04/18/1b9c4155-d8ee-4549-98e3-c8d7036cbcc3/ENCFF045FIY.bed.gz?sv=2019-10-10&si=prod&sr=c&sig=9qSQZo4ggrCNpybBExU8SypuUZV33igI11xw0P7rB3c%3D	ENCODE3 GRCh38	archived	mild to moderate bottlenecking, missing biosample characterization, missing genetic modification characterization		
ENCFF192QEG	bed narrowPeak	bed	narrowPeak	optimal IDR thresholded peaks	GRCh38	ENCSR586BRJ	TF ChIP-seq	/human-donors/ENCDO000ABF/	EFO:0001182	HEK293	cell line	Homo sapiens				site-specific recombination	insertion	{'schema_version': '14', 'aliases': ['michael-snyder:TS-762'], 'organism': {'schema_version': '6', '@type': ['Organism', 'Item'], 'name': 'human', 'taxon_id': '9606', 'scientific_name': 'Homo sapiens', '@id': '/organisms/human/', 'uuid': '7745b647-ff15-4ff3-9ced-b897d4e2983c', 'status': 'released'}, 'genes': ['/genes/163059/'], '@type': ['Target', 'Item'], 'name': 'ZNF433-human', 'label': 'ZNF433', '@id': '/targets/ZNF433-human/', 'title': 'ZNF433 (Homo sapiens)', 'investigated_as': ['transcription factor'], 'uuid': '10ac6f2f-f031-4af9-a739-e1c48e906533', 'status': 'released'}				ZNF433-human	DNA				formaldehyde		2016-12-19	ENCODE			450-650	1, 2	1_1, 2_1							/files/ENCFF585HXF/, /files/ENCFF028FOU/, /files/ENCFF331LPR/, /files/ENCFF419RSJ/	67769	ENCODE Processing Pipeline	d73f844f3da9c4fd391fb7c6843e41c3		https://www.encodeproject.org/files/ENCFF192QEG/@@download/ENCFF192QEG.bed.gz				released	s3://encode-public/2016/12/16/b71ae36f-ff16-408b-91a1-b245d91e6db0/ENCFF192QEG.bed.gz	https://datasetencode.blob.core.windows.net/dataset/2016/12/16/b71ae36f-ff16-408b-91a1-b245d91e6db0/ENCFF192QEG.bed.gz?sv=2019-10-10&si=prod&sr=c&sig=9qSQZo4ggrCNpybBExU8SypuUZV33igI11xw0P7rB3c%3D	ENCODE3 GRCh38	archived	low read depth, missing biosample characterization, missing genetic modification characterization		
ENCFF960ZJT	bed narrowPeak	bed	narrowPeak	optimal IDR thresholded peaks	GRCh38	ENCSR736ZKL	TF ChIP-seq	/human-donors/ENCDO000ABF/	EFO:0001182	HEK293	cell line	Homo sapiens				site-specific recombination	insertion	{'schema_version': '14', 'aliases': ['michael-snyder:TS-1586'], 'organism': {'schema_version': '6', '@type': ['Organism', 'Item'], 'name': 'human', 'taxon_id': '9606', 'scientific_name': 'Homo sapiens', '@id': '/organisms/human/', 'uuid': '7745b647-ff15-4ff3-9ced-b897d4e2983c', 'status': 'released'}, 'genes': ['/genes/7707/'], '@type': ['Target', 'Item'], 'name': 'ZNF148-human', 'label': 'ZNF148', '@id': '/targets/ZNF148-human/', 'title': 'ZNF148 (Homo sapiens)', 'investigated_as': ['transcription factor'], 'uuid': 'ad01b516-ac92-413a-9d36-6218d88d57c3', 'status': 'released'}				ZNF148-human	DNA				formaldehyde		2017-02-21	ENCODE			450-650	1, 2	1_1, 2_1							/files/ENCFF133ARA/, /files/ENCFF419RSJ/, /files/ENCFF300KUE/, /files/ENCFF682IHN/	73704	ENCODE Processing Pipeline	7910e4f4c389d15d2e8101e077e783b8		https://www.encodeproject.org/files/ENCFF960ZJT/@@download/ENCFF960ZJT.bed.gz				released	s3://encode-public/2017/02/16/04982aa7-f092-4fc9-a6b5-7e66bed9a207/ENCFF960ZJT.bed.gz	https://datasetencode.blob.core.windows.net/dataset/2017/02/16/04982aa7-f092-4fc9-a6b5-7e66bed9a207/ENCFF960ZJT.bed.gz?sv=2019-10-10&si=prod&sr=c&sig=9qSQZo4ggrCNpybBExU8SypuUZV33igI11xw0P7rB3c%3D	ENCODE3 GRCh38	archived	missing biosample characterization, missing genetic modification characterization, borderline replicate concordance		
ENCFF110UZZ	bed narrowPeak	bed	narrowPeak	optimal IDR thresholded peaks	GRCh38	ENCSR753GIA	TF ChIP-seq	/human-donors/ENCDO000ABF/	EFO:0001184	HEK293T	cell line	Homo sapiens										TARDBP-human	DNA						2016-11-17	ENCODE			450-650	1, 2	1_1, 2_1							/files/ENCFF133BEB/, /files/ENCFF908ROA/, /files/ENCFF419RSJ/, /files/ENCFF445ZOB/	63169	ENCODE Processing Pipeline	19f1b71b6051895826d86dee2ff6144c		https://www.encodeproject.org/files/ENCFF110UZZ/@@download/ENCFF110UZZ.bed.gz				released	s3://encode-public/2016/11/02/62cd03ee-ef0e-4fc5-b934-f5563568397d/ENCFF110UZZ.bed.gz	https://datasetencode.blob.core.windows.net/dataset/2016/11/02/62cd03ee-ef0e-4fc5-b934-f5563568397d/ENCFF110UZZ.bed.gz?sv=2019-10-10&si=prod&sr=c&sig=9qSQZo4ggrCNpybBExU8SypuUZV33igI11xw0P7rB3c%3D	ENCODE3 GRCh38	archived			
ENCFF421INQ	bed narrowPeak	bed	narrowPeak	optimal IDR thresholded peaks	GRCh38	ENCSR997GPO	TF ChIP-seq	/human-donors/ENCDO000ABF/	EFO:0001184	HEK293T	cell line	Homo sapiens										NFRKB-human	DNA						2016-11-17	ENCODE			450-650	1, 2	1_1, 2_1							/files/ENCFF818JIV/, /files/ENCFF165ZQR/, /files/ENCFF837JWQ/, /files/ENCFF419RSJ/	43821	ENCODE Processing Pipeline	d9c8b4fdba039d26f7782c6dd7ea7257		https://www.encodeproject.org/files/ENCFF421INQ/@@download/ENCFF421INQ.bed.gz				released	s3://encode-public/2016/11/02/7e83673d-3da6-46f8-bdb8-938bc8c74fc0/ENCFF421INQ.bed.gz	https://datasetencode.blob.core.windows.net/dataset/2016/11/02/7e83673d-3da6-46f8-bdb8-938bc8c74fc0/ENCFF421INQ.bed.gz?sv=2019-10-10&si=prod&sr=c&sig=9qSQZo4ggrCNpybBExU8SypuUZV33igI11xw0P7rB3c%3D	ENCODE3 GRCh38	archived	mild to moderate bottlenecking, moderate library complexity		
ENCFF020TLE	bed narrowPeak	bed	narrowPeak	optimal IDR thresholded peaks	GRCh38	ENCSR811JJM	TF ChIP-seq	/human-donors/ENCDO000ABF/	EFO:0001182	HEK293	cell line	Homo sapiens				site-specific recombination	insertion	{'schema_version': '14', 'aliases': ['michael-snyder:TS-1629'], 'organism': {'schema_version': '6', '@type': ['Organism', 'Item'], 'name': 'human', 'taxon_id': '9606', 'scientific_name': 'Homo sapiens', '@id': '/organisms/human/', 'uuid': '7745b647-ff15-4ff3-9ced-b897d4e2983c', 'status': 'released'}, 'genes': ['/genes/7567/'], '@type': ['Target', 'Item'], 'name': 'ZNF19-human', 'label': 'ZNF19', '@id': '/targets/ZNF19-human/', 'title': 'ZNF19 (Homo sapiens)', 'investigated_as': ['transcription factor'], 'uuid': '339be732-b81d-4977-b299-6861cfd7a3b7', 'status': 'released'}				ZNF19-human	DNA				formaldehyde		2016-12-19	ENCODE			450-650	1, 2	1_1, 2_1							/files/ENCFF507JOM/, /files/ENCFF419RSJ/, /files/ENCFF710KPV/, /files/ENCFF387LNK/	40042	ENCODE Processing Pipeline	1fb55a75769d70107aa0b85a0ebd959d		https://www.encodeproject.org/files/ENCFF020TLE/@@download/ENCFF020TLE.bed.gz				released	s3://encode-public/2016/12/16/cd10d1f1-597f-4d05-ab8d-b2fa8cfe5910/ENCFF020TLE.bed.gz	https://datasetencode.blob.core.windows.net/dataset/2016/12/16/cd10d1f1-597f-4d05-ab8d-b2fa8cfe5910/ENCFF020TLE.bed.gz?sv=2019-10-10&si=prod&sr=c&sig=9qSQZo4ggrCNpybBExU8SypuUZV33igI11xw0P7rB3c%3D	ENCODE3 GRCh38	archived	low read depth, missing biosample characterization, missing genetic modification characterization		
ENCFF755FMU	bed narrowPeak	bed	narrowPeak	optimal IDR thresholded peaks	GRCh38	ENCSR447ZTA	TF ChIP-seq	/human-donors/ENCDO000ABF/	EFO:0001182	HEK293	cell line	Homo sapiens				site-specific recombination	insertion	{'schema_version': '14', 'aliases': ['michael-snyder:TS-808'], 'organism': {'schema_version': '6', '@type': ['Organism', 'Item'], 'name': 'human', 'taxon_id': '9606', 'scientific_name': 'Homo sapiens', '@id': '/organisms/human/', 'uuid': '7745b647-ff15-4ff3-9ced-b897d4e2983c', 'status': 'released'}, 'genes': ['/genes/148156/'], '@type': ['Target', 'Item'], 'name': 'ZNF558-human', 'label': 'ZNF558', '@id': '/targets/ZNF558-human/', 'title': 'ZNF558 (Homo sapiens)', 'investigated_as': ['transcription factor'], 'uuid': 'c3e836a1-970d-4a02-806f-85ba1dbce384', 'status': 'released'}				ZNF558-human	DNA				formaldehyde		2016-10-07	ENCODE			450-650	1, 2	1_1, 2_1							/files/ENCFF419RSJ/, /files/ENCFF884QLU/, /files/ENCFF839NOG/, /files/ENCFF666CWH/	283696	ENCODE Processing Pipeline	2cc7e754d7a732576099959dfc116b0a		https://www.encodeproject.org/files/ENCFF755FMU/@@download/ENCFF755FMU.bed.gz				released	s3://encode-public/2016/11/01/5d04ddbb-9936-4ee0-886a-9cc42ab1e670/ENCFF755FMU.bed.gz	https://datasetencode.blob.core.windows.net/dataset/2016/11/01/5d04ddbb-9936-4ee0-886a-9cc42ab1e670/ENCFF755FMU.bed.gz?sv=2019-10-10&si=prod&sr=c&sig=9qSQZo4ggrCNpybBExU8SypuUZV33igI11xw0P7rB3c%3D	ENCODE3 GRCh38	archived	missing biosample characterization, missing genetic modification characterization		
ENCFF867WWZ	bed narrowPeak	bed	narrowPeak	optimal IDR thresholded peaks	GRCh38	ENCSR237TFX	TF ChIP-seq	/human-donors/ENCDO000ABF/	EFO:0001184	HEK293T	cell line	Homo sapiens										CTBP1-human	DNA						2016-11-17	ENCODE			450-650	1, 2	1_1, 2_1							/files/ENCFF419RSJ/, /files/ENCFF161NOR/, /files/ENCFF782KPF/, /files/ENCFF812OSU/	163049	ENCODE Processing Pipeline	bf9113bf6110146023b0a7ced67be758		https://www.encodeproject.org/files/ENCFF867WWZ/@@download/ENCFF867WWZ.bed.gz				released	s3://encode-public/2016/11/02/f25230a6-8393-4963-8081-828c07c97824/ENCFF867WWZ.bed.gz	https://datasetencode.blob.core.windows.net/dataset/2016/11/02/f25230a6-8393-4963-8081-828c07c97824/ENCFF867WWZ.bed.gz?sv=2019-10-10&si=prod&sr=c&sig=9qSQZo4ggrCNpybBExU8SypuUZV33igI11xw0P7rB3c%3D	ENCODE3 GRCh38	archived	borderline replicate concordance		
ENCFF928KRQ	bed narrowPeak	bed	narrowPeak	optimal IDR thresholded peaks	GRCh38	ENCSR773REP	TF ChIP-seq	/human-donors/ENCDO000ABF/	EFO:0001182	HEK293	cell line	Homo sapiens				site-specific recombination	insertion	{'dbxrefs': ['FactorBook:ZBTB7A'], 'aliases': [], 'organism': {'schema_version': '6', '@type': ['Organism', 'Item'], 'name': 'human', 'taxon_id': '9606', 'scientific_name': 'Homo sapiens', '@id': '/organisms/human/', 'uuid': '7745b647-ff15-4ff3-9ced-b897d4e2983c', 'status': 'released'}, 'genes': ['/genes/51341/'], '@type': ['Target', 'Item'], 'label': 'ZBTB7A', 'title': 'ZBTB7A (Homo sapiens)', 'investigated_as': ['cofactor'], 'uuid': '6b0996d3-58e0-4015-900c-9fc30754bfcc', 'schema_version': '14', 'name': 'ZBTB7A-human', '@id': '/targets/ZBTB7A-human/', 'status': 'released'}				ZBTB7A-human	DNA				formaldehyde		2016-10-07	ENCODE			450-650	1, 2	1_1, 2_1							/files/ENCFF202IKV/, /files/ENCFF931KAV/, /files/ENCFF419RSJ/, /files/ENCFF262IIB/	198724	ENCODE Processing Pipeline	257bceb084051c747603d141cb725387		https://www.encodeproject.org/files/ENCFF928KRQ/@@download/ENCFF928KRQ.bed.gz				released	s3://encode-public/2016/11/01/78ef1ca2-5888-4922-af1f-679538489b96/ENCFF928KRQ.bed.gz	https://datasetencode.blob.core.windows.net/dataset/2016/11/01/78ef1ca2-5888-4922-af1f-679538489b96/ENCFF928KRQ.bed.gz?sv=2019-10-10&si=prod&sr=c&sig=9qSQZo4ggrCNpybBExU8SypuUZV33igI11xw0P7rB3c%3D	ENCODE3 GRCh38	archived	low read depth, missing biosample characterization, missing genetic modification characterization		
ENCFF128WXR	bed narrowPeak	bed	narrowPeak	optimal IDR thresholded peaks	GRCh38	ENCSR522LDJ	TF ChIP-seq	/human-donors/ENCDO000ABF/	EFO:0001184	HEK293T	cell line	Homo sapiens										HDGF-human	DNA						2017-04-14	ENCODE			450-650	1, 2	1_1, 2_1							/files/ENCFF358TXN/, /files/ENCFF235SNV/, /files/ENCFF080HCR/, /files/ENCFF419RSJ/	65081	ENCODE Processing Pipeline	7ea88c97811bf49fb6574c5751725e28		https://www.encodeproject.org/files/ENCFF128WXR/@@download/ENCFF128WXR.bed.gz				released	s3://encode-public/2017/04/12/04ee5ef4-6124-41c1-8d2c-4fa3dc7e5e5d/ENCFF128WXR.bed.gz	https://datasetencode.blob.core.windows.net/dataset/2017/04/12/04ee5ef4-6124-41c1-8d2c-4fa3dc7e5e5d/ENCFF128WXR.bed.gz?sv=2019-10-10&si=prod&sr=c&sig=9qSQZo4ggrCNpybBExU8SypuUZV33igI11xw0P7rB3c%3D	ENCODE3 GRCh38	archived	antibody characterized with exemption, borderline replicate concordance		
ENCFF685TME	bed narrowPeak	bed	narrowPeak	optimal IDR thresholded peaks	GRCh38	ENCSR831EIW	TF ChIP-seq	/human-donors/ENCDO000ABF/	EFO:0001184	HEK293T	cell line	Homo sapiens										FOXM1-human	DNA						2017-04-14	ENCODE			450-650	1, 2	1_1, 2_1							/files/ENCFF058QJN/, /files/ENCFF419RSJ/, /files/ENCFF609JBG/, /files/ENCFF599YUO/	103442	ENCODE Processing Pipeline	1764e9a09fec8e5efac0d931fa211d83		https://www.encodeproject.org/files/ENCFF685TME/@@download/ENCFF685TME.bed.gz				released	s3://encode-public/2017/04/12/47445bf3-609a-486d-919d-f0d49a16f16b/ENCFF685TME.bed.gz	https://datasetencode.blob.core.windows.net/dataset/2017/04/12/47445bf3-609a-486d-919d-f0d49a16f16b/ENCFF685TME.bed.gz?sv=2019-10-10&si=prod&sr=c&sig=9qSQZo4ggrCNpybBExU8SypuUZV33igI11xw0P7rB3c%3D	ENCODE3 GRCh38	archived	mild to moderate bottlenecking, borderline replicate concordance		
ENCFF725WVP	bed narrowPeak	bed	narrowPeak	optimal IDR thresholded peaks	GRCh38	ENCSR224NFP	TF ChIP-seq	/human-donors/ENCDO000ABF/	EFO:0001182	HEK293	cell line	Homo sapiens				site-specific recombination	insertion	{'schema_version': '14', 'aliases': ['michael-snyder:TS-1076'], 'organism': {'schema_version': '6', '@type': ['Organism', 'Item'], 'name': 'human', 'taxon_id': '9606', 'scientific_name': 'Homo sapiens', '@id': '/organisms/human/', 'uuid': '7745b647-ff15-4ff3-9ced-b897d4e2983c', 'status': 'released'}, 'genes': ['/genes/79088/'], '@type': ['Target', 'Item'], 'name': 'ZNF426-human', 'label': 'ZNF426', '@id': '/targets/ZNF426-human/', 'title': 'ZNF426 (Homo sapiens)', 'investigated_as': ['transcription factor'], 'uuid': '3e314cc2-36eb-41ea-b1ef-2878dc9265f2', 'status': 'released'}				ZNF426-human	DNA				formaldehyde		2017-03-16	ENCODE			450-650	1, 2	1_1, 2_1							/files/ENCFF591WJM/, /files/ENCFF697GTY/, /files/ENCFF419RSJ/, /files/ENCFF468ZWE/	146017	ENCODE Processing Pipeline	1764c747e1d9b171616c6e42d6a829cb		https://www.encodeproject.org/files/ENCFF725WVP/@@download/ENCFF725WVP.bed.gz				released	s3://encode-public/2017/03/14/c12dc786-dfde-436f-9c1f-e7a284e98918/ENCFF725WVP.bed.gz	https://datasetencode.blob.core.windows.net/dataset/2017/03/14/c12dc786-dfde-436f-9c1f-e7a284e98918/ENCFF725WVP.bed.gz?sv=2019-10-10&si=prod&sr=c&sig=9qSQZo4ggrCNpybBExU8SypuUZV33igI11xw0P7rB3c%3D	ENCODE3 GRCh38	archived	missing biosample characterization, inconsistent platforms, missing genetic modification characterization, mild to moderate bottlenecking, moderate library complexity		
ENCFF852JPW	bed narrowPeak	bed	narrowPeak	optimal IDR thresholded peaks	GRCh38	ENCSR767XSF	TF ChIP-seq	/human-donors/ENCDO000ABF/	EFO:0001182	HEK293	cell line	Homo sapiens				site-specific recombination	insertion	{'schema_version': '14', 'aliases': ['michael-snyder:TS-799'], 'organism': {'schema_version': '6', '@type': ['Organism', 'Item'], 'name': 'human', 'taxon_id': '9606', 'scientific_name': 'Homo sapiens', '@id': '/organisms/human/', 'uuid': '7745b647-ff15-4ff3-9ced-b897d4e2983c', 'status': 'released'}, 'genes': ['/genes/148254/'], '@type': ['Target', 'Item'], 'name': 'ZNF555-human', 'label': 'ZNF555', '@id': '/targets/ZNF555-human/', 'title': 'ZNF555 (Homo sapiens)', 'investigated_as': ['transcription factor'], 'uuid': '4dd5a496-95fd-47d4-8578-0d283f131daf', 'status': 'released'}				ZNF555-human	DNA				formaldehyde		2017-03-16	ENCODE			450-650	1, 2	1_1, 2_1							/files/ENCFF681WQR/, /files/ENCFF042GAM/, /files/ENCFF907PKH/, /files/ENCFF419RSJ/	123286	ENCODE Processing Pipeline	a6ab384195471b7c43d49078dedf3c7f		https://www.encodeproject.org/files/ENCFF852JPW/@@download/ENCFF852JPW.bed.gz				released	s3://encode-public/2017/03/15/b3908e30-d723-4654-8a9c-49ebd8fe7bc0/ENCFF852JPW.bed.gz	https://datasetencode.blob.core.windows.net/dataset/2017/03/15/b3908e30-d723-4654-8a9c-49ebd8fe7bc0/ENCFF852JPW.bed.gz?sv=2019-10-10&si=prod&sr=c&sig=9qSQZo4ggrCNpybBExU8SypuUZV33igI11xw0P7rB3c%3D	ENCODE3 GRCh38	archived	mild to moderate bottlenecking, missing biosample characterization, inconsistent platforms, missing genetic modification characterization		
ENCFF988PII	bed narrowPeak	bed	narrowPeak	optimal IDR thresholded peaks	GRCh38	ENCSR882ZTS	TF ChIP-seq	/human-donors/ENCDO000ABF/	EFO:0001182	HEK293	cell line	Homo sapiens				site-specific recombination	insertion	{'dbxrefs': ['FactorBook:ZBTB11'], 'aliases': [], 'organism': {'schema_version': '6', '@type': ['Organism', 'Item'], 'name': 'human', 'taxon_id': '9606', 'scientific_name': 'Homo sapiens', '@id': '/organisms/human/', 'uuid': '7745b647-ff15-4ff3-9ced-b897d4e2983c', 'status': 'released'}, 'genes': ['/genes/27107/'], '@type': ['Target', 'Item'], 'label': 'ZBTB11', 'title': 'ZBTB11 (Homo sapiens)', 'investigated_as': ['transcription factor'], 'uuid': 'e6b7c1f8-62d9-48fb-a633-b01a6c77ac69', 'schema_version': '14', 'name': 'ZBTB11-human', '@id': '/targets/ZBTB11-human/', 'status': 'released'}				ZBTB11-human	DNA				formaldehyde		2016-10-07	ENCODE			450-650	1, 2	1_1, 2_1							/files/ENCFF363GMJ/, /files/ENCFF821FXF/, /files/ENCFF547EGZ/, /files/ENCFF419RSJ/	426938	ENCODE Processing Pipeline	e844378ef48ff9cc2c2f374514a2ab54		https://www.encodeproject.org/files/ENCFF988PII/@@download/ENCFF988PII.bed.gz				released	s3://encode-public/2016/11/01/25d81f64-33b9-4e2c-84e3-58440301190b/ENCFF988PII.bed.gz	https://datasetencode.blob.core.windows.net/dataset/2016/11/01/25d81f64-33b9-4e2c-84e3-58440301190b/ENCFF988PII.bed.gz?sv=2019-10-10&si=prod&sr=c&sig=9qSQZo4ggrCNpybBExU8SypuUZV33igI11xw0P7rB3c%3D	ENCODE3 GRCh38	archived	low read depth, missing biosample characterization, missing genetic modification characterization		
ENCFF773KEL	bed narrowPeak	bed	narrowPeak	optimal IDR thresholded peaks	GRCh38	ENCSR619OUC	TF ChIP-seq	/human-donors/ENCDO000ABF/	EFO:0001182	HEK293	cell line	Homo sapiens				site-specific recombination	insertion	{'schema_version': '14', 'aliases': [], 'organism': {'schema_version': '6', '@type': ['Organism', 'Item'], 'name': 'human', 'taxon_id': '9606', 'scientific_name': 'Homo sapiens', '@id': '/organisms/human/', 'uuid': '7745b647-ff15-4ff3-9ced-b897d4e2983c', 'status': 'released'}, 'genes': ['/genes/10773/'], '@type': ['Target', 'Item'], 'name': 'ZBTB6-human', 'label': 'ZBTB6', '@id': '/targets/ZBTB6-human/', 'title': 'ZBTB6 (Homo sapiens)', 'investigated_as': ['transcription factor'], 'uuid': '95da9bbc-69cd-4360-934a-8cdae889a472', 'status': 'released'}				ZBTB6-human	DNA				formaldehyde		2017-11-30	ENCODE			450-650	1, 2	1_1, 2_1							/files/ENCFF085VQS/, /files/ENCFF419RSJ/, /files/ENCFF478NGQ/, /files/ENCFF436NCZ/	264591	ENCODE Processing Pipeline	11659132a160f0423f136a0adf03745a		https://www.encodeproject.org/files/ENCFF773KEL/@@download/ENCFF773KEL.bed.gz				released	s3://encode-public/2017/11/27/ddc9d5ad-baf7-4fd2-b71a-2b29974dc8d0/ENCFF773KEL.bed.gz	https://datasetencode.blob.core.windows.net/dataset/2017/11/27/ddc9d5ad-baf7-4fd2-b71a-2b29974dc8d0/ENCFF773KEL.bed.gz?sv=2019-10-10&si=prod&sr=c&sig=9qSQZo4ggrCNpybBExU8SypuUZV33igI11xw0P7rB3c%3D	ENCODE3 GRCh38	archived	missing biosample characterization, missing genetic modification characterization		
ENCFF662TMD	bed narrowPeak	bed	narrowPeak	optimal IDR thresholded peaks	GRCh38	ENCSR909HMT	TF ChIP-seq	/human-donors/ENCDO000ABF/	EFO:0001182	HEK293	cell line	Homo sapiens				site-specific recombination	insertion	{'dbxrefs': ['FactorBook:ZEB1'], 'aliases': [], 'organism': {'schema_version': '6', '@type': ['Organism', 'Item'], 'name': 'human', 'taxon_id': '9606', 'scientific_name': 'Homo sapiens', '@id': '/organisms/human/', 'uuid': '7745b647-ff15-4ff3-9ced-b897d4e2983c', 'status': 'released'}, 'genes': ['/genes/6935/'], '@type': ['Target', 'Item'], 'label': 'ZEB1', 'title': 'ZEB1 (Homo sapiens)', 'investigated_as': ['transcription factor'], 'uuid': 'af642365-862a-4e6f-b19a-330b0dd0c632', 'schema_version': '14', 'name': 'ZEB1-human', '@id': '/targets/ZEB1-human/', 'status': 'released'}				ZEB1-human	DNA				formaldehyde		2016-10-07	ENCODE			450-650	1, 2	1_1, 2_1							/files/ENCFF431DSW/, /files/ENCFF824IOJ/, /files/ENCFF419RSJ/, /files/ENCFF395GUF/	261863	ENCODE Processing Pipeline	55c19646f6af380772405aed076a46ea		https://www.encodeproject.org/files/ENCFF662TMD/@@download/ENCFF662TMD.bed.gz				released	s3://encode-public/2016/11/01/576db6fc-594f-4707-ad8c-0407c520ce15/ENCFF662TMD.bed.gz	https://datasetencode.blob.core.windows.net/dataset/2016/11/01/576db6fc-594f-4707-ad8c-0407c520ce15/ENCFF662TMD.bed.gz?sv=2019-10-10&si=prod&sr=c&sig=9qSQZo4ggrCNpybBExU8SypuUZV33igI11xw0P7rB3c%3D	ENCODE3 GRCh38	archived	missing biosample characterization, missing genetic modification characterization		
ENCFF902ZKV	bed narrowPeak	bed	narrowPeak	optimal IDR thresholded peaks	GRCh38	ENCSR768HOH	TF ChIP-seq	/human-donors/ENCDO000ABF/	EFO:0001182	HEK293	cell line	Homo sapiens				site-specific recombination	insertion	{'schema_version': '14', 'aliases': ['michael-snyder:TS-1332'], 'organism': {'schema_version': '6', '@type': ['Organism', 'Item'], 'name': 'human', 'taxon_id': '9606', 'scientific_name': 'Homo sapiens', '@id': '/organisms/human/', 'uuid': '7745b647-ff15-4ff3-9ced-b897d4e2983c', 'status': 'released'}, 'genes': ['/genes/25799/'], '@type': ['Target', 'Item'], 'name': 'ZNF324-human', 'label': 'ZNF324', '@id': '/targets/ZNF324-human/', 'title': 'ZNF324 (Homo sapiens)', 'investigated_as': ['transcription factor'], 'uuid': 'ba507c2a-6ed7-4908-b19f-2cea634da0bf', 'status': 'released'}				ZNF324-human	DNA				formaldehyde		2016-10-07	ENCODE			450-650	1, 2	1_1, 2_1							/files/ENCFF147ESS/, /files/ENCFF419RSJ/, /files/ENCFF124EMM/, /files/ENCFF615IIR/	299639	ENCODE Processing Pipeline	fb74ee7d4d1b65fd9cbd78e9ad7161e7		https://www.encodeproject.org/files/ENCFF902ZKV/@@download/ENCFF902ZKV.bed.gz				released	s3://encode-public/2016/10/28/99257992-dde7-44b2-828e-10299cd2266b/ENCFF902ZKV.bed.gz	https://datasetencode.blob.core.windows.net/dataset/2016/10/28/99257992-dde7-44b2-828e-10299cd2266b/ENCFF902ZKV.bed.gz?sv=2019-10-10&si=prod&sr=c&sig=9qSQZo4ggrCNpybBExU8SypuUZV33igI11xw0P7rB3c%3D	ENCODE3 GRCh38	archived	missing biosample characterization, missing genetic modification characterization		
ENCFF617QGK	bed narrowPeak	bed	narrowPeak	optimal IDR thresholded peaks	GRCh38	ENCSR978EQY	TF ChIP-seq	/human-donors/ENCDO000ABF/	EFO:0001182	HEK293	cell line	Homo sapiens				site-specific recombination	insertion	{'schema_version': '14', 'aliases': [], 'organism': {'schema_version': '6', '@type': ['Organism', 'Item'], 'name': 'human', 'taxon_id': '9606', 'scientific_name': 'Homo sapiens', '@id': '/organisms/human/', 'uuid': '7745b647-ff15-4ff3-9ced-b897d4e2983c', 'status': 'released'}, 'genes': ['/genes/2736/'], '@type': ['Target', 'Item'], 'name': 'GLI2-human', 'label': 'GLI2', '@id': '/targets/GLI2-human/', 'title': 'GLI2 (Homo sapiens)', 'investigated_as': ['transcription factor'], 'uuid': '42f20574-9006-475b-9887-9ad42d181a4a', 'status': 'released'}				GLI2-human	DNA				formaldehyde		2017-04-06	ENCODE			450-650	1, 2	1_1, 2_1							/files/ENCFF323MNK/, /files/ENCFF275MZN/, /files/ENCFF419RSJ/, /files/ENCFF937CGY/	107314	ENCODE Processing Pipeline	fdd94ac0787599d564b07193e4ec41fd		https://www.encodeproject.org/files/ENCFF617QGK/@@download/ENCFF617QGK.bed.gz				released	s3://encode-public/2017/03/06/1b12028e-2922-4378-88e1-c82df6560ffd/ENCFF617QGK.bed.gz	https://datasetencode.blob.core.windows.net/dataset/2017/03/06/1b12028e-2922-4378-88e1-c82df6560ffd/ENCFF617QGK.bed.gz?sv=2019-10-10&si=prod&sr=c&sig=9qSQZo4ggrCNpybBExU8SypuUZV33igI11xw0P7rB3c%3D	ENCODE3 GRCh38	archived	low read depth, missing biosample characterization, missing genetic modification characterization, borderline replicate concordance		
ENCFF676YIL	bed narrowPeak	bed	narrowPeak	optimal IDR thresholded peaks	GRCh38	ENCSR807LQP	TF ChIP-seq	/human-donors/ENCDO000ABF/	EFO:0001182	HEK293	cell line	Homo sapiens				site-specific recombination	insertion	{'schema_version': '14', 'aliases': [], 'organism': {'schema_version': '6', '@type': ['Organism', 'Item'], 'name': 'human', 'taxon_id': '9606', 'scientific_name': 'Homo sapiens', '@id': '/organisms/human/', 'uuid': '7745b647-ff15-4ff3-9ced-b897d4e2983c', 'status': 'released'}, 'genes': ['/genes/6668/'], '@type': ['Target', 'Item'], 'name': 'SP2-human', 'label': 'SP2', '@id': '/targets/SP2-human/', 'title': 'SP2 (Homo sapiens)', 'investigated_as': ['transcription factor'], 'uuid': '44ed8e7c-216a-407c-a236-2badfc332481', 'status': 'released'}				SP2-human	DNA				formaldehyde		2016-10-07	ENCODE			450-650	1, 2	1_1, 2_1							/files/ENCFF493UBU/, /files/ENCFF032OFJ/, /files/ENCFF419RSJ/, /files/ENCFF145ROK/	557178	ENCODE Processing Pipeline	c492440f47a8ab79d80167149b188067		https://www.encodeproject.org/files/ENCFF676YIL/@@download/ENCFF676YIL.bed.gz				released	s3://encode-public/2016/11/01/a2eefacd-1f95-4a3d-8116-10877e27db37/ENCFF676YIL.bed.gz	https://datasetencode.blob.core.windows.net/dataset/2016/11/01/a2eefacd-1f95-4a3d-8116-10877e27db37/ENCFF676YIL.bed.gz?sv=2019-10-10&si=prod&sr=c&sig=9qSQZo4ggrCNpybBExU8SypuUZV33igI11xw0P7rB3c%3D	ENCODE3 GRCh38	archived	missing biosample characterization, missing genetic modification characterization		
ENCFF233DCN	bed narrowPeak	bed	narrowPeak	optimal IDR thresholded peaks	GRCh38	ENCSR781EQJ	TF ChIP-seq	/human-donors/ENCDO000ABF/	EFO:0001182	HEK293	cell line	Homo sapiens				site-specific recombination	insertion	{'schema_version': '14', 'aliases': [], 'organism': {'schema_version': '6', '@type': ['Organism', 'Item'], 'name': 'human', 'taxon_id': '9606', 'scientific_name': 'Homo sapiens', '@id': '/organisms/human/', 'uuid': '7745b647-ff15-4ff3-9ced-b897d4e2983c', 'status': 'released'}, 'genes': ['/genes/3104/'], '@type': ['Target', 'Item'], 'name': 'ZBTB48-human', 'label': 'ZBTB48', '@id': '/targets/ZBTB48-human/', 'title': 'ZBTB48 (Homo sapiens)', 'investigated_as': ['transcription factor'], 'uuid': 'c1909ee1-c5ad-4788-a61b-d6456c018a19', 'status': 'released'}				ZBTB48-human	DNA				formaldehyde		2016-12-19	ENCODE			450-650	1, 2	1_1, 2_1							/files/ENCFF274PPR/, /files/ENCFF356UUH/, /files/ENCFF419RSJ/, /files/ENCFF699QMX/	534681	ENCODE Processing Pipeline	60f0bd1bbe86382e0c5f5b5d7d429fe5		https://www.encodeproject.org/files/ENCFF233DCN/@@download/ENCFF233DCN.bed.gz				released	s3://encode-public/2016/12/16/b81d0753-7c35-4949-be3b-3f09cd3480e9/ENCFF233DCN.bed.gz	https://datasetencode.blob.core.windows.net/dataset/2016/12/16/b81d0753-7c35-4949-be3b-3f09cd3480e9/ENCFF233DCN.bed.gz?sv=2019-10-10&si=prod&sr=c&sig=9qSQZo4ggrCNpybBExU8SypuUZV33igI11xw0P7rB3c%3D	ENCODE3 GRCh38	archived	missing biosample characterization, missing genetic modification characterization		
ENCFF334TBU	bed narrowPeak	bed	narrowPeak	optimal IDR thresholded peaks	GRCh38	ENCSR551KAP	TF ChIP-seq	/human-donors/ENCDO000ABF/	EFO:0001182	HEK293	cell line	Homo sapiens				site-specific recombination	insertion	{'schema_version': '14', 'aliases': ['michael-snyder:TS-1580'], 'organism': {'schema_version': '6', '@type': ['Organism', 'Item'], 'name': 'human', 'taxon_id': '9606', 'scientific_name': 'Homo sapiens', '@id': '/organisms/human/', 'uuid': '7745b647-ff15-4ff3-9ced-b897d4e2983c', 'status': 'released'}, 'genes': ['/genes/7697/'], '@type': ['Target', 'Item'], 'name': 'ZNF138-human', 'label': 'ZNF138', '@id': '/targets/ZNF138-human/', 'title': 'ZNF138 (Homo sapiens)', 'investigated_as': ['transcription factor'], 'uuid': '66a161f5-e3c3-4b53-a41c-0b3b4bd346a9', 'status': 'released'}				ZNF138-human	DNA				formaldehyde		2016-10-07	ENCODE			450-650	1, 2	1_1, 2_1							/files/ENCFF232MVB/, /files/ENCFF419RSJ/, /files/ENCFF543UVW/, /files/ENCFF316CDM/	32459	ENCODE Processing Pipeline	24ecb59378cbf3b00b0405267984ca64		https://www.encodeproject.org/files/ENCFF334TBU/@@download/ENCFF334TBU.bed.gz				released	s3://encode-public/2016/11/01/72bcf7c0-156e-42d7-9d0b-48fedf6132bf/ENCFF334TBU.bed.gz	https://datasetencode.blob.core.windows.net/dataset/2016/11/01/72bcf7c0-156e-42d7-9d0b-48fedf6132bf/ENCFF334TBU.bed.gz?sv=2019-10-10&si=prod&sr=c&sig=9qSQZo4ggrCNpybBExU8SypuUZV33igI11xw0P7rB3c%3D	ENCODE3 GRCh38	archived	missing biosample characterization, borderline replicate concordance, missing genetic modification characterization		
ENCFF482CYW	bed narrowPeak	bed	narrowPeak	optimal IDR thresholded peaks	GRCh38	ENCSR185FOY	TF ChIP-seq	/human-donors/ENCDO000ABF/	EFO:0001182	HEK293	cell line	Homo sapiens				site-specific recombination	insertion	{'schema_version': '14', 'aliases': ['michael-snyder:TS-964'], 'organism': {'schema_version': '6', '@type': ['Organism', 'Item'], 'name': 'human', 'taxon_id': '9606', 'scientific_name': 'Homo sapiens', '@id': '/organisms/human/', 'uuid': '7745b647-ff15-4ff3-9ced-b897d4e2983c', 'status': 'released'}, 'genes': ['/genes/84905/'], '@type': ['Target', 'Item'], 'name': 'ZNF341-human', 'label': 'ZNF341', '@id': '/targets/ZNF341-human/', 'title': 'ZNF341 (Homo sapiens)', 'investigated_as': ['transcription factor'], 'uuid': '2ac51a3e-b321-4044-8de6-eb4b31eac258', 'status': 'released'}				ZNF341-human	DNA				formaldehyde		2016-10-07	ENCODE			450-650	1, 2	1_1, 2_1							/files/ENCFF555ZSX/, /files/ENCFF604IFM/, /files/ENCFF003ZGQ/, /files/ENCFF419RSJ/	717337	ENCODE Processing Pipeline	4a26a2518c835d0b67b6b3d4a498a387		https://www.encodeproject.org/files/ENCFF482CYW/@@download/ENCFF482CYW.bed.gz				released	s3://encode-public/2016/11/01/3c14e6c1-3592-477b-8cd3-2a6950283869/ENCFF482CYW.bed.gz	https://datasetencode.blob.core.windows.net/dataset/2016/11/01/3c14e6c1-3592-477b-8cd3-2a6950283869/ENCFF482CYW.bed.gz?sv=2019-10-10&si=prod&sr=c&sig=9qSQZo4ggrCNpybBExU8SypuUZV33igI11xw0P7rB3c%3D	ENCODE3 GRCh38	archived	low read depth, missing biosample characterization, missing genetic modification characterization		
ENCFF032CZR	bed narrowPeak	bed	narrowPeak	optimal IDR thresholded peaks	GRCh38	ENCSR210MET	TF ChIP-seq	/human-donors/ENCDO000ABF/	EFO:0001182	HEK293	cell line	Homo sapiens				site-specific recombination	insertion	{'schema_version': '14', 'aliases': ['michael-snyder:TS-614'], 'organism': {'schema_version': '6', '@type': ['Organism', 'Item'], 'name': 'human', 'taxon_id': '9606', 'scientific_name': 'Homo sapiens', '@id': '/organisms/human/', 'uuid': '7745b647-ff15-4ff3-9ced-b897d4e2983c', 'status': 'released'}, 'genes': ['/genes/346157/'], '@type': ['Target', 'Item'], 'name': 'ZNF391-human', 'label': 'ZNF391', '@id': '/targets/ZNF391-human/', 'title': 'ZNF391 (Homo sapiens)', 'investigated_as': ['transcription factor'], 'uuid': 'ff1087c3-9052-4d65-943c-79c538779904', 'status': 'released'}				ZNF391-human	DNA				formaldehyde		2016-10-07	ENCODE			450-650	1, 2	1_1, 2_1							/files/ENCFF958QZY/, /files/ENCFF419RSJ/, /files/ENCFF863TWT/, /files/ENCFF866VMS/	255991	ENCODE Processing Pipeline	484305709d30521cac580a016e342e98		https://www.encodeproject.org/files/ENCFF032CZR/@@download/ENCFF032CZR.bed.gz				released	s3://encode-public/2016/11/01/88f17681-aaa9-4e4c-ad5d-514f4890fc62/ENCFF032CZR.bed.gz	https://datasetencode.blob.core.windows.net/dataset/2016/11/01/88f17681-aaa9-4e4c-ad5d-514f4890fc62/ENCFF032CZR.bed.gz?sv=2019-10-10&si=prod&sr=c&sig=9qSQZo4ggrCNpybBExU8SypuUZV33igI11xw0P7rB3c%3D	ENCODE3 GRCh38	archived	low read depth, missing biosample characterization, borderline replicate concordance, missing genetic modification characterization		
ENCFF596KQL	bed narrowPeak	bed	narrowPeak	optimal IDR thresholded peaks	GRCh38	ENCSR897RVP	TF ChIP-seq	/human-donors/ENCDO000ABF/	EFO:0001182	HEK293	cell line	Homo sapiens				site-specific recombination	insertion	{'schema_version': '14', 'aliases': [], 'organism': {'schema_version': '6', '@type': ['Organism', 'Item'], 'name': 'human', 'taxon_id': '9606', 'scientific_name': 'Homo sapiens', '@id': '/organisms/human/', 'uuid': '7745b647-ff15-4ff3-9ced-b897d4e2983c', 'status': 'released'}, 'genes': ['/genes/84874/'], '@type': ['Target', 'Item'], 'name': 'ZNF514-human', 'label': 'ZNF514', '@id': '/targets/ZNF514-human/', 'title': 'ZNF514 (Homo sapiens)', 'investigated_as': ['transcription factor'], 'uuid': '292f24d4-ff4f-477a-8a15-4d92c788e9ed', 'status': 'released'}				ZNF514-human	DNA				formaldehyde		2016-12-19	ENCODE			450-650	1, 2	1_1, 2_1							/files/ENCFF419RSJ/, /files/ENCFF940SAZ/, /files/ENCFF333IDQ/, /files/ENCFF071KMX/	33165	ENCODE Processing Pipeline	45a47017212079a824f40f5d45e74278		https://www.encodeproject.org/files/ENCFF596KQL/@@download/ENCFF596KQL.bed.gz				released	s3://encode-public/2016/12/16/5501a771-7baf-4a9f-956a-943970c0e2a8/ENCFF596KQL.bed.gz	https://datasetencode.blob.core.windows.net/dataset/2016/12/16/5501a771-7baf-4a9f-956a-943970c0e2a8/ENCFF596KQL.bed.gz?sv=2019-10-10&si=prod&sr=c&sig=9qSQZo4ggrCNpybBExU8SypuUZV33igI11xw0P7rB3c%3D	ENCODE3 GRCh38	archived	missing biosample characterization, missing genetic modification characterization		
ENCFF884RBR	bed narrowPeak	bed	narrowPeak	optimal IDR thresholded peaks	GRCh38	ENCSR859BMR	TF ChIP-seq	/human-donors/ENCDO000ABF/	EFO:0001182	HEK293	cell line	Homo sapiens				site-specific recombination	insertion	{'schema_version': '14', 'aliases': [], 'organism': {'schema_version': '6', '@type': ['Organism', 'Item'], 'name': 'human', 'taxon_id': '9606', 'scientific_name': 'Homo sapiens', '@id': '/organisms/human/', 'uuid': '7745b647-ff15-4ff3-9ced-b897d4e2983c', 'status': 'released'}, 'genes': ['/genes/10661/'], '@type': ['Target', 'Item'], 'name': 'KLF1-human', 'label': 'KLF1', '@id': '/targets/KLF1-human/', 'title': 'KLF1 (Homo sapiens)', 'investigated_as': ['transcription factor'], 'uuid': '35534cda-fb29-45e0-8ad7-be4f9f04211b', 'status': 'released'}				KLF1-human	DNA				formaldehyde		2016-10-07	ENCODE			450-650	1, 2	1_1, 2_1							/files/ENCFF326UIT/, /files/ENCFF924JAR/, /files/ENCFF269CDX/, /files/ENCFF419RSJ/	676477	ENCODE Processing Pipeline	42195ebc520995c5ba8dac7f030df28c		https://www.encodeproject.org/files/ENCFF884RBR/@@download/ENCFF884RBR.bed.gz				released	s3://encode-public/2016/11/01/9e7f6e82-807b-436f-8e59-14a989662359/ENCFF884RBR.bed.gz	https://datasetencode.blob.core.windows.net/dataset/2016/11/01/9e7f6e82-807b-436f-8e59-14a989662359/ENCFF884RBR.bed.gz?sv=2019-10-10&si=prod&sr=c&sig=9qSQZo4ggrCNpybBExU8SypuUZV33igI11xw0P7rB3c%3D	ENCODE3 GRCh38	archived	missing biosample characterization, missing genetic modification characterization		
ENCFF514ZNN	bed narrowPeak	bed	narrowPeak	optimal IDR thresholded peaks	GRCh38	ENCSR094WHO	TF ChIP-seq	/human-donors/ENCDO000ABF/	EFO:0001184	HEK293T	cell line	Homo sapiens										FOXA1-human	DNA						2016-11-17	ENCODE			450-650	1, 2	1_1, 2_1							/files/ENCFF950CYO/, /files/ENCFF138FNX/, /files/ENCFF419RSJ/, /files/ENCFF929KVZ/	24540	ENCODE Processing Pipeline	144d5fe97c4047dcd12f4373090f9655		https://www.encodeproject.org/files/ENCFF514ZNN/@@download/ENCFF514ZNN.bed.gz				released	s3://encode-public/2016/11/02/9e575296-5afe-4ce8-8b48-e542efce2f4c/ENCFF514ZNN.bed.gz	https://datasetencode.blob.core.windows.net/dataset/2016/11/02/9e575296-5afe-4ce8-8b48-e542efce2f4c/ENCFF514ZNN.bed.gz?sv=2019-10-10&si=prod&sr=c&sig=9qSQZo4ggrCNpybBExU8SypuUZV33igI11xw0P7rB3c%3D	ENCODE3 GRCh38	archived	mild to moderate bottlenecking		
ENCFF655PMG	bed narrowPeak	bed	narrowPeak	optimal IDR thresholded peaks	GRCh38	ENCSR679KXF	TF ChIP-seq	/human-donors/ENCDO000ABF/	EFO:0001182	HEK293	cell line	Homo sapiens				site-specific recombination	insertion	{'schema_version': '14', 'aliases': [], 'organism': {'schema_version': '6', '@type': ['Organism', 'Item'], 'name': 'human', 'taxon_id': '9606', 'scientific_name': 'Homo sapiens', '@id': '/organisms/human/', 'uuid': '7745b647-ff15-4ff3-9ced-b897d4e2983c', 'status': 'released'}, 'genes': ['/genes/7571/'], '@type': ['Target', 'Item'], 'name': 'ZNF23-human', 'label': 'ZNF23', '@id': '/targets/ZNF23-human/', 'title': 'ZNF23 (Homo sapiens)', 'investigated_as': ['transcription factor'], 'uuid': '4cf636f2-1cb1-4c25-8a85-fa8c472dcc83', 'status': 'released'}				ZNF23-human	DNA				formaldehyde		2016-12-19	ENCODE			450-650	1, 2	1_1, 2_1							/files/ENCFF419RSJ/, /files/ENCFF894EDO/, /files/ENCFF012VOZ/, /files/ENCFF597SMQ/	30994	ENCODE Processing Pipeline	67ddd8408512126948e7637605141495		https://www.encodeproject.org/files/ENCFF655PMG/@@download/ENCFF655PMG.bed.gz				released	s3://encode-public/2016/12/16/d62e7e28-e6b9-4a04-95ba-8b8b4982ebf7/ENCFF655PMG.bed.gz	https://datasetencode.blob.core.windows.net/dataset/2016/12/16/d62e7e28-e6b9-4a04-95ba-8b8b4982ebf7/ENCFF655PMG.bed.gz?sv=2019-10-10&si=prod&sr=c&sig=9qSQZo4ggrCNpybBExU8SypuUZV33igI11xw0P7rB3c%3D	ENCODE3 GRCh38	archived	missing biosample characterization, borderline replicate concordance, missing genetic modification characterization		
ENCFF676QQC	bed narrowPeak	bed	narrowPeak	optimal IDR thresholded peaks	GRCh38	ENCSR253CKN	TF ChIP-seq	/human-donors/ENCDO000ABF/	EFO:0001182	HEK293	cell line	Homo sapiens				site-specific recombination	insertion	{'schema_version': '14', 'aliases': [], 'organism': {'schema_version': '6', '@type': ['Organism', 'Item'], 'name': 'human', 'taxon_id': '9606', 'scientific_name': 'Homo sapiens', '@id': '/organisms/human/', 'uuid': '7745b647-ff15-4ff3-9ced-b897d4e2983c', 'status': 'released'}, 'genes': ['/genes/7589/'], '@type': ['Target', 'Item'], 'name': 'ZSCAN21-human', 'label': 'ZSCAN21', '@id': '/targets/ZSCAN21-human/', 'title': 'ZSCAN21 (Homo sapiens)', 'investigated_as': ['transcription factor'], 'uuid': 'c6454617-e163-45c5-94e7-be095376477b', 'status': 'released'}				ZSCAN21-human	DNA				formaldehyde		2017-04-05	ENCODE			450-650	1, 2	1_1, 2_1							/files/ENCFF171ZMH/, /files/ENCFF419RSJ/, /files/ENCFF543UOD/, /files/ENCFF678QJD/	411003	ENCODE Processing Pipeline	2670ba3e006c21f9cba8a93bd12e54b4		https://www.encodeproject.org/files/ENCFF676QQC/@@download/ENCFF676QQC.bed.gz				released	s3://encode-public/2016/11/01/7ed52ad9-47d7-4126-a578-24c5b3f22bb6/ENCFF676QQC.bed.gz	https://datasetencode.blob.core.windows.net/dataset/2016/11/01/7ed52ad9-47d7-4126-a578-24c5b3f22bb6/ENCFF676QQC.bed.gz?sv=2019-10-10&si=prod&sr=c&sig=9qSQZo4ggrCNpybBExU8SypuUZV33igI11xw0P7rB3c%3D	ENCODE3 GRCh38	archived	missing biosample characterization, missing genetic modification characterization		
ENCFF939UTN	bed narrowPeak	bed	narrowPeak	optimal IDR thresholded peaks	GRCh38	ENCSR240XWM	TF ChIP-seq	/human-donors/ENCDO000ABF/	EFO:0001184	HEK293T	cell line	Homo sapiens										LEF1-human	DNA						2017-04-14	ENCODE			450-650	1, 2	1_1, 2_1							/files/ENCFF419RSJ/, /files/ENCFF266CZW/, /files/ENCFF654JOW/, /files/ENCFF510XVU/	70521	ENCODE Processing Pipeline	855f6c82a0e78eea941b837a8c45adbe		https://www.encodeproject.org/files/ENCFF939UTN/@@download/ENCFF939UTN.bed.gz				released	s3://encode-public/2017/04/12/2b9e9a29-e03d-426e-88a0-61b58dc99155/ENCFF939UTN.bed.gz	https://datasetencode.blob.core.windows.net/dataset/2017/04/12/2b9e9a29-e03d-426e-88a0-61b58dc99155/ENCFF939UTN.bed.gz?sv=2019-10-10&si=prod&sr=c&sig=9qSQZo4ggrCNpybBExU8SypuUZV33igI11xw0P7rB3c%3D	ENCODE3 GRCh38	archived	mild to moderate bottlenecking, borderline replicate concordance		
ENCFF668BSL	bed narrowPeak	bed	narrowPeak	optimal IDR thresholded peaks	GRCh38	ENCSR365GRX	TF ChIP-seq	/human-donors/ENCDO000ABF/	EFO:0001182	HEK293	cell line	Homo sapiens				site-specific recombination	insertion	{'schema_version': '14', 'aliases': ['michael-snyder:TS-1634'], 'organism': {'schema_version': '6', '@type': ['Organism', 'Item'], 'name': 'human', 'taxon_id': '9606', 'scientific_name': 'Homo sapiens', '@id': '/organisms/human/', 'uuid': '7745b647-ff15-4ff3-9ced-b897d4e2983c', 'status': 'released'}, 'genes': ['/genes/7539/'], '@type': ['Target', 'Item'], 'name': 'ZFP37-human', 'label': 'ZFP37', '@id': '/targets/ZFP37-human/', 'title': 'ZFP37 (Homo sapiens)', 'investigated_as': ['transcription factor'], 'uuid': '1bf2363f-e31d-4a66-a1cc-71a56bbf274f', 'status': 'released'}				ZFP37-human	DNA				formaldehyde		2016-10-25	ENCODE			450-650	1, 2	1_1, 2_1							/files/ENCFF025FYS/, /files/ENCFF447IPP/, /files/ENCFF419RSJ/, /files/ENCFF222EZM/	366016	ENCODE Processing Pipeline	15ec1beca6009f35d34f76d59400bd8d		https://www.encodeproject.org/files/ENCFF668BSL/@@download/ENCFF668BSL.bed.gz				released	s3://encode-public/2016/10/28/90ea9a24-3504-4f2d-9c8c-9fc5b920c10f/ENCFF668BSL.bed.gz	https://datasetencode.blob.core.windows.net/dataset/2016/10/28/90ea9a24-3504-4f2d-9c8c-9fc5b920c10f/ENCFF668BSL.bed.gz?sv=2019-10-10&si=prod&sr=c&sig=9qSQZo4ggrCNpybBExU8SypuUZV33igI11xw0P7rB3c%3D	ENCODE3 GRCh38	archived	missing biosample characterization, missing genetic modification characterization		
ENCFF975JSZ	bed narrowPeak	bed	narrowPeak	optimal IDR thresholded peaks	GRCh38	ENCSR096LSN	TF ChIP-seq	/human-donors/ENCDO000ABF/	EFO:0001182	HEK293	cell line	Homo sapiens				site-specific recombination	insertion	{'schema_version': '14', 'aliases': [], 'organism': {'schema_version': '6', '@type': ['Organism', 'Item'], 'name': 'human', 'taxon_id': '9606', 'scientific_name': 'Homo sapiens', '@id': '/organisms/human/', 'uuid': '7745b647-ff15-4ff3-9ced-b897d4e2983c', 'status': 'released'}, 'genes': ['/genes/282890/'], '@type': ['Target', 'Item'], 'name': 'ZNF311-human', 'label': 'ZNF311', '@id': '/targets/ZNF311-human/', 'title': 'ZNF311 (Homo sapiens)', 'investigated_as': ['transcription factor'], 'uuid': '151b817d-4c26-4b53-83f3-0a3bb0e653a1', 'status': 'released'}				ZNF311-human	DNA				formaldehyde		2017-04-06	ENCODE			450-650	1, 2	1_1, 2_1							/files/ENCFF199KEJ/, /files/ENCFF336SYE/, /files/ENCFF419RSJ/, /files/ENCFF685LST/	46385	ENCODE Processing Pipeline	34e7ee56b65acf757f95913b45292689		https://www.encodeproject.org/files/ENCFF975JSZ/@@download/ENCFF975JSZ.bed.gz				released	s3://encode-public/2017/02/16/0c838093-4144-4a19-a543-8c2feb0e3416/ENCFF975JSZ.bed.gz	https://datasetencode.blob.core.windows.net/dataset/2017/02/16/0c838093-4144-4a19-a543-8c2feb0e3416/ENCFF975JSZ.bed.gz?sv=2019-10-10&si=prod&sr=c&sig=9qSQZo4ggrCNpybBExU8SypuUZV33igI11xw0P7rB3c%3D	ENCODE3 GRCh38	archived	missing biosample characterization, borderline replicate concordance, missing genetic modification characterization		
ENCFF827SZZ	bed narrowPeak	bed	narrowPeak	optimal IDR thresholded peaks	GRCh38	ENCSR000EVD	TF ChIP-seq	/human-donors/ENCDO000ABF/	EFO:0001182	HEK293	cell line	Homo sapiens										ZNF263-human	DNA						2011-10-29	ENCODE		see document		1, 2	1_1, 2_1							/files/ENCFF178XQA/, /files/ENCFF956AHX/, /files/ENCFF419RSJ/, /files/ENCFF822NGK/	733978	ENCODE Processing Pipeline	9eb40391f182f86fe68d2321ae0969f0		https://www.encodeproject.org/files/ENCFF827SZZ/@@download/ENCFF827SZZ.bed.gz				released	s3://encode-public/2016/11/08/09066ba3-9921-4370-aa76-b27f419b589b/ENCFF827SZZ.bed.gz	https://datasetencode.blob.core.windows.net/dataset/2016/11/08/09066ba3-9921-4370-aa76-b27f419b589b/ENCFF827SZZ.bed.gz?sv=2019-10-10&si=prod&sr=c&sig=9qSQZo4ggrCNpybBExU8SypuUZV33igI11xw0P7rB3c%3D	ENCODE3 GRCh38	archived	low read length, low read depth, mixed read lengths	insufficient read length	
ENCFF381VJM	bed narrowPeak	bed	narrowPeak	optimal IDR thresholded peaks	GRCh38	ENCSR502KPJ	TF ChIP-seq	/human-donors/ENCDO000ABF/	EFO:0001182	HEK293	cell line	Homo sapiens				site-specific recombination	insertion	{'schema_version': '14', 'aliases': ['michael-snyder:TS-678'], 'organism': {'schema_version': '6', '@type': ['Organism', 'Item'], 'name': 'human', 'taxon_id': '9606', 'scientific_name': 'Homo sapiens', '@id': '/organisms/human/', 'uuid': '7745b647-ff15-4ff3-9ced-b897d4e2983c', 'status': 'released'}, 'genes': ['/genes/283933/'], '@type': ['Target', 'Item'], 'name': 'ZNF843-human', 'label': 'ZNF843', '@id': '/targets/ZNF843-human/', 'title': 'ZNF843 (Homo sapiens)', 'investigated_as': ['transcription factor'], 'uuid': '139cf44a-9850-4429-aafa-50594c906b09', 'status': 'released'}				ZNF843-human	DNA				formaldehyde		2016-12-19	ENCODE			450-650	1, 2	1_1, 2_1							/files/ENCFF219QGM/, /files/ENCFF096LUD/, /files/ENCFF419RSJ/, /files/ENCFF212PJW/	450470	ENCODE Processing Pipeline	69a2bc5d39e7fd4ed81de3da0bdebfbc		https://www.encodeproject.org/files/ENCFF381VJM/@@download/ENCFF381VJM.bed.gz				released	s3://encode-public/2016/12/16/f38b75f1-27d1-4e63-8065-a96732a614da/ENCFF381VJM.bed.gz	https://datasetencode.blob.core.windows.net/dataset/2016/12/16/f38b75f1-27d1-4e63-8065-a96732a614da/ENCFF381VJM.bed.gz?sv=2019-10-10&si=prod&sr=c&sig=9qSQZo4ggrCNpybBExU8SypuUZV33igI11xw0P7rB3c%3D	ENCODE3 GRCh38	archived	missing biosample characterization, missing genetic modification characterization		
ENCFF123BYP	bed narrowPeak	bed	narrowPeak	optimal IDR thresholded peaks	GRCh38	ENCSR727PIC	TF ChIP-seq	/human-donors/ENCDO000ABF/	EFO:0001182	HEK293	cell line	Homo sapiens				site-specific recombination	insertion	{'schema_version': '14', 'aliases': ['michael-snyder:TS-1023'], 'organism': {'schema_version': '6', '@type': ['Organism', 'Item'], 'name': 'human', 'taxon_id': '9606', 'scientific_name': 'Homo sapiens', '@id': '/organisms/human/', 'uuid': '7745b647-ff15-4ff3-9ced-b897d4e2983c', 'status': 'released'}, 'genes': ['/genes/80778/'], '@type': ['Target', 'Item'], 'name': 'ZNF34-human', 'label': 'ZNF34', '@id': '/targets/ZNF34-human/', 'title': 'ZNF34 (Homo sapiens)', 'investigated_as': ['transcription factor'], 'uuid': '26c7739c-0fd8-406f-b544-bce0fb495ab5', 'status': 'released'}				ZNF34-human	DNA				formaldehyde		2017-03-07	ENCODE			450-650	1, 2	1_1, 2_1							/files/ENCFF169BQL/, /files/ENCFF999OAP/, /files/ENCFF419RSJ/, /files/ENCFF528WYW/	181686	ENCODE Processing Pipeline	4145accc238f84aba3f0bafe24e87fbd		https://www.encodeproject.org/files/ENCFF123BYP/@@download/ENCFF123BYP.bed.gz				released	s3://encode-public/2017/03/06/27cf531c-dd9f-43c7-aa18-aa5683d5e2f1/ENCFF123BYP.bed.gz	https://datasetencode.blob.core.windows.net/dataset/2017/03/06/27cf531c-dd9f-43c7-aa18-aa5683d5e2f1/ENCFF123BYP.bed.gz?sv=2019-10-10&si=prod&sr=c&sig=9qSQZo4ggrCNpybBExU8SypuUZV33igI11xw0P7rB3c%3D	ENCODE3 GRCh38	archived	missing biosample characterization, inconsistent platforms, missing genetic modification characterization, mild to moderate bottlenecking, moderate library complexity		
ENCFF836LWG	bed narrowPeak	bed	narrowPeak	optimal IDR thresholded peaks	GRCh38	ENCSR274LVQ	TF ChIP-seq	/human-donors/ENCDO000ABF/	EFO:0001182	HEK293	cell line	Homo sapiens				site-specific recombination	insertion	{'schema_version': '14', 'aliases': [], 'organism': {'schema_version': '6', '@type': ['Organism', 'Item'], 'name': 'human', 'taxon_id': '9606', 'scientific_name': 'Homo sapiens', '@id': '/organisms/human/', 'uuid': '7745b647-ff15-4ff3-9ced-b897d4e2983c', 'status': 'released'}, 'genes': ['/genes/284309/'], '@type': ['Target', 'Item'], 'name': 'ZNF776-human', 'label': 'ZNF776', '@id': '/targets/ZNF776-human/', 'title': 'ZNF776 (Homo sapiens)', 'investigated_as': ['transcription factor'], 'uuid': '0d9656b3-22bd-4d8a-b844-e3d8950969e9', 'status': 'released'}				ZNF776-human	DNA				formaldehyde		2017-02-21	ENCODE			450-650	1, 2	1_1, 2_1							/files/ENCFF419RSJ/, /files/ENCFF748BUO/, /files/ENCFF557WXE/, /files/ENCFF422SSN/	57099	ENCODE Processing Pipeline	73b92bdef0e03b91c0ef58f12e96cc66		https://www.encodeproject.org/files/ENCFF836LWG/@@download/ENCFF836LWG.bed.gz				released	s3://encode-public/2017/02/16/4c79bae6-725e-4776-9728-48ff2638cc20/ENCFF836LWG.bed.gz	https://datasetencode.blob.core.windows.net/dataset/2017/02/16/4c79bae6-725e-4776-9728-48ff2638cc20/ENCFF836LWG.bed.gz?sv=2019-10-10&si=prod&sr=c&sig=9qSQZo4ggrCNpybBExU8SypuUZV33igI11xw0P7rB3c%3D	ENCODE3 GRCh38	archived	missing biosample characterization, missing genetic modification characterization, borderline replicate concordance		
ENCFF756AYX	bed narrowPeak	bed	narrowPeak	optimal IDR thresholded peaks	GRCh38	ENCSR443MVV	TF ChIP-seq	/human-donors/ENCDO000ABF/	EFO:0001182	HEK293	cell line	Homo sapiens				site-specific recombination	insertion	{'schema_version': '14', 'aliases': [], 'organism': {'schema_version': '6', '@type': ['Organism', 'Item'], 'name': 'human', 'taxon_id': '9606', 'scientific_name': 'Homo sapiens', '@id': '/organisms/human/', 'uuid': '7745b647-ff15-4ff3-9ced-b897d4e2983c', 'status': 'released'}, 'genes': ['/genes/11108/'], '@type': ['Target', 'Item'], 'name': 'PRDM4-human', 'label': 'PRDM4', '@id': '/targets/PRDM4-human/', 'title': 'PRDM4 (Homo sapiens)', 'investigated_as': ['transcription factor'], 'uuid': '1688c712-e019-41b0-a43f-2e2b3b6f76b5', 'status': 'released'}				PRDM4-human	DNA				formaldehyde		2017-02-10	ENCODE			450-650	2, 3	2_1, 3_1							/files/ENCFF419RSJ/, /files/ENCFF032GVQ/, /files/ENCFF313EWR/, /files/ENCFF544AVU/	398117	ENCODE Processing Pipeline	f0026d57a51b4b835da701493bc58be5		https://www.encodeproject.org/files/ENCFF756AYX/@@download/ENCFF756AYX.bed.gz				released	s3://encode-public/2017/02/08/67f65c7b-ba6d-44d1-8869-09e1a301d6eb/ENCFF756AYX.bed.gz	https://datasetencode.blob.core.windows.net/dataset/2017/02/08/67f65c7b-ba6d-44d1-8869-09e1a301d6eb/ENCFF756AYX.bed.gz?sv=2019-10-10&si=prod&sr=c&sig=9qSQZo4ggrCNpybBExU8SypuUZV33igI11xw0P7rB3c%3D	ENCODE3 GRCh38	archived	missing biosample characterization, missing genetic modification characterization		
ENCFF138HMJ	bed narrowPeak	bed	narrowPeak	optimal IDR thresholded peaks	GRCh38	ENCSR098YLE	TF ChIP-seq	/human-donors/ENCDO000ABF/	EFO:0001182	HEK293	cell line	Homo sapiens				site-specific recombination	insertion	{'schema_version': '14', 'aliases': ['michael-snyder:TS-1979'], 'organism': {'schema_version': '6', '@type': ['Organism', 'Item'], 'name': 'human', 'taxon_id': '9606', 'scientific_name': 'Homo sapiens', '@id': '/organisms/human/', 'uuid': '7745b647-ff15-4ff3-9ced-b897d4e2983c', 'status': 'released'}, 'genes': ['/genes/639/'], '@type': ['Target', 'Item'], 'name': 'PRDM1-human', 'label': 'PRDM1', '@id': '/targets/PRDM1-human/', 'title': 'PRDM1 (Homo sapiens)', 'investigated_as': ['transcription factor'], 'uuid': '0e8446e0-3f10-465f-9bd1-399193b1be02', 'status': 'released'}				PRDM1-human	DNA				formaldehyde		2016-10-07	ENCODE			450-650	1, 2	1_1, 2_1							/files/ENCFF970XCX/, /files/ENCFF418YGE/, /files/ENCFF419RSJ/, /files/ENCFF735VRI/	949815	ENCODE Processing Pipeline	b1c0499d25008f1025767f609f247099		https://www.encodeproject.org/files/ENCFF138HMJ/@@download/ENCFF138HMJ.bed.gz				released	s3://encode-public/2016/10/28/c3118993-17a5-4d35-8694-cdeb9486b3ba/ENCFF138HMJ.bed.gz	https://datasetencode.blob.core.windows.net/dataset/2016/10/28/c3118993-17a5-4d35-8694-cdeb9486b3ba/ENCFF138HMJ.bed.gz?sv=2019-10-10&si=prod&sr=c&sig=9qSQZo4ggrCNpybBExU8SypuUZV33igI11xw0P7rB3c%3D	ENCODE3 GRCh38	archived	missing biosample characterization, missing genetic modification characterization		
ENCFF313DUS	bed narrowPeak	bed	narrowPeak	optimal IDR thresholded peaks	GRCh38	ENCSR321MSF	TF ChIP-seq	/human-donors/ENCDO000ABF/	EFO:0001182	HEK293	cell line	Homo sapiens				site-specific recombination	insertion	{'schema_version': '14', 'aliases': ['michael-snyder:TS-1285'], 'organism': {'schema_version': '6', '@type': ['Organism', 'Item'], 'name': 'human', 'taxon_id': '9606', 'scientific_name': 'Homo sapiens', '@id': '/organisms/human/', 'uuid': '7745b647-ff15-4ff3-9ced-b897d4e2983c', 'status': 'released'}, 'genes': ['/genes/49854/'], '@type': ['Target', 'Item'], 'name': 'ZBTB21-human', 'label': 'ZBTB21', '@id': '/targets/ZBTB21-human/', 'title': 'ZBTB21 (Homo sapiens)', 'investigated_as': ['transcription factor'], 'uuid': '05544a29-46ec-467b-987a-4677b876d11c', 'status': 'released'}				ZBTB21-human	DNA				formaldehyde		2017-03-07	ENCODE			450-650	4, 5	4_1, 5_1							/files/ENCFF733SFE/, /files/ENCFF419RSJ/, /files/ENCFF217DOH/, /files/ENCFF426IIZ/	361630	ENCODE Processing Pipeline	d53ac2a8b2006a28aa24b3bf588e0c0c		https://www.encodeproject.org/files/ENCFF313DUS/@@download/ENCFF313DUS.bed.gz				released	s3://encode-public/2017/02/09/f453f838-a16e-4e66-8c7d-21daa0054247/ENCFF313DUS.bed.gz	https://datasetencode.blob.core.windows.net/dataset/2017/02/09/f453f838-a16e-4e66-8c7d-21daa0054247/ENCFF313DUS.bed.gz?sv=2019-10-10&si=prod&sr=c&sig=9qSQZo4ggrCNpybBExU8SypuUZV33igI11xw0P7rB3c%3D	ENCODE3 GRCh38	archived	missing biosample characterization, missing genetic modification characterization		
ENCFF684WPJ	bed narrowPeak	bed	narrowPeak	optimal IDR thresholded peaks	GRCh38	ENCSR363XBR	TF ChIP-seq	/human-donors/ENCDO000ABF/	EFO:0001182	HEK293	cell line	Homo sapiens				site-specific recombination	insertion	{'schema_version': '14', 'aliases': [], 'organism': {'schema_version': '6', '@type': ['Organism', 'Item'], 'name': 'human', 'taxon_id': '9606', 'scientific_name': 'Homo sapiens', '@id': '/organisms/human/', 'uuid': '7745b647-ff15-4ff3-9ced-b897d4e2983c', 'status': 'released'}, 'genes': ['/genes/118738/'], '@type': ['Target', 'Item'], 'name': 'ZNF488-human', 'label': 'ZNF488', '@id': '/targets/ZNF488-human/', 'title': 'ZNF488 (Homo sapiens)', 'investigated_as': ['transcription factor'], 'uuid': '5f0a94ed-cd6d-4fdf-9697-c29722e7a164', 'status': 'released'}				ZNF488-human	DNA				formaldehyde		2016-10-07	ENCODE			450-650	1, 2	1_1, 2_1							/files/ENCFF222CYK/, /files/ENCFF708QBV/, /files/ENCFF419RSJ/, /files/ENCFF040QBG/	68251	ENCODE Processing Pipeline	f142430b6161320354374e482a706239		https://www.encodeproject.org/files/ENCFF684WPJ/@@download/ENCFF684WPJ.bed.gz				released	s3://encode-public/2016/10/28/039bd410-92f9-4158-9bc2-4de0be0f8ce0/ENCFF684WPJ.bed.gz	https://datasetencode.blob.core.windows.net/dataset/2016/10/28/039bd410-92f9-4158-9bc2-4de0be0f8ce0/ENCFF684WPJ.bed.gz?sv=2019-10-10&si=prod&sr=c&sig=9qSQZo4ggrCNpybBExU8SypuUZV33igI11xw0P7rB3c%3D	ENCODE3 GRCh38	archived	missing biosample characterization, missing genetic modification characterization		
ENCFF496RBJ	bed narrowPeak	bed	narrowPeak	optimal IDR thresholded peaks	GRCh38	ENCSR178QVJ	TF ChIP-seq	/human-donors/ENCDO000ABF/	EFO:0001182	HEK293	cell line	Homo sapiens				site-specific recombination	insertion	{'dbxrefs': ['FactorBook:ZNF274'], 'aliases': [], 'organism': {'schema_version': '6', '@type': ['Organism', 'Item'], 'name': 'human', 'taxon_id': '9606', 'scientific_name': 'Homo sapiens', '@id': '/organisms/human/', 'uuid': '7745b647-ff15-4ff3-9ced-b897d4e2983c', 'status': 'released'}, 'genes': ['/genes/10782/'], '@type': ['Target', 'Item'], 'label': 'ZNF274', 'title': 'ZNF274 (Homo sapiens)', 'investigated_as': ['transcription factor'], 'uuid': 'e43cca6c-95fe-4165-a087-179c071ac748', 'schema_version': '14', 'name': 'ZNF274-human', '@id': '/targets/ZNF274-human/', 'status': 'released'}				ZNF274-human	DNA				formaldehyde		2016-12-19	ENCODE			450-650	1, 2	1_1, 2_1							/files/ENCFF364AFV/, /files/ENCFF419RSJ/, /files/ENCFF068OEC/, /files/ENCFF704WQY/	47727	ENCODE Processing Pipeline	a36c9d7f73d4f97cd285ac0182ae2df2		https://www.encodeproject.org/files/ENCFF496RBJ/@@download/ENCFF496RBJ.bed.gz				released	s3://encode-public/2016/12/16/b9b64d78-ee93-4e43-89b0-340e05010af0/ENCFF496RBJ.bed.gz	https://datasetencode.blob.core.windows.net/dataset/2016/12/16/b9b64d78-ee93-4e43-89b0-340e05010af0/ENCFF496RBJ.bed.gz?sv=2019-10-10&si=prod&sr=c&sig=9qSQZo4ggrCNpybBExU8SypuUZV33igI11xw0P7rB3c%3D	ENCODE3 GRCh38	archived	missing biosample characterization, missing genetic modification characterization, borderline replicate concordance		
ENCFF029DNH	bed narrowPeak	bed	narrowPeak	optimal IDR thresholded peaks	GRCh38	ENCSR497IAS	TF ChIP-seq	/human-donors/ENCDO000ABF/	EFO:0001182	HEK293	cell line	Homo sapiens				site-specific recombination	insertion	{'schema_version': '14', 'aliases': ['michael-snyder:TS-1079'], 'organism': {'schema_version': '6', '@type': ['Organism', 'Item'], 'name': 'human', 'taxon_id': '9606', 'scientific_name': 'Homo sapiens', '@id': '/organisms/human/', 'uuid': '7745b647-ff15-4ff3-9ced-b897d4e2983c', 'status': 'released'}, 'genes': ['/genes/65988/'], '@type': ['Target', 'Item'], 'name': 'ZNF747-human', 'label': 'ZNF747', '@id': '/targets/ZNF747-human/', 'title': 'ZNF747 (Homo sapiens)', 'investigated_as': ['transcription factor'], 'uuid': '117f78c4-ca10-49f4-9547-39931a7562f0', 'status': 'released'}				ZNF747-human	DNA				formaldehyde		2016-12-19	ENCODE			450-650	1, 2	1_1, 2_1							/files/ENCFF934AUQ/, /files/ENCFF374AFB/, /files/ENCFF254WHC/, /files/ENCFF419RSJ/	30248	ENCODE Processing Pipeline	4c641a9abc56ca275b06e7d131b67bf0		https://www.encodeproject.org/files/ENCFF029DNH/@@download/ENCFF029DNH.bed.gz				released	s3://encode-public/2016/12/16/7ecc28c5-e92a-49aa-82d0-76378008a847/ENCFF029DNH.bed.gz	https://datasetencode.blob.core.windows.net/dataset/2016/12/16/7ecc28c5-e92a-49aa-82d0-76378008a847/ENCFF029DNH.bed.gz?sv=2019-10-10&si=prod&sr=c&sig=9qSQZo4ggrCNpybBExU8SypuUZV33igI11xw0P7rB3c%3D	ENCODE3 GRCh38	archived	missing biosample characterization, missing genetic modification characterization		
ENCFF500ABD	bed narrowPeak	bed	narrowPeak	optimal IDR thresholded peaks	GRCh38	ENCSR501NSC	TF ChIP-seq	/human-donors/ENCDO000ABF/	EFO:0001182	HEK293	cell line	Homo sapiens				site-specific recombination	insertion	{'schema_version': '14', 'aliases': [], 'organism': {'schema_version': '6', '@type': ['Organism', 'Item'], 'name': 'human', 'taxon_id': '9606', 'scientific_name': 'Homo sapiens', '@id': '/organisms/human/', 'uuid': '7745b647-ff15-4ff3-9ced-b897d4e2983c', 'status': 'released'}, 'genes': ['/genes/7741/'], '@type': ['Target', 'Item'], 'name': 'ZSCAN26-human', 'label': 'ZSCAN26', '@id': '/targets/ZSCAN26-human/', 'title': 'ZSCAN26 (Homo sapiens)', 'investigated_as': ['transcription factor'], 'uuid': '4f208d31-71d3-49b9-80f7-10a2c79bc46c', 'status': 'released'}				ZSCAN26-human	DNA				formaldehyde		2017-04-06	ENCODE			450-650	1, 2	1_1, 2_1							/files/ENCFF873WUY/, /files/ENCFF419RSJ/, /files/ENCFF437GUI/, /files/ENCFF654KJD/	51879	ENCODE Processing Pipeline	0ad26b74bd5b03f797bca28c250d6e72		https://www.encodeproject.org/files/ENCFF500ABD/@@download/ENCFF500ABD.bed.gz				released	s3://encode-public/2017/03/06/73679a49-f5c8-40d0-a1f5-99c1bf727a95/ENCFF500ABD.bed.gz	https://datasetencode.blob.core.windows.net/dataset/2017/03/06/73679a49-f5c8-40d0-a1f5-99c1bf727a95/ENCFF500ABD.bed.gz?sv=2019-10-10&si=prod&sr=c&sig=9qSQZo4ggrCNpybBExU8SypuUZV33igI11xw0P7rB3c%3D	ENCODE3 GRCh38	archived	missing biosample characterization, missing genetic modification characterization		
ENCFF855XBY	bed narrowPeak	bed	narrowPeak	optimal IDR thresholded peaks	GRCh38	ENCSR535DIA	TF ChIP-seq	/human-donors/ENCDO000ABF/	EFO:0001182	HEK293	cell line	Homo sapiens				site-specific recombination	insertion	{'schema_version': '14', 'aliases': [], 'organism': {'schema_version': '6', '@type': ['Organism', 'Item'], 'name': 'human', 'taxon_id': '9606', 'scientific_name': 'Homo sapiens', '@id': '/organisms/human/', 'uuid': '7745b647-ff15-4ff3-9ced-b897d4e2983c', 'status': 'released'}, 'genes': ['/genes/84662/'], '@type': ['Target', 'Item'], 'name': 'GLIS2-human', 'label': 'GLIS2', '@id': '/targets/GLIS2-human/', 'title': 'GLIS2 (Homo sapiens)', 'investigated_as': ['transcription factor'], 'uuid': '9a875c14-4adf-4537-81c1-979586658cd1', 'status': 'released'}				GLIS2-human	DNA				formaldehyde		2016-10-07	ENCODE			450-650	1, 2	1_1, 2_1							/files/ENCFF366EWW/, /files/ENCFF188JJH/, /files/ENCFF419RSJ/, /files/ENCFF376GCF/	741047	ENCODE Processing Pipeline	26af60cedecb898b23357b4f4f1b3fc2		https://www.encodeproject.org/files/ENCFF855XBY/@@download/ENCFF855XBY.bed.gz				released	s3://encode-public/2016/11/01/5a9cb873-d59a-40ea-841a-e6e9bc4f39b9/ENCFF855XBY.bed.gz	https://datasetencode.blob.core.windows.net/dataset/2016/11/01/5a9cb873-d59a-40ea-841a-e6e9bc4f39b9/ENCFF855XBY.bed.gz?sv=2019-10-10&si=prod&sr=c&sig=9qSQZo4ggrCNpybBExU8SypuUZV33igI11xw0P7rB3c%3D	ENCODE3 GRCh38	archived	missing biosample characterization, missing genetic modification characterization		
ENCFF886YDF	bed narrowPeak	bed	narrowPeak	optimal IDR thresholded peaks	GRCh38	ENCSR125DNC	TF ChIP-seq	/human-donors/ENCDO000ABF/	EFO:0001182	HEK293	cell line	Homo sapiens				site-specific recombination	insertion	{'schema_version': '14', 'aliases': ['michael-snyder:TS-1000'], 'organism': {'schema_version': '6', '@type': ['Organism', 'Item'], 'name': 'human', 'taxon_id': '9606', 'scientific_name': 'Homo sapiens', '@id': '/organisms/human/', 'uuid': '7745b647-ff15-4ff3-9ced-b897d4e2983c', 'status': 'released'}, 'genes': ['/genes/84124/'], '@type': ['Target', 'Item'], 'name': 'ZNF394-human', 'label': 'ZNF394', '@id': '/targets/ZNF394-human/', 'title': 'ZNF394 (Homo sapiens)', 'investigated_as': ['transcription factor'], 'uuid': '2508435a-70db-4b16-9628-c57a02c86676', 'status': 'released'}				ZNF394-human	DNA				formaldehyde		2016-10-31	ENCODE			450-650	1, 2	1_1, 2_1							/files/ENCFF091XXI/, /files/ENCFF419RSJ/, /files/ENCFF109KLD/, /files/ENCFF091HZZ/	588855	ENCODE Processing Pipeline	6130fc8b4ef717ddbdd04020ad9258e4		https://www.encodeproject.org/files/ENCFF886YDF/@@download/ENCFF886YDF.bed.gz				released	s3://encode-public/2016/10/28/ea7a0505-2679-46de-a7f0-79de79dbd731/ENCFF886YDF.bed.gz	https://datasetencode.blob.core.windows.net/dataset/2016/10/28/ea7a0505-2679-46de-a7f0-79de79dbd731/ENCFF886YDF.bed.gz?sv=2019-10-10&si=prod&sr=c&sig=9qSQZo4ggrCNpybBExU8SypuUZV33igI11xw0P7rB3c%3D	ENCODE3 GRCh38	archived	missing biosample characterization, missing genetic modification characterization, borderline replicate concordance, mild to moderate bottlenecking, moderate library complexity		
ENCFF498XCM	bed narrowPeak	bed	narrowPeak	optimal IDR thresholded peaks	GRCh38	ENCSR564YYW	TF ChIP-seq	/human-donors/ENCDO000ABF/	EFO:0001182	HEK293	cell line	Homo sapiens				site-specific recombination	insertion	{'schema_version': '14', 'aliases': ['michael-snyder:TS-1570'], 'organism': {'schema_version': '6', '@type': ['Organism', 'Item'], 'name': 'human', 'taxon_id': '9606', 'scientific_name': 'Homo sapiens', '@id': '/organisms/human/', 'uuid': '7745b647-ff15-4ff3-9ced-b897d4e2983c', 'status': 'released'}, 'genes': ['/genes/7712/'], '@type': ['Target', 'Item'], 'name': 'ZNF157-human', 'label': 'ZNF157', '@id': '/targets/ZNF157-human/', 'title': 'ZNF157 (Homo sapiens)', 'investigated_as': ['transcription factor'], 'uuid': 'eb174200-12e7-439b-9bd9-5466584d6052', 'status': 'released'}				ZNF157-human	DNA				formaldehyde		2016-12-19	ENCODE			450-650	1, 2	1_1, 2_1							/files/ENCFF140ZSC/, /files/ENCFF785CRA/, /files/ENCFF419RSJ/, /files/ENCFF159MDQ/	77929	ENCODE Processing Pipeline	406d9d0dfc605fd38fb1598a418de960		https://www.encodeproject.org/files/ENCFF498XCM/@@download/ENCFF498XCM.bed.gz				released	s3://encode-public/2016/12/16/a5a457ce-8746-48d4-8c81-8602269da647/ENCFF498XCM.bed.gz	https://datasetencode.blob.core.windows.net/dataset/2016/12/16/a5a457ce-8746-48d4-8c81-8602269da647/ENCFF498XCM.bed.gz?sv=2019-10-10&si=prod&sr=c&sig=9qSQZo4ggrCNpybBExU8SypuUZV33igI11xw0P7rB3c%3D	ENCODE3 GRCh38	archived	missing biosample characterization, missing genetic modification characterization		
ENCFF225VCG	bed narrowPeak	bed	narrowPeak	optimal IDR thresholded peaks	GRCh38	ENCSR217HTK	TF ChIP-seq	/human-donors/ENCDO000ABF/	EFO:0001182	HEK293	cell line	Homo sapiens				site-specific recombination	insertion	{'dbxrefs': ['FactorBook:ATF2'], 'aliases': [], 'organism': {'schema_version': '6', '@type': ['Organism', 'Item'], 'name': 'human', 'taxon_id': '9606', 'scientific_name': 'Homo sapiens', '@id': '/organisms/human/', 'uuid': '7745b647-ff15-4ff3-9ced-b897d4e2983c', 'status': 'released'}, 'genes': ['/genes/1386/'], '@type': ['Target', 'Item'], 'label': 'ATF2', 'title': 'ATF2 (Homo sapiens)', 'investigated_as': ['transcription factor'], 'uuid': 'e604684f-88d4-4a80-945d-e836ddfb8220', 'schema_version': '14', 'name': 'ATF2-human', '@id': '/targets/ATF2-human/', 'status': 'released'}				ATF2-human	DNA				formaldehyde		2016-10-07	ENCODE			450-650	1, 2	1_1, 2_1							/files/ENCFF879XJO/, /files/ENCFF419RSJ/, /files/ENCFF246OOT/, /files/ENCFF986OZD/	545274	ENCODE Processing Pipeline	7fdb39154e30cf81733d2cec5183486c		https://www.encodeproject.org/files/ENCFF225VCG/@@download/ENCFF225VCG.bed.gz				released	s3://encode-public/2016/11/01/8bab983e-cb07-4fc4-ab16-d61e4e94818c/ENCFF225VCG.bed.gz	https://datasetencode.blob.core.windows.net/dataset/2016/11/01/8bab983e-cb07-4fc4-ab16-d61e4e94818c/ENCFF225VCG.bed.gz?sv=2019-10-10&si=prod&sr=c&sig=9qSQZo4ggrCNpybBExU8SypuUZV33igI11xw0P7rB3c%3D	ENCODE3 GRCh38	archived	low read depth, missing biosample characterization, missing genetic modification characterization		
ENCFF224AUG	bed narrowPeak	bed	narrowPeak	optimal IDR thresholded peaks	GRCh38	ENCSR022IZK	TF ChIP-seq	/human-donors/ENCDO000ABF/	EFO:0001182	HEK293	cell line	Homo sapiens				site-specific recombination	insertion	{'schema_version': '14', 'aliases': ['michael-snyder:TS-1467'], 'organism': {'schema_version': '6', '@type': ['Organism', 'Item'], 'name': 'human', 'taxon_id': '9606', 'scientific_name': 'Homo sapiens', '@id': '/organisms/human/', 'uuid': '7745b647-ff15-4ff3-9ced-b897d4e2983c', 'status': 'released'}, 'genes': ['/genes/9831/'], '@type': ['Target', 'Item'], 'name': 'ZNF623-human', 'label': 'ZNF623', '@id': '/targets/ZNF623-human/', 'title': 'ZNF623 (Homo sapiens)', 'investigated_as': ['transcription factor'], 'uuid': '69aaf143-283f-4f25-a6f0-80aae236d4a5', 'status': 'released'}				ZNF623-human	DNA				formaldehyde		2016-10-07	ENCODE			450-650	1, 2	1_1, 2_1							/files/ENCFF749WIQ/, /files/ENCFF491UDD/, /files/ENCFF419RSJ/, /files/ENCFF985ZAA/	267473	ENCODE Processing Pipeline	10dfa56f202815083b6018110dec2228		https://www.encodeproject.org/files/ENCFF224AUG/@@download/ENCFF224AUG.bed.gz				released	s3://encode-public/2016/10/28/b00d254b-0c75-44bc-b35e-8d1824904367/ENCFF224AUG.bed.gz	https://datasetencode.blob.core.windows.net/dataset/2016/10/28/b00d254b-0c75-44bc-b35e-8d1824904367/ENCFF224AUG.bed.gz?sv=2019-10-10&si=prod&sr=c&sig=9qSQZo4ggrCNpybBExU8SypuUZV33igI11xw0P7rB3c%3D	ENCODE3 GRCh38	archived	missing biosample characterization, missing genetic modification characterization		
ENCFF814YLC	bed narrowPeak	bed	narrowPeak	optimal IDR thresholded peaks	GRCh38	ENCSR692HSE	TF ChIP-seq	/human-donors/ENCDO000ABF/	EFO:0001182	HEK293	cell line	Homo sapiens				site-specific recombination	insertion	{'schema_version': '14', 'aliases': [], 'organism': {'schema_version': '6', '@type': ['Organism', 'Item'], 'name': 'human', 'taxon_id': '9606', 'scientific_name': 'Homo sapiens', '@id': '/organisms/human/', 'uuid': '7745b647-ff15-4ff3-9ced-b897d4e2983c', 'status': 'released'}, 'genes': ['/genes/404281/'], '@type': ['Target', 'Item'], 'name': 'YY2-human', 'label': 'YY2', '@id': '/targets/YY2-human/', 'title': 'YY2 (Homo sapiens)', 'investigated_as': ['transcription factor'], 'uuid': '32041f96-d006-4931-94bd-5c23ff01f191', 'status': 'released'}				YY2-human	DNA				formaldehyde		2016-12-19	ENCODE			450-650	1, 2	1_1, 2_1							/files/ENCFF184VDY/, /files/ENCFF117JAJ/, /files/ENCFF419RSJ/, /files/ENCFF672AFU/	195075	ENCODE Processing Pipeline	894444a2c8e916db97173fba932812de		https://www.encodeproject.org/files/ENCFF814YLC/@@download/ENCFF814YLC.bed.gz				released	s3://encode-public/2016/12/16/410c51ab-1725-4039-b2b5-b13b4a3345c7/ENCFF814YLC.bed.gz	https://datasetencode.blob.core.windows.net/dataset/2016/12/16/410c51ab-1725-4039-b2b5-b13b4a3345c7/ENCFF814YLC.bed.gz?sv=2019-10-10&si=prod&sr=c&sig=9qSQZo4ggrCNpybBExU8SypuUZV33igI11xw0P7rB3c%3D	ENCODE3 GRCh38	archived	missing biosample characterization, missing genetic modification characterization		
ENCFF234WZT	bed narrowPeak	bed	narrowPeak	optimal IDR thresholded peaks	GRCh38	ENCSR233FAG	TF ChIP-seq	/human-donors/ENCDO000ABF/	EFO:0001184	HEK293T	cell line	Homo sapiens										PKNOX1-human	DNA						2016-11-17	ENCODE			450-650	1, 2	1_1, 2_1							/files/ENCFF885JSK/, /files/ENCFF697FMO/, /files/ENCFF419RSJ/, /files/ENCFF002JYV/	824607	ENCODE Processing Pipeline	00f66a83e46ac4d22290d728172d6096		https://www.encodeproject.org/files/ENCFF234WZT/@@download/ENCFF234WZT.bed.gz				released	s3://encode-public/2016/11/02/c2d06ca1-c103-40c6-a3f6-ec50f7cce0b4/ENCFF234WZT.bed.gz	https://datasetencode.blob.core.windows.net/dataset/2016/11/02/c2d06ca1-c103-40c6-a3f6-ec50f7cce0b4/ENCFF234WZT.bed.gz?sv=2019-10-10&si=prod&sr=c&sig=9qSQZo4ggrCNpybBExU8SypuUZV33igI11xw0P7rB3c%3D	ENCODE3 GRCh38	archived			
ENCFF784DGA	bed narrowPeak	bed	narrowPeak	optimal IDR thresholded peaks	GRCh38	ENCSR481FEC	TF ChIP-seq	/human-donors/ENCDO000ABF/	EFO:0001182	HEK293	cell line	Homo sapiens				site-specific recombination	insertion	{'dbxrefs': ['FactorBook:ZBTB8A'], 'aliases': ['michael-snyder:TS-531'], 'organism': {'schema_version': '6', '@type': ['Organism', 'Item'], 'name': 'human', 'taxon_id': '9606', 'scientific_name': 'Homo sapiens', '@id': '/organisms/human/', 'uuid': '7745b647-ff15-4ff3-9ced-b897d4e2983c', 'status': 'released'}, 'genes': ['/genes/653121/'], '@type': ['Target', 'Item'], 'label': 'ZBTB8A', 'title': 'ZBTB8A (Homo sapiens)', 'investigated_as': ['transcription factor'], 'uuid': '4de96f9c-e7db-45f9-9741-34874d69874e', 'schema_version': '14', 'name': 'ZBTB8A-human', '@id': '/targets/ZBTB8A-human/', 'status': 'released'}				ZBTB8A-human	DNA				formaldehyde		2016-10-07	ENCODE			450-650	1, 2	1_1, 2_1							/files/ENCFF419RSJ/, /files/ENCFF202FHN/, /files/ENCFF652NAH/, /files/ENCFF524MHL/	730705	ENCODE Processing Pipeline	1bb40ace3d8e477bef4d6275c1310b96		https://www.encodeproject.org/files/ENCFF784DGA/@@download/ENCFF784DGA.bed.gz				released	s3://encode-public/2018/02/26/a0fca96b-94a1-443d-887f-69d30c6b443e/ENCFF784DGA.bed.gz	https://datasetencode.blob.core.windows.net/dataset/2018/02/26/a0fca96b-94a1-443d-887f-69d30c6b443e/ENCFF784DGA.bed.gz?sv=2019-10-10&si=prod&sr=c&sig=9qSQZo4ggrCNpybBExU8SypuUZV33igI11xw0P7rB3c%3D	ENCODE3 GRCh38	archived	missing biosample characterization, missing genetic modification characterization		
ENCFF193NHQ	bed narrowPeak	bed	narrowPeak	optimal IDR thresholded peaks	GRCh38	ENCSR481FEC	TF ChIP-seq	/human-donors/ENCDO000ABF/	EFO:0001182	HEK293	cell line	Homo sapiens				site-specific recombination	insertion	{'dbxrefs': ['FactorBook:ZBTB8A'], 'aliases': ['michael-snyder:TS-531'], 'organism': {'schema_version': '6', '@type': ['Organism', 'Item'], 'name': 'human', 'taxon_id': '9606', 'scientific_name': 'Homo sapiens', '@id': '/organisms/human/', 'uuid': '7745b647-ff15-4ff3-9ced-b897d4e2983c', 'status': 'released'}, 'genes': ['/genes/653121/'], '@type': ['Target', 'Item'], 'label': 'ZBTB8A', 'title': 'ZBTB8A (Homo sapiens)', 'investigated_as': ['transcription factor'], 'uuid': '4de96f9c-e7db-45f9-9741-34874d69874e', 'schema_version': '14', 'name': 'ZBTB8A-human', '@id': '/targets/ZBTB8A-human/', 'status': 'released'}				ZBTB8A-human	DNA				formaldehyde		2016-10-07	ENCODE			450-650	1, 2	1_1, 2_1							/files/ENCFF961HZB/, /files/ENCFF202FHN/, /files/ENCFF419RSJ/, /files/ENCFF524MHL/	728243	ENCODE Processing Pipeline	e15f79bf600b6e06a700468afaf37e80		https://www.encodeproject.org/files/ENCFF193NHQ/@@download/ENCFF193NHQ.bed.gz				archived	s3://encode-public/2016/10/28/cadb0a19-11c9-4689-8135-7de62cdaebc1/ENCFF193NHQ.bed.gz	https://datasetencode.blob.core.windows.net/dataset/2016/10/28/cadb0a19-11c9-4689-8135-7de62cdaebc1/ENCFF193NHQ.bed.gz?sv=2019-10-10&si=prod&sr=c&sig=9qSQZo4ggrCNpybBExU8SypuUZV33igI11xw0P7rB3c%3D	ENCODE3 GRCh38	archived	missing biosample characterization, missing genetic modification characterization		
ENCFF348HKK	bed narrowPeak	bed	narrowPeak	optimal IDR thresholded peaks	GRCh38	ENCSR134QIE	TF ChIP-seq	/human-donors/ENCDO000ABF/	EFO:0001182	HEK293	cell line	Homo sapiens				site-specific recombination	insertion	{'schema_version': '14', 'aliases': ['michael-snyder:TS-866'], 'organism': {'schema_version': '6', '@type': ['Organism', 'Item'], 'name': 'human', 'taxon_id': '9606', 'scientific_name': 'Homo sapiens', '@id': '/organisms/human/', 'uuid': '7745b647-ff15-4ff3-9ced-b897d4e2983c', 'status': 'released'}, 'genes': ['/genes/124961/'], '@type': ['Target', 'Item'], 'name': 'ZFP3-human', 'label': 'ZFP3', '@id': '/targets/ZFP3-human/', 'title': 'ZFP3 (Homo sapiens)', 'investigated_as': ['transcription factor'], 'uuid': '27290977-94e1-4ac7-ab9b-c6d6d3cb7382', 'status': 'released'}				ZFP3-human	DNA				formaldehyde		2016-10-07	ENCODE			450-650	1, 2	1_1, 2_1							/files/ENCFF419RSJ/, /files/ENCFF543NXL/, /files/ENCFF818WFG/, /files/ENCFF582BLS/	88777	ENCODE Processing Pipeline	910f2c529f38d080b733f817a79d48e0		https://www.encodeproject.org/files/ENCFF348HKK/@@download/ENCFF348HKK.bed.gz				released	s3://encode-public/2016/11/01/af6ef37a-d4d2-4222-811e-8daba58d6b44/ENCFF348HKK.bed.gz	https://datasetencode.blob.core.windows.net/dataset/2016/11/01/af6ef37a-d4d2-4222-811e-8daba58d6b44/ENCFF348HKK.bed.gz?sv=2019-10-10&si=prod&sr=c&sig=9qSQZo4ggrCNpybBExU8SypuUZV33igI11xw0P7rB3c%3D	ENCODE3 GRCh38	archived	low read depth, missing biosample characterization, missing genetic modification characterization		
ENCFF496WZS	bed narrowPeak	bed	narrowPeak	optimal IDR thresholded peaks	GRCh38	ENCSR224QDY	TF ChIP-seq	/human-donors/ENCDO000ABF/	EFO:0001182	HEK293	cell line	Homo sapiens				site-specific recombination	insertion	{'schema_version': '14', 'aliases': ['michael-snyder:TS-1588'], 'organism': {'schema_version': '6', '@type': ['Organism', 'Item'], 'name': 'human', 'taxon_id': '9606', 'scientific_name': 'Homo sapiens', '@id': '/organisms/human/', 'uuid': '7745b647-ff15-4ff3-9ced-b897d4e2983c', 'status': 'released'}, 'genes': ['/genes/7675/'], '@type': ['Target', 'Item'], 'name': 'ZNF121-human', 'label': 'ZNF121', '@id': '/targets/ZNF121-human/', 'title': 'ZNF121 (Homo sapiens)', 'investigated_as': ['transcription factor'], 'uuid': 'e0aa284e-34be-4246-8ddd-c70bc7830678', 'status': 'released'}				ZNF121-human	DNA				formaldehyde		2016-10-25	ENCODE			450-650	1, 2	1_1, 2_1							/files/ENCFF419RSJ/, /files/ENCFF587QGZ/, /files/ENCFF326XVX/, /files/ENCFF007LIV/	696637	ENCODE Processing Pipeline	aa782a8a05b2353440b0e58362330779		https://www.encodeproject.org/files/ENCFF496WZS/@@download/ENCFF496WZS.bed.gz				released	s3://encode-public/2016/10/28/c0d5ee9e-587f-4be4-8c35-881b6475c054/ENCFF496WZS.bed.gz	https://datasetencode.blob.core.windows.net/dataset/2016/10/28/c0d5ee9e-587f-4be4-8c35-881b6475c054/ENCFF496WZS.bed.gz?sv=2019-10-10&si=prod&sr=c&sig=9qSQZo4ggrCNpybBExU8SypuUZV33igI11xw0P7rB3c%3D	ENCODE3 GRCh38	archived	missing biosample characterization, missing genetic modification characterization		
ENCFF437JVZ	bed narrowPeak	bed	narrowPeak	optimal IDR thresholded peaks	GRCh38	ENCSR859RAO	TF ChIP-seq	/human-donors/ENCDO000ABF/	EFO:0001182	HEK293	cell line	Homo sapiens				site-specific recombination	insertion	{'dbxrefs': ['FactorBook:YY1'], 'aliases': [], 'organism': {'schema_version': '6', '@type': ['Organism', 'Item'], 'name': 'human', 'taxon_id': '9606', 'scientific_name': 'Homo sapiens', '@id': '/organisms/human/', 'uuid': '7745b647-ff15-4ff3-9ced-b897d4e2983c', 'status': 'released'}, 'genes': ['/genes/7528/'], '@type': ['Target', 'Item'], 'label': 'YY1', 'title': 'YY1 (Homo sapiens)', 'investigated_as': ['transcription factor'], 'uuid': '02ffa3e7-8d84-4fd5-a91f-78b5e2e8975e', 'schema_version': '14', 'name': 'YY1-human', '@id': '/targets/YY1-human/', 'status': 'released'}				YY1-human	DNA				formaldehyde		2018-01-29	ENCODE			450-650	1, 2	1_1, 2_1							/files/ENCFF136KIH/, /files/ENCFF419RSJ/, /files/ENCFF184LAQ/, /files/ENCFF116LUS/	234900	ENCODE Processing Pipeline	f2238dde28f04dc7b87e96c5f44809c0		https://www.encodeproject.org/files/ENCFF437JVZ/@@download/ENCFF437JVZ.bed.gz				released	s3://encode-public/2017/12/08/764b6743-389f-416c-be1b-03a1a19605f4/ENCFF437JVZ.bed.gz	https://datasetencode.blob.core.windows.net/dataset/2017/12/08/764b6743-389f-416c-be1b-03a1a19605f4/ENCFF437JVZ.bed.gz?sv=2019-10-10&si=prod&sr=c&sig=9qSQZo4ggrCNpybBExU8SypuUZV33igI11xw0P7rB3c%3D	ENCODE3 GRCh38	archived	missing biosample characterization, missing genetic modification characterization		
ENCFF943DYT	bed narrowPeak	bed	narrowPeak	optimal IDR thresholded peaks	GRCh38	ENCSR631WAA	TF ChIP-seq	/human-donors/ENCDO000ABF/	EFO:0001182	HEK293	cell line	Homo sapiens				site-specific recombination	insertion	{'schema_version': '14', 'aliases': ['michael-snyder:TS-1577'], 'organism': {'schema_version': '6', '@type': ['Organism', 'Item'], 'name': 'human', 'taxon_id': '9606', 'scientific_name': 'Homo sapiens', '@id': '/organisms/human/', 'uuid': '7745b647-ff15-4ff3-9ced-b897d4e2983c', 'status': 'released'}, 'genes': ['/genes/7709/'], '@type': ['Target', 'Item'], 'name': 'ZBTB17-human', 'label': 'ZBTB17', '@id': '/targets/ZBTB17-human/', 'title': 'ZBTB17 (Homo sapiens)', 'investigated_as': ['transcription factor'], 'uuid': 'e86aede1-f151-4dd7-b5a7-ebe79f73db60', 'status': 'released'}				ZBTB17-human	DNA				formaldehyde		2016-10-25	ENCODE			450-650	1, 2	1_1, 2_1							/files/ENCFF419RSJ/, /files/ENCFF752QOS/, /files/ENCFF743DMP/, /files/ENCFF607FFB/	1163208	ENCODE Processing Pipeline	4abd50cfb4ab0f03db04194115c2c043		https://www.encodeproject.org/files/ENCFF943DYT/@@download/ENCFF943DYT.bed.gz				released	s3://encode-public/2016/11/01/2a21b222-a34e-49e8-8734-0de718d9b462/ENCFF943DYT.bed.gz	https://datasetencode.blob.core.windows.net/dataset/2016/11/01/2a21b222-a34e-49e8-8734-0de718d9b462/ENCFF943DYT.bed.gz?sv=2019-10-10&si=prod&sr=c&sig=9qSQZo4ggrCNpybBExU8SypuUZV33igI11xw0P7rB3c%3D	ENCODE3 GRCh38	archived	missing biosample characterization, missing genetic modification characterization		
ENCFF919JTO	bed narrowPeak	bed	narrowPeak	optimal IDR thresholded peaks	GRCh38	ENCSR778QLY	TF ChIP-seq	/human-donors/ENCDO000ABF/	EFO:0001184	HEK293T	cell line	Homo sapiens										ELF4-human	DNA						2017-01-31	ENCODE			450-650	1, 2	1_1, 2_1							/files/ENCFF419RSJ/, /files/ENCFF668UKC/, /files/ENCFF235SGJ/, /files/ENCFF243CKM/	118015	ENCODE Processing Pipeline	39b05d35e834e64293f14f294d47f6b6		https://www.encodeproject.org/files/ENCFF919JTO/@@download/ENCFF919JTO.bed.gz				released	s3://encode-public/2016/11/18/4745d92b-138f-48ef-81e6-e8d44327e664/ENCFF919JTO.bed.gz	https://datasetencode.blob.core.windows.net/dataset/2016/11/18/4745d92b-138f-48ef-81e6-e8d44327e664/ENCFF919JTO.bed.gz?sv=2019-10-10&si=prod&sr=c&sig=9qSQZo4ggrCNpybBExU8SypuUZV33igI11xw0P7rB3c%3D	ENCODE3 GRCh38	archived	antibody characterized with exemption		
ENCFF085OEQ	bed narrowPeak	bed	narrowPeak	optimal IDR thresholded peaks	GRCh38	ENCSR451CYX	TF ChIP-seq	/human-donors/ENCDO000ABF/	EFO:0001182	HEK293	cell line	Homo sapiens				site-specific recombination	insertion	{'schema_version': '14', 'aliases': ['michael-snyder:TS-1243'], 'organism': {'schema_version': '6', '@type': ['Organism', 'Item'], 'name': 'human', 'taxon_id': '9606', 'scientific_name': 'Homo sapiens', '@id': '/organisms/human/', 'uuid': '7745b647-ff15-4ff3-9ced-b897d4e2983c', 'status': 'released'}, 'genes': ['/genes/54816/'], '@type': ['Target', 'Item'], 'name': 'ZNF280D-human', 'label': 'ZNF280D', '@id': '/targets/ZNF280D-human/', 'title': 'ZNF280D (Homo sapiens)', 'investigated_as': ['transcription factor'], 'uuid': '14df1547-0a20-46cb-879b-cd83ac3d05cd', 'status': 'released'}				ZNF280D-human	DNA				formaldehyde		2016-10-14	ENCODE			450-650	1, 2	1_1, 2_1							/files/ENCFF211EAB/, /files/ENCFF419RSJ/, /files/ENCFF831MIX/, /files/ENCFF393BVL/	226276	ENCODE Processing Pipeline	8d47cb8f8eda86e5c77610bfe5b27673		https://www.encodeproject.org/files/ENCFF085OEQ/@@download/ENCFF085OEQ.bed.gz				released	s3://encode-public/2016/11/01/97c8e0d5-012b-44f3-b266-494d16808d92/ENCFF085OEQ.bed.gz	https://datasetencode.blob.core.windows.net/dataset/2016/11/01/97c8e0d5-012b-44f3-b266-494d16808d92/ENCFF085OEQ.bed.gz?sv=2019-10-10&si=prod&sr=c&sig=9qSQZo4ggrCNpybBExU8SypuUZV33igI11xw0P7rB3c%3D	ENCODE3 GRCh38	archived	missing biosample characterization, missing genetic modification characterization		
ENCFF691JUF	bed narrowPeak	bed	narrowPeak	optimal IDR thresholded peaks	GRCh38	ENCSR217WRC	TF ChIP-seq	/human-donors/ENCDO000ABF/	EFO:0001182	HEK293	cell line	Homo sapiens				site-specific recombination	insertion	{'schema_version': '14', 'aliases': ['michael-snyder:TS-1448'], 'organism': {'schema_version': '6', '@type': ['Organism', 'Item'], 'name': 'human', 'taxon_id': '9606', 'scientific_name': 'Homo sapiens', '@id': '/organisms/human/', 'uuid': '7745b647-ff15-4ff3-9ced-b897d4e2983c', 'status': 'released'}, 'genes': ['/genes/10194/'], '@type': ['Target', 'Item'], 'name': 'TSHZ1-human', 'label': 'TSHZ1', '@id': '/targets/TSHZ1-human/', 'title': 'TSHZ1 (Homo sapiens)', 'investigated_as': ['transcription factor'], 'uuid': '7ffb4d74-ceb4-46f7-867c-5c311b442096', 'status': 'released'}				TSHZ1-human	DNA				formaldehyde		2016-10-07	ENCODE			450-650	1, 2	1_1, 2_1							/files/ENCFF419RSJ/, /files/ENCFF286SEB/, /files/ENCFF600PXK/, /files/ENCFF839TMK/	227289	ENCODE Processing Pipeline	6ea4d95568446cd4923789a8f3b54b7b		https://www.encodeproject.org/files/ENCFF691JUF/@@download/ENCFF691JUF.bed.gz				released	s3://encode-public/2016/11/01/87a6f9bf-3fcc-4b38-91d6-12cf97cde6c5/ENCFF691JUF.bed.gz	https://datasetencode.blob.core.windows.net/dataset/2016/11/01/87a6f9bf-3fcc-4b38-91d6-12cf97cde6c5/ENCFF691JUF.bed.gz?sv=2019-10-10&si=prod&sr=c&sig=9qSQZo4ggrCNpybBExU8SypuUZV33igI11xw0P7rB3c%3D	ENCODE3 GRCh38	archived	missing biosample characterization, missing genetic modification characterization, borderline replicate concordance		
ENCFF347IBU	bed narrowPeak	bed	narrowPeak	optimal IDR thresholded peaks	GRCh38	ENCSR298QUH	TF ChIP-seq	/human-donors/ENCDO000ABF/	EFO:0001182	HEK293	cell line	Homo sapiens				site-specific recombination	insertion	{'schema_version': '14', 'aliases': [], 'organism': {'schema_version': '6', '@type': ['Organism', 'Item'], 'name': 'human', 'taxon_id': '9606', 'scientific_name': 'Homo sapiens', '@id': '/organisms/human/', 'uuid': '7745b647-ff15-4ff3-9ced-b897d4e2983c', 'status': 'released'}, 'genes': ['/genes/7593/'], '@type': ['Target', 'Item'], 'name': 'MZF1-human', 'label': 'MZF1', '@id': '/targets/MZF1-human/', 'title': 'MZF1 (Homo sapiens)', 'investigated_as': ['transcription factor'], 'uuid': 'c549a97d-8b47-4a28-b9df-e4f8b7ddeba9', 'status': 'released'}				MZF1-human	DNA				formaldehyde		2017-11-28	ENCODE			450-650	1, 2	1_1, 2_1							/files/ENCFF461WNW/, /files/ENCFF176EHO/, /files/ENCFF803DWT/, /files/ENCFF419RSJ/	362097	ENCODE Processing Pipeline	de19e0c094d372e327b13ca665d38827		https://www.encodeproject.org/files/ENCFF347IBU/@@download/ENCFF347IBU.bed.gz				released	s3://encode-public/2017/11/27/7602e85b-c250-4730-9ca7-7b08589c6974/ENCFF347IBU.bed.gz	https://datasetencode.blob.core.windows.net/dataset/2017/11/27/7602e85b-c250-4730-9ca7-7b08589c6974/ENCFF347IBU.bed.gz?sv=2019-10-10&si=prod&sr=c&sig=9qSQZo4ggrCNpybBExU8SypuUZV33igI11xw0P7rB3c%3D	ENCODE3 GRCh38	archived	missing biosample characterization, missing genetic modification characterization, borderline replicate concordance		
ENCFF328HFF	bed narrowPeak	bed	narrowPeak	optimal IDR thresholded peaks	GRCh38	ENCSR371LLY	TF ChIP-seq	/human-donors/ENCDO000ABF/	EFO:0001182	HEK293	cell line	Homo sapiens				site-specific recombination	insertion	{'schema_version': '14', 'aliases': ['michael-snyder:TS-1609'], 'organism': {'schema_version': '6', '@type': ['Organism', 'Item'], 'name': 'human', 'taxon_id': '9606', 'scientific_name': 'Homo sapiens', '@id': '/organisms/human/', 'uuid': '7745b647-ff15-4ff3-9ced-b897d4e2983c', 'status': 'released'}, 'genes': ['/genes/7587/'], '@type': ['Target', 'Item'], 'name': 'ZNF37A-human', 'label': 'ZNF37A', '@id': '/targets/ZNF37A-human/', 'title': 'ZNF37A (Homo sapiens)', 'investigated_as': ['transcription factor'], 'uuid': '7bd8e2c1-ded1-46b0-bfc8-43f32779baf0', 'status': 'released'}				ZNF37A-human	DNA						2018-07-11	ENCODE			450-650	2, 3	2_1, 3_1							/files/ENCFF141UQQ/, /files/ENCFF481AOI/, /files/ENCFF419RSJ/, /files/ENCFF951GGG/	50976	ENCODE Processing Pipeline	45d9af6b7aadf79f18206ee322fc8d0a		https://www.encodeproject.org/files/ENCFF328HFF/@@download/ENCFF328HFF.bed.gz				released	s3://encode-public/2018/04/18/a96abbb4-5fde-4281-828f-58ee36c5f118/ENCFF328HFF.bed.gz	https://datasetencode.blob.core.windows.net/dataset/2018/04/18/a96abbb4-5fde-4281-828f-58ee36c5f118/ENCFF328HFF.bed.gz?sv=2019-10-10&si=prod&sr=c&sig=9qSQZo4ggrCNpybBExU8SypuUZV33igI11xw0P7rB3c%3D	ENCODE3 GRCh38	archived	missing biosample characterization, missing genetic modification characterization		
ENCFF361TIN	bed narrowPeak	bed	narrowPeak	optimal IDR thresholded peaks	GRCh38	ENCSR588MQZ	TF ChIP-seq	/human-donors/ENCDO000ABF/	EFO:0001182	HEK293	cell line	Homo sapiens				site-specific recombination	insertion	{'schema_version': '14', 'aliases': ['michael-snyder:TS-728'], 'organism': {'schema_version': '6', '@type': ['Organism', 'Item'], 'name': 'human', 'taxon_id': '9606', 'scientific_name': 'Homo sapiens', '@id': '/organisms/human/', 'uuid': '7745b647-ff15-4ff3-9ced-b897d4e2983c', 'status': 'released'}, 'genes': ['/genes/199777/'], '@type': ['Target', 'Item'], 'name': 'ZNF626-human', 'label': 'ZNF626', '@id': '/targets/ZNF626-human/', 'title': 'ZNF626 (Homo sapiens)', 'investigated_as': ['transcription factor'], 'uuid': '54fbfb16-e22f-4f4c-b194-6b0d5481ee0f', 'status': 'released'}				ZNF626-human	DNA				formaldehyde		2018-01-29	ENCODE		sonication (Bioruptor Pico)	450-650	2, 3	2_2, 3_1							/files/ENCFF199RBS/, /files/ENCFF194CRJ/, /files/ENCFF419RSJ/, /files/ENCFF369XVO/	61252	ENCODE Processing Pipeline	0bf4ed6892919f027c6d9275c3433b42		https://www.encodeproject.org/files/ENCFF361TIN/@@download/ENCFF361TIN.bed.gz				released	s3://encode-public/2018/12/02/a1d286eb-d5be-4773-bf18-6e0af3f518c2/ENCFF361TIN.bed.gz	https://datasetencode.blob.core.windows.net/dataset/2018/12/02/a1d286eb-d5be-4773-bf18-6e0af3f518c2/ENCFF361TIN.bed.gz?sv=2019-10-10&si=prod&sr=c&sig=9qSQZo4ggrCNpybBExU8SypuUZV33igI11xw0P7rB3c%3D	ENCODE3 GRCh38	archived	missing biosample characterization, inconsistent platforms, missing genetic modification characterization		
ENCFF238OFT	bed narrowPeak	bed	narrowPeak	optimal IDR thresholded peaks	GRCh38	ENCSR919CZU	TF ChIP-seq	/human-donors/ENCDO000ABF/	EFO:0001182	HEK293	cell line	Homo sapiens				site-specific recombination	insertion	{'schema_version': '14', 'aliases': ['michael-snyder:TS-1932'], 'organism': {'schema_version': '6', '@type': ['Organism', 'Item'], 'name': 'human', 'taxon_id': '9606', 'scientific_name': 'Homo sapiens', '@id': '/organisms/human/', 'uuid': '7745b647-ff15-4ff3-9ced-b897d4e2983c', 'status': 'released'}, 'genes': ['/genes/1959/'], '@type': ['Target', 'Item'], 'name': 'EGR2-human', 'label': 'EGR2', '@id': '/targets/EGR2-human/', 'title': 'EGR2 (Homo sapiens)', 'investigated_as': ['transcription factor'], 'uuid': '30c6c9f6-352c-4fad-a7e9-65ab8ba09cb3', 'status': 'released'}				EGR2-human	DNA				formaldehyde		2016-10-07	ENCODE			450-650	1, 2	1_1, 2_1							/files/ENCFF123XHW/, /files/ENCFF419RSJ/, /files/ENCFF612YQQ/, /files/ENCFF910SIN/	1105760	ENCODE Processing Pipeline	7d942edfdadfc9d6b246b4b8aa0c5d68		https://www.encodeproject.org/files/ENCFF238OFT/@@download/ENCFF238OFT.bed.gz				released	s3://encode-public/2016/11/01/57e43431-b6f3-4b27-b416-aa7baf20b138/ENCFF238OFT.bed.gz	https://datasetencode.blob.core.windows.net/dataset/2016/11/01/57e43431-b6f3-4b27-b416-aa7baf20b138/ENCFF238OFT.bed.gz?sv=2019-10-10&si=prod&sr=c&sig=9qSQZo4ggrCNpybBExU8SypuUZV33igI11xw0P7rB3c%3D	ENCODE3 GRCh38	archived	low read depth, missing biosample characterization, missing genetic modification characterization		
ENCFF270KRH	bed narrowPeak	bed	narrowPeak	optimal IDR thresholded peaks	GRCh38	ENCSR417VWF	TF ChIP-seq	/human-donors/ENCDO000ABF/	EFO:0001182	HEK293	cell line	Homo sapiens				site-specific recombination	insertion	{'dbxrefs': ['FactorBook:ZEB2'], 'aliases': [], 'organism': {'schema_version': '6', '@type': ['Organism', 'Item'], 'name': 'human', 'taxon_id': '9606', 'scientific_name': 'Homo sapiens', '@id': '/organisms/human/', 'uuid': '7745b647-ff15-4ff3-9ced-b897d4e2983c', 'status': 'released'}, 'genes': ['/genes/9839/'], '@type': ['Target', 'Item'], 'label': 'ZEB2', 'title': 'ZEB2 (Homo sapiens)', 'investigated_as': ['transcription factor'], 'uuid': '5bbf4271-773c-4f53-9366-1c48fc0f4619', 'schema_version': '14', 'name': 'ZEB2-human', '@id': '/targets/ZEB2-human/', 'status': 'released'}				ZEB2-human	DNA				formaldehyde		2016-10-07	ENCODE			450-650	1, 2	1_1, 2_1							/files/ENCFF992GER/, /files/ENCFF291UUQ/, /files/ENCFF419RSJ/, /files/ENCFF755KRD/	734276	ENCODE Processing Pipeline	ad95062828912ebbb24ddc075600b866		https://www.encodeproject.org/files/ENCFF270KRH/@@download/ENCFF270KRH.bed.gz				released	s3://encode-public/2016/11/01/b44b97b6-9826-4b59-8e24-016c726756ae/ENCFF270KRH.bed.gz	https://datasetencode.blob.core.windows.net/dataset/2016/11/01/b44b97b6-9826-4b59-8e24-016c726756ae/ENCFF270KRH.bed.gz?sv=2019-10-10&si=prod&sr=c&sig=9qSQZo4ggrCNpybBExU8SypuUZV33igI11xw0P7rB3c%3D	ENCODE3 GRCh38	archived	missing biosample characterization, missing genetic modification characterization		
ENCFF104NYV	bed narrowPeak	bed	narrowPeak	optimal IDR thresholded peaks	GRCh38	ENCSR789GVU	TF ChIP-seq	/human-donors/ENCDO000ABF/	EFO:0001184	HEK293T	cell line	Homo sapiens										BHLHE40-human	DNA						2016-11-18	ENCODE			450-650	1, 2	1_1, 2_1							/files/ENCFF918QPM/, /files/ENCFF678DPD/, /files/ENCFF419RSJ/, /files/ENCFF232LTM/	21039	ENCODE Processing Pipeline	3cb533f9157d1e00a033515f4589096f		https://www.encodeproject.org/files/ENCFF104NYV/@@download/ENCFF104NYV.bed.gz				released	s3://encode-public/2016/11/02/fef00c13-8823-4670-ac44-c269241f24c9/ENCFF104NYV.bed.gz	https://datasetencode.blob.core.windows.net/dataset/2016/11/02/fef00c13-8823-4670-ac44-c269241f24c9/ENCFF104NYV.bed.gz?sv=2019-10-10&si=prod&sr=c&sig=9qSQZo4ggrCNpybBExU8SypuUZV33igI11xw0P7rB3c%3D	ENCODE3 GRCh38	archived	mild to moderate bottlenecking, moderate library complexity, borderline replicate concordance		
ENCFF657RPA	bed narrowPeak	bed	narrowPeak	optimal IDR thresholded peaks	GRCh38	ENCSR776LDJ	TF ChIP-seq	/human-donors/ENCDO000ABF/	EFO:0001182	HEK293	cell line	Homo sapiens				site-specific recombination	insertion	{'schema_version': '14', 'aliases': ['michael-snyder:TS-784'], 'organism': {'schema_version': '6', '@type': ['Organism', 'Item'], 'name': 'human', 'taxon_id': '9606', 'scientific_name': 'Homo sapiens', '@id': '/organisms/human/', 'uuid': '7745b647-ff15-4ff3-9ced-b897d4e2983c', 'status': 'released'}, 'genes': ['/genes/158506/'], '@type': ['Target', 'Item'], 'name': 'ZNF645-human', 'label': 'ZNF645', '@id': '/targets/ZNF645-human/', 'title': 'ZNF645 (Homo sapiens)', 'investigated_as': ['transcription factor'], 'uuid': '83305b7a-e9e3-4686-9ee7-9361358ad3c8', 'status': 'released'}				ZNF645-human	DNA				formaldehyde		2016-12-19	ENCODE			450-650	1, 2	1_1, 2_1							/files/ENCFF639ORZ/, /files/ENCFF419RSJ/, /files/ENCFF213JWT/, /files/ENCFF293GCU/	73584	ENCODE Processing Pipeline	681a4ae808d18982f2ee7842e2dda7aa		https://www.encodeproject.org/files/ENCFF657RPA/@@download/ENCFF657RPA.bed.gz				released	s3://encode-public/2016/12/16/24e6d188-7dbf-4d60-84f3-17a4ed2cdf92/ENCFF657RPA.bed.gz	https://datasetencode.blob.core.windows.net/dataset/2016/12/16/24e6d188-7dbf-4d60-84f3-17a4ed2cdf92/ENCFF657RPA.bed.gz?sv=2019-10-10&si=prod&sr=c&sig=9qSQZo4ggrCNpybBExU8SypuUZV33igI11xw0P7rB3c%3D	ENCODE3 GRCh38	archived	missing biosample characterization, missing genetic modification characterization		
ENCFF452YBB	bed narrowPeak	bed	narrowPeak	optimal IDR thresholded peaks	GRCh38	ENCSR482BBZ	TF ChIP-seq	/human-donors/ENCDO000ABF/	EFO:0001182	HEK293	cell line	Homo sapiens				site-specific recombination	insertion	{'schema_version': '14', 'aliases': ['michael-snyder:TS-797'], 'organism': {'schema_version': '6', '@type': ['Organism', 'Item'], 'name': 'human', 'taxon_id': '9606', 'scientific_name': 'Homo sapiens', '@id': '/organisms/human/', 'uuid': '7745b647-ff15-4ff3-9ced-b897d4e2983c', 'status': 'released'}, 'genes': ['/genes/148979/'], '@type': ['Target', 'Item'], 'name': 'GLIS1-human', 'label': 'GLIS1', '@id': '/targets/GLIS1-human/', 'title': 'GLIS1 (Homo sapiens)', 'investigated_as': ['transcription factor'], 'uuid': 'ad888cc2-9ea3-452d-9a9b-3d656cbd4492', 'status': 'released'}				GLIS1-human	DNA				formaldehyde		2016-10-07	ENCODE			450-650	1, 2	1_1, 2_1							/files/ENCFF477IDY/, /files/ENCFF419RSJ/, /files/ENCFF286IJM/, /files/ENCFF549QMH/	1152542	ENCODE Processing Pipeline	a206beaec297e62ec51c202f50ec3f4f		https://www.encodeproject.org/files/ENCFF452YBB/@@download/ENCFF452YBB.bed.gz				released	s3://encode-public/2016/11/01/8c0cb563-c8aa-4d7d-9c7c-936579f12828/ENCFF452YBB.bed.gz	https://datasetencode.blob.core.windows.net/dataset/2016/11/01/8c0cb563-c8aa-4d7d-9c7c-936579f12828/ENCFF452YBB.bed.gz?sv=2019-10-10&si=prod&sr=c&sig=9qSQZo4ggrCNpybBExU8SypuUZV33igI11xw0P7rB3c%3D	ENCODE3 GRCh38	archived	missing biosample characterization, missing genetic modification characterization		
ENCFF694XWV	bed narrowPeak	bed	narrowPeak	optimal IDR thresholded peaks	GRCh38	ENCSR760UKJ	TF ChIP-seq	/human-donors/ENCDO000ABF/	EFO:0001184	HEK293T	cell line	Homo sapiens										ARNT-human	DNA						2017-04-14	ENCODE			450-650	1, 2	1_1, 2_1							/files/ENCFF811NQU/, /files/ENCFF419RSJ/, /files/ENCFF266CSZ/, /files/ENCFF820MQU/	100289	ENCODE Processing Pipeline	c19b23cd9936d79daf090d1f8ddd452c		https://www.encodeproject.org/files/ENCFF694XWV/@@download/ENCFF694XWV.bed.gz				released	s3://encode-public/2017/04/12/c1ebda85-e326-4a2d-8a8e-15fb5b82742b/ENCFF694XWV.bed.gz	https://datasetencode.blob.core.windows.net/dataset/2017/04/12/c1ebda85-e326-4a2d-8a8e-15fb5b82742b/ENCFF694XWV.bed.gz?sv=2019-10-10&si=prod&sr=c&sig=9qSQZo4ggrCNpybBExU8SypuUZV33igI11xw0P7rB3c%3D	ENCODE3 GRCh38	archived	mild to moderate bottlenecking		
ENCFF652HBV	bed narrowPeak	bed	narrowPeak	optimal IDR thresholded peaks	GRCh38	ENCSR679STZ	TF ChIP-seq	/human-donors/ENCDO000ABF/	EFO:0001182	HEK293	cell line	Homo sapiens				site-specific recombination	insertion	{'schema_version': '14', 'aliases': ['michael-snyder:TS-862'], 'organism': {'schema_version': '6', '@type': ['Organism', 'Item'], 'name': 'human', 'taxon_id': '9606', 'scientific_name': 'Homo sapiens', '@id': '/organisms/human/', 'uuid': '7745b647-ff15-4ff3-9ced-b897d4e2983c', 'status': 'released'}, 'genes': ['/genes/126375/'], '@type': ['Target', 'Item'], 'name': 'ZNF792-human', 'label': 'ZNF792', '@id': '/targets/ZNF792-human/', 'title': 'ZNF792 (Homo sapiens)', 'investigated_as': ['transcription factor'], 'uuid': 'c118e429-a34f-4df9-8d97-9cf59a4c64f6', 'status': 'released'}				ZNF792-human	DNA				formaldehyde		2016-11-02	ENCODE			450-650	1, 2	1_1, 2_1							/files/ENCFF419RSJ/, /files/ENCFF175CGV/, /files/ENCFF808NJQ/, /files/ENCFF050VVU/	112345	ENCODE Processing Pipeline	f8cbcb2e4eda5c2a19d985eacd06537e		https://www.encodeproject.org/files/ENCFF652HBV/@@download/ENCFF652HBV.bed.gz				released	s3://encode-public/2016/10/28/a1eab1ff-929a-4296-92d8-868cfa531460/ENCFF652HBV.bed.gz	https://datasetencode.blob.core.windows.net/dataset/2016/10/28/a1eab1ff-929a-4296-92d8-868cfa531460/ENCFF652HBV.bed.gz?sv=2019-10-10&si=prod&sr=c&sig=9qSQZo4ggrCNpybBExU8SypuUZV33igI11xw0P7rB3c%3D	ENCODE3 GRCh38	archived	missing biosample characterization, missing genetic modification characterization		
ENCFF107CPY	bed narrowPeak	bed	narrowPeak	optimal IDR thresholded peaks	GRCh38	ENCSR996FYT	TF ChIP-seq	/human-donors/ENCDO000ABF/	EFO:0001182	HEK293	cell line	Homo sapiens				site-specific recombination	insertion	{'schema_version': '14', 'aliases': ['michael-snyder:TS-1563'], 'organism': {'schema_version': '6', '@type': ['Organism', 'Item'], 'name': 'human', 'taxon_id': '9606', 'scientific_name': 'Homo sapiens', '@id': '/organisms/human/', 'uuid': '7745b647-ff15-4ff3-9ced-b897d4e2983c', 'status': 'released'}, 'genes': ['/genes/7753/'], '@type': ['Target', 'Item'], 'name': 'ZNF202-human', 'label': 'ZNF202', '@id': '/targets/ZNF202-human/', 'title': 'ZNF202 (Homo sapiens)', 'investigated_as': ['transcription factor'], 'uuid': '403f2b69-e2dc-4323-962f-291d106a62ee', 'status': 'released'}				ZNF202-human	DNA				formaldehyde		2016-10-14	ENCODE			450-650	1, 2	1_1, 2_1							/files/ENCFF260FIO/, /files/ENCFF419RSJ/, /files/ENCFF252PWN/, /files/ENCFF783WCN/	126287	ENCODE Processing Pipeline	bde737a1fc7477c321f069a64cc47b8b		https://www.encodeproject.org/files/ENCFF107CPY/@@download/ENCFF107CPY.bed.gz				released	s3://encode-public/2016/11/01/d140ea88-b125-43fa-942d-64df73228cb2/ENCFF107CPY.bed.gz	https://datasetencode.blob.core.windows.net/dataset/2016/11/01/d140ea88-b125-43fa-942d-64df73228cb2/ENCFF107CPY.bed.gz?sv=2019-10-10&si=prod&sr=c&sig=9qSQZo4ggrCNpybBExU8SypuUZV33igI11xw0P7rB3c%3D	ENCODE3 GRCh38	archived	missing biosample characterization, missing genetic modification characterization, borderline replicate concordance		
ENCFF768TFU	bed narrowPeak	bed	narrowPeak	optimal IDR thresholded peaks	GRCh38	ENCSR966ULI	TF ChIP-seq	/human-donors/ENCDO000ABF/	EFO:0001182	HEK293	cell line	Homo sapiens				site-specific recombination	insertion	{'schema_version': '14', 'aliases': [], 'organism': {'schema_version': '6', '@type': ['Organism', 'Item'], 'name': 'human', 'taxon_id': '9606', 'scientific_name': 'Homo sapiens', '@id': '/organisms/human/', 'uuid': '7745b647-ff15-4ff3-9ced-b897d4e2983c', 'status': 'released'}, 'genes': ['/genes/23598/'], '@type': ['Target', 'Item'], 'name': 'PATZ1-human', 'label': 'PATZ1', '@id': '/targets/PATZ1-human/', 'title': 'PATZ1 (Homo sapiens)', 'investigated_as': ['transcription factor'], 'uuid': '5d469e27-b00c-4379-ad2d-97e3182466d4', 'status': 'released'}				PATZ1-human	DNA				formaldehyde		2016-10-14	ENCODE			450-650	1, 2	1_1, 2_1							/files/ENCFF049ZSZ/, /files/ENCFF137ZRA/, /files/ENCFF419RSJ/, /files/ENCFF250IMK/	755153	ENCODE Processing Pipeline	bd16c1265812f6619f6c2a9c4c7b3727		https://www.encodeproject.org/files/ENCFF768TFU/@@download/ENCFF768TFU.bed.gz				released	s3://encode-public/2016/11/01/225431e7-bb14-473c-843d-acd84c58c41c/ENCFF768TFU.bed.gz	https://datasetencode.blob.core.windows.net/dataset/2016/11/01/225431e7-bb14-473c-843d-acd84c58c41c/ENCFF768TFU.bed.gz?sv=2019-10-10&si=prod&sr=c&sig=9qSQZo4ggrCNpybBExU8SypuUZV33igI11xw0P7rB3c%3D	ENCODE3 GRCh38	archived	missing biosample characterization, missing genetic modification characterization		
ENCFF149OME	bed narrowPeak	bed	narrowPeak	optimal IDR thresholded peaks	GRCh38	ENCSR504VDV	TF ChIP-seq	/human-donors/ENCDO000ABF/	EFO:0001182	HEK293	cell line	Homo sapiens				site-specific recombination	insertion	{'schema_version': '14', 'aliases': ['michael-snyder:TS-1226'], 'organism': {'schema_version': '6', '@type': ['Organism', 'Item'], 'name': 'human', 'taxon_id': '9606', 'scientific_name': 'Homo sapiens', '@id': '/organisms/human/', 'uuid': '7745b647-ff15-4ff3-9ced-b897d4e2983c', 'status': 'released'}, 'genes': ['/genes/55279/'], '@type': ['Target', 'Item'], 'name': 'ZNF654-human', 'label': 'ZNF654', '@id': '/targets/ZNF654-human/', 'title': 'ZNF654 (Homo sapiens)', 'investigated_as': ['transcription factor'], 'uuid': '8f989b68-dff2-4688-9791-457251036134', 'status': 'released'}				ZNF654-human	DNA				formaldehyde		2016-10-07	ENCODE			450-650	1, 2	1_1, 2_1							/files/ENCFF419RSJ/, /files/ENCFF066HJY/, /files/ENCFF519TLP/, /files/ENCFF602HQV/	575533	ENCODE Processing Pipeline	ff82b32216a850998e3e32a8eef1f862		https://www.encodeproject.org/files/ENCFF149OME/@@download/ENCFF149OME.bed.gz				released	s3://encode-public/2016/11/01/f0c71a69-87ff-4d9a-88d2-06e7fccc9bc1/ENCFF149OME.bed.gz	https://datasetencode.blob.core.windows.net/dataset/2016/11/01/f0c71a69-87ff-4d9a-88d2-06e7fccc9bc1/ENCFF149OME.bed.gz?sv=2019-10-10&si=prod&sr=c&sig=9qSQZo4ggrCNpybBExU8SypuUZV33igI11xw0P7rB3c%3D	ENCODE3 GRCh38	archived	low read depth, missing biosample characterization, missing genetic modification characterization		
ENCFF673JLB	bed narrowPeak	bed	narrowPeak	optimal IDR thresholded peaks	GRCh38	ENCSR167XFW	TF ChIP-seq	/human-donors/ENCDO000ABF/	EFO:0001182	HEK293	cell line	Homo sapiens				site-specific recombination	insertion	{'schema_version': '14', 'aliases': ['michael-snyder:TS-1309'], 'organism': {'schema_version': '6', '@type': ['Organism', 'Item'], 'name': 'human', 'taxon_id': '9606', 'scientific_name': 'Homo sapiens', '@id': '/organisms/human/', 'uuid': '7745b647-ff15-4ff3-9ced-b897d4e2983c', 'status': 'released'}, 'genes': ['/genes/27300/'], '@type': ['Target', 'Item'], 'name': 'ZNF544-human', 'label': 'ZNF544', '@id': '/targets/ZNF544-human/', 'title': 'ZNF544 (Homo sapiens)', 'investigated_as': ['transcription factor'], 'uuid': 'e35e384a-39a8-4973-ba00-726cab22b2d2', 'status': 'released'}				ZNF544-human	DNA				formaldehyde		2017-05-17	ENCODE			450-650	1, 2	1_1, 2_1							/files/ENCFF876VKI/, /files/ENCFF057EOD/, /files/ENCFF923VAR/, /files/ENCFF419RSJ/	40060	ENCODE Processing Pipeline	5ed7c9d5f19321d6b3e2ffe5109a4b6e		https://www.encodeproject.org/files/ENCFF673JLB/@@download/ENCFF673JLB.bed.gz				released	s3://encode-public/2017/05/12/88f5302d-e854-4d52-ba1d-9fc4f244cbf6/ENCFF673JLB.bed.gz	https://datasetencode.blob.core.windows.net/dataset/2017/05/12/88f5302d-e854-4d52-ba1d-9fc4f244cbf6/ENCFF673JLB.bed.gz?sv=2019-10-10&si=prod&sr=c&sig=9qSQZo4ggrCNpybBExU8SypuUZV33igI11xw0P7rB3c%3D	ENCODE3 GRCh38	archived	missing biosample characterization, missing genetic modification characterization		
ENCFF399DXM	bed narrowPeak	bed	narrowPeak	optimal IDR thresholded peaks	GRCh38	ENCSR635NOQ	TF ChIP-seq	/human-donors/ENCDO000ABF/	EFO:0001182	HEK293	cell line	Homo sapiens				site-specific recombination	insertion	{'schema_version': '14', 'aliases': [], 'organism': {'schema_version': '6', '@type': ['Organism', 'Item'], 'name': 'human', 'taxon_id': '9606', 'scientific_name': 'Homo sapiens', '@id': '/organisms/human/', 'uuid': '7745b647-ff15-4ff3-9ced-b897d4e2983c', 'status': 'released'}, 'genes': ['/genes/11279/'], '@type': ['Target', 'Item'], 'name': 'KLF8-human', 'label': 'KLF8', '@id': '/targets/KLF8-human/', 'title': 'KLF8 (Homo sapiens)', 'investigated_as': ['transcription factor'], 'uuid': '848d54aa-7864-4c17-b931-035f6fa4df5f', 'status': 'released'}				KLF8-human	DNA				formaldehyde		2016-10-07	ENCODE			450-650	1, 2	1_1, 2_1							/files/ENCFF419RSJ/, /files/ENCFF314IDL/, /files/ENCFF653SGO/, /files/ENCFF083GCC/	585110	ENCODE Processing Pipeline	bd6be305c97082816af54ba4345f861f		https://www.encodeproject.org/files/ENCFF399DXM/@@download/ENCFF399DXM.bed.gz				released	s3://encode-public/2016/11/01/91df0419-2e24-4a08-a317-f798f22651c1/ENCFF399DXM.bed.gz	https://datasetencode.blob.core.windows.net/dataset/2016/11/01/91df0419-2e24-4a08-a317-f798f22651c1/ENCFF399DXM.bed.gz?sv=2019-10-10&si=prod&sr=c&sig=9qSQZo4ggrCNpybBExU8SypuUZV33igI11xw0P7rB3c%3D	ENCODE3 GRCh38	archived	missing biosample characterization, missing genetic modification characterization		
ENCFF863YLX	bed narrowPeak	bed	narrowPeak	optimal IDR thresholded peaks	GRCh38	ENCSR906PCS	TF ChIP-seq	/human-donors/ENCDO000ABF/	EFO:0001182	HEK293	cell line	Homo sapiens				site-specific recombination	insertion	{'schema_version': '14', 'aliases': [], 'organism': {'schema_version': '6', '@type': ['Organism', 'Item'], 'name': 'human', 'taxon_id': '9606', 'scientific_name': 'Homo sapiens', '@id': '/organisms/human/', 'uuid': '7745b647-ff15-4ff3-9ced-b897d4e2983c', 'status': 'released'}, 'genes': ['/genes/7766/'], '@type': ['Target', 'Item'], 'name': 'ZNF223-human', 'label': 'ZNF223', '@id': '/targets/ZNF223-human/', 'title': 'ZNF223 (Homo sapiens)', 'investigated_as': ['transcription factor'], 'uuid': 'b8248cc2-4231-4be7-9c65-2654fbab4708', 'status': 'released'}				ZNF223-human	DNA				formaldehyde		2016-12-19	ENCODE			450-650	1, 2	1_1, 2_1							/files/ENCFF963AZP/, /files/ENCFF413MQC/, /files/ENCFF419RSJ/, /files/ENCFF065JMZ/	104941	ENCODE Processing Pipeline	32e454e9a12462a52d03d92e1540757b		https://www.encodeproject.org/files/ENCFF863YLX/@@download/ENCFF863YLX.bed.gz				released	s3://encode-public/2016/12/16/6f66352c-9602-41c7-955f-a75a09c51cf7/ENCFF863YLX.bed.gz	https://datasetencode.blob.core.windows.net/dataset/2016/12/16/6f66352c-9602-41c7-955f-a75a09c51cf7/ENCFF863YLX.bed.gz?sv=2019-10-10&si=prod&sr=c&sig=9qSQZo4ggrCNpybBExU8SypuUZV33igI11xw0P7rB3c%3D	ENCODE3 GRCh38	archived	missing biosample characterization, missing genetic modification characterization		
ENCFF832OST	bed narrowPeak	bed	narrowPeak	optimal IDR thresholded peaks	GRCh38	ENCSR547TGL	TF ChIP-seq	/human-donors/ENCDO000ABF/	EFO:0001182	HEK293	cell line	Homo sapiens				site-specific recombination	insertion	{'schema_version': '14', 'aliases': ['michael-snyder:TS-1207'], 'organism': {'schema_version': '6', '@type': ['Organism', 'Item'], 'name': 'human', 'taxon_id': '9606', 'scientific_name': 'Homo sapiens', '@id': '/organisms/human/', 'uuid': '7745b647-ff15-4ff3-9ced-b897d4e2983c', 'status': 'released'}, 'genes': ['/genes/55762/'], '@type': ['Target', 'Item'], 'name': 'ZNF701-human', 'label': 'ZNF701', '@id': '/targets/ZNF701-human/', 'title': 'ZNF701 (Homo sapiens)', 'investigated_as': ['transcription factor'], 'uuid': '0ba181c0-9385-401a-9fd7-9eb393417d86', 'status': 'released'}				ZNF701-human	DNA				formaldehyde		2016-12-19	ENCODE			450-650	1, 2	1_1, 2_1							/files/ENCFF240UQC/, /files/ENCFF953GBG/, /files/ENCFF419RSJ/, /files/ENCFF988XSF/	39140	ENCODE Processing Pipeline	8b249531883f3b4e752a38a3a7b98699		https://www.encodeproject.org/files/ENCFF832OST/@@download/ENCFF832OST.bed.gz				released	s3://encode-public/2016/12/16/a91949cb-eb6e-4481-a6dc-70c28854ab66/ENCFF832OST.bed.gz	https://datasetencode.blob.core.windows.net/dataset/2016/12/16/a91949cb-eb6e-4481-a6dc-70c28854ab66/ENCFF832OST.bed.gz?sv=2019-10-10&si=prod&sr=c&sig=9qSQZo4ggrCNpybBExU8SypuUZV33igI11xw0P7rB3c%3D	ENCODE3 GRCh38	archived	missing biosample characterization, missing genetic modification characterization		
ENCFF236ZPP	bed narrowPeak	bed	narrowPeak	optimal IDR thresholded peaks	GRCh38	ENCSR661AXW	TF ChIP-seq	/human-donors/ENCDO000ABF/	EFO:0001182	HEK293	cell line	Homo sapiens				site-specific recombination	insertion	{'schema_version': '14', 'aliases': ['michael-snyder:TS-745'], 'organism': {'schema_version': '6', '@type': ['Organism', 'Item'], 'name': 'human', 'taxon_id': '9606', 'scientific_name': 'Homo sapiens', '@id': '/organisms/human/', 'uuid': '7745b647-ff15-4ff3-9ced-b897d4e2983c', 'status': 'released'}, 'genes': ['/genes/169841/'], '@type': ['Target', 'Item'], 'name': 'ZNF169-human', 'label': 'ZNF169', '@id': '/targets/ZNF169-human/', 'title': 'ZNF169 (Homo sapiens)', 'investigated_as': ['transcription factor'], 'uuid': '0bb68080-0f6c-4cc4-8119-79bdcd42fbef', 'status': 'released'}				ZNF169-human	DNA				formaldehyde		2016-12-19	ENCODE			450-650	1, 2	1_1, 2_1							/files/ENCFF227DKJ/, /files/ENCFF629EJP/, /files/ENCFF419RSJ/, /files/ENCFF905EEB/	59884	ENCODE Processing Pipeline	a676121c8fdd32c58e7ac3c8eff94548		https://www.encodeproject.org/files/ENCFF236ZPP/@@download/ENCFF236ZPP.bed.gz				released	s3://encode-public/2016/12/16/39e49955-d921-4229-8c3e-4f947437d51a/ENCFF236ZPP.bed.gz	https://datasetencode.blob.core.windows.net/dataset/2016/12/16/39e49955-d921-4229-8c3e-4f947437d51a/ENCFF236ZPP.bed.gz?sv=2019-10-10&si=prod&sr=c&sig=9qSQZo4ggrCNpybBExU8SypuUZV33igI11xw0P7rB3c%3D	ENCODE3 GRCh38	archived	missing biosample characterization, missing genetic modification characterization		
ENCFF831DRU	bed narrowPeak	bed	narrowPeak	optimal IDR thresholded peaks	GRCh38	ENCSR751PNN	TF ChIP-seq	/human-donors/ENCDO000ABF/	EFO:0001182	HEK293	cell line	Homo sapiens				site-specific recombination	insertion	{'schema_version': '14', 'aliases': [], 'organism': {'schema_version': '6', '@type': ['Organism', 'Item'], 'name': 'human', 'taxon_id': '9606', 'scientific_name': 'Homo sapiens', '@id': '/organisms/human/', 'uuid': '7745b647-ff15-4ff3-9ced-b897d4e2983c', 'status': 'released'}, 'genes': ['/genes/7771/'], '@type': ['Target', 'Item'], 'name': 'ZNF112-human', 'label': 'ZNF112', '@id': '/targets/ZNF112-human/', 'title': 'ZNF112 (Homo sapiens)', 'investigated_as': ['transcription factor'], 'uuid': 'f66c56db-de90-43e5-917f-d277bc3b80c5', 'status': 'released'}				ZNF112-human	DNA				formaldehyde		2017-04-06	ENCODE			450-650	1, 2	1_1, 2_1							/files/ENCFF854NKM/, /files/ENCFF419RSJ/, /files/ENCFF499AJK/, /files/ENCFF599NBE/	40644	ENCODE Processing Pipeline	d6c88a87af63692fd19bbf68a0376c06		https://www.encodeproject.org/files/ENCFF831DRU/@@download/ENCFF831DRU.bed.gz				released	s3://encode-public/2017/03/06/c003f99b-f041-4364-805b-230ddd377af0/ENCFF831DRU.bed.gz	https://datasetencode.blob.core.windows.net/dataset/2017/03/06/c003f99b-f041-4364-805b-230ddd377af0/ENCFF831DRU.bed.gz?sv=2019-10-10&si=prod&sr=c&sig=9qSQZo4ggrCNpybBExU8SypuUZV33igI11xw0P7rB3c%3D	ENCODE3 GRCh38	archived	missing biosample characterization, missing genetic modification characterization		
ENCFF337BRJ	bed narrowPeak	bed	narrowPeak	optimal IDR thresholded peaks	GRCh38	ENCSR714LZQ	TF ChIP-seq	/human-donors/ENCDO000ABF/	EFO:0001182	HEK293	cell line	Homo sapiens				site-specific recombination	insertion	{'schema_version': '14', 'aliases': ['michael-snyder:TS-834'], 'organism': {'schema_version': '6', '@type': ['Organism', 'Item'], 'name': 'human', 'taxon_id': '9606', 'scientific_name': 'Homo sapiens', '@id': '/organisms/human/', 'uuid': '7745b647-ff15-4ff3-9ced-b897d4e2983c', 'status': 'released'}, 'genes': ['/genes/144348/'], '@type': ['Target', 'Item'], 'name': 'ZNF664-human', 'label': 'ZNF664', '@id': '/targets/ZNF664-human/', 'title': 'ZNF664 (Homo sapiens)', 'investigated_as': ['transcription factor'], 'uuid': 'd01dd9c5-5cdd-483d-8ba5-e9982983b21c', 'status': 'released'}				ZNF664-human	DNA				formaldehyde		2016-10-07	ENCODE			450-650	1, 2	1_1, 2_1							/files/ENCFF163QLV/, /files/ENCFF854XSG/, /files/ENCFF400EHM/, /files/ENCFF419RSJ/	499430	ENCODE Processing Pipeline	fad801fadc27a6dc5d5f6ce14928ca56		https://www.encodeproject.org/files/ENCFF337BRJ/@@download/ENCFF337BRJ.bed.gz				released	s3://encode-public/2016/11/01/89f927ee-1481-4726-af13-a59c0ce85e34/ENCFF337BRJ.bed.gz	https://datasetencode.blob.core.windows.net/dataset/2016/11/01/89f927ee-1481-4726-af13-a59c0ce85e34/ENCFF337BRJ.bed.gz?sv=2019-10-10&si=prod&sr=c&sig=9qSQZo4ggrCNpybBExU8SypuUZV33igI11xw0P7rB3c%3D	ENCODE3 GRCh38	archived	missing biosample characterization, missing genetic modification characterization		
ENCFF187CEY	bed narrowPeak	bed	narrowPeak	optimal IDR thresholded peaks	GRCh38	ENCSR728MWW	TF ChIP-seq	/human-donors/ENCDO000ABF/	EFO:0001182	HEK293	cell line	Homo sapiens				site-specific recombination	insertion	{'schema_version': '14', 'aliases': [], 'organism': {'schema_version': '6', '@type': ['Organism', 'Item'], 'name': 'human', 'taxon_id': '9606', 'scientific_name': 'Homo sapiens', '@id': '/organisms/human/', 'uuid': '7745b647-ff15-4ff3-9ced-b897d4e2983c', 'status': 'released'}, 'genes': ['/genes/7546/'], '@type': ['Target', 'Item'], 'name': 'ZIC2-human', 'label': 'ZIC2', '@id': '/targets/ZIC2-human/', 'title': 'ZIC2 (Homo sapiens)', 'investigated_as': ['transcription factor'], 'uuid': 'd304fddc-f18e-4736-9730-432883b96043', 'status': 'released'}				ZIC2-human	DNA				formaldehyde		2016-12-19	ENCODE			450-650	1, 2	1_1, 2_1							/files/ENCFF523ZBU/, /files/ENCFF419RSJ/, /files/ENCFF271VMN/, /files/ENCFF418UDL/	1110991	ENCODE Processing Pipeline	1f3569838a9e64b375c2dccb5c125c90		https://www.encodeproject.org/files/ENCFF187CEY/@@download/ENCFF187CEY.bed.gz				released	s3://encode-public/2016/12/16/e731c0c1-5a6d-4132-80f3-ace50d3bd846/ENCFF187CEY.bed.gz	https://datasetencode.blob.core.windows.net/dataset/2016/12/16/e731c0c1-5a6d-4132-80f3-ace50d3bd846/ENCFF187CEY.bed.gz?sv=2019-10-10&si=prod&sr=c&sig=9qSQZo4ggrCNpybBExU8SypuUZV33igI11xw0P7rB3c%3D	ENCODE3 GRCh38	archived	missing biosample characterization, missing genetic modification characterization		
ENCFF668ZRO	bed narrowPeak	bed	narrowPeak	optimal IDR thresholded peaks	GRCh38	ENCSR229DYF	TF ChIP-seq	/human-donors/ENCDO000ABF/	EFO:0001182	HEK293	cell line	Homo sapiens				site-specific recombination	insertion	{'schema_version': '14', 'aliases': ['michael-snyder:TS-1138'], 'organism': {'schema_version': '6', '@type': ['Organism', 'Item'], 'name': 'human', 'taxon_id': '9606', 'scientific_name': 'Homo sapiens', '@id': '/organisms/human/', 'uuid': '7745b647-ff15-4ff3-9ced-b897d4e2983c', 'status': 'released'}, 'genes': ['/genes/57684/'], '@type': ['Target', 'Item'], 'name': 'ZBTB26-human', 'label': 'ZBTB26', '@id': '/targets/ZBTB26-human/', 'title': 'ZBTB26 (Homo sapiens)', 'investigated_as': ['transcription factor'], 'uuid': '21bd6b13-9ee6-43a8-af6b-f9682bafe783', 'status': 'released'}				ZBTB26-human	DNA				formaldehyde		2016-12-13	ENCODE			450-650	1, 2	1_1, 2_1							/files/ENCFF753LSJ/, /files/ENCFF322GQO/, /files/ENCFF419RSJ/, /files/ENCFF621WQW/	646619	ENCODE Processing Pipeline	889c1a87693d42ce295469ec3408d497		https://www.encodeproject.org/files/ENCFF668ZRO/@@download/ENCFF668ZRO.bed.gz				released	s3://encode-public/2016/12/13/1426c020-e454-475f-af31-eca89ba0be75/ENCFF668ZRO.bed.gz	https://datasetencode.blob.core.windows.net/dataset/2016/12/13/1426c020-e454-475f-af31-eca89ba0be75/ENCFF668ZRO.bed.gz?sv=2019-10-10&si=prod&sr=c&sig=9qSQZo4ggrCNpybBExU8SypuUZV33igI11xw0P7rB3c%3D	ENCODE3 GRCh38	released	mild to moderate bottlenecking, missing biosample characterization, missing genetic modification characterization		
ENCFF359XJQ	bed narrowPeak	bed	narrowPeak	optimal IDR thresholded peaks	GRCh38	ENCSR307CKC	TF ChIP-seq	/human-donors/ENCDO000ABF/	EFO:0001182	HEK293	cell line	Homo sapiens				site-specific recombination	insertion	{'schema_version': '14', 'aliases': ['michael-snyder:TS-637'], 'organism': {'schema_version': '6', '@type': ['Organism', 'Item'], 'name': 'human', 'taxon_id': '9606', 'scientific_name': 'Homo sapiens', '@id': '/organisms/human/', 'uuid': '7745b647-ff15-4ff3-9ced-b897d4e2983c', 'status': 'released'}, 'genes': ['/genes/340252/'], '@type': ['Target', 'Item'], 'name': 'ZNF680-human', 'label': 'ZNF680', '@id': '/targets/ZNF680-human/', 'title': 'ZNF680 (Homo sapiens)', 'investigated_as': ['transcription factor'], 'uuid': 'b5c99ba2-b127-4d0e-977b-6b7a08647785', 'status': 'released'}				ZNF680-human	DNA				formaldehyde		2016-10-07	ENCODE			450-650	1, 2	1_1, 2_1							/files/ENCFF554AUN/, /files/ENCFF932FXE/, /files/ENCFF687HZJ/, /files/ENCFF419RSJ/	198360	ENCODE Processing Pipeline	5f31ee20c2414fff1bf646082b581012		https://www.encodeproject.org/files/ENCFF359XJQ/@@download/ENCFF359XJQ.bed.gz				released	s3://encode-public/2016/11/01/e9b177de-08bf-414b-ad7f-3dbd7c7eaff2/ENCFF359XJQ.bed.gz	https://datasetencode.blob.core.windows.net/dataset/2016/11/01/e9b177de-08bf-414b-ad7f-3dbd7c7eaff2/ENCFF359XJQ.bed.gz?sv=2019-10-10&si=prod&sr=c&sig=9qSQZo4ggrCNpybBExU8SypuUZV33igI11xw0P7rB3c%3D	ENCODE3 GRCh38	archived	missing biosample characterization, missing genetic modification characterization		
ENCFF868TRF	bed narrowPeak	bed	narrowPeak	optimal IDR thresholded peaks	GRCh38	ENCSR076EZB	TF ChIP-seq	/human-donors/ENCDO000ABF/	EFO:0001182	HEK293	cell line	Homo sapiens				site-specific recombination	insertion	{'schema_version': '14', 'aliases': [], 'organism': {'schema_version': '6', '@type': ['Organism', 'Item'], 'name': 'human', 'taxon_id': '9606', 'scientific_name': 'Homo sapiens', '@id': '/organisms/human/', 'uuid': '7745b647-ff15-4ff3-9ced-b897d4e2983c', 'status': 'released'}, 'genes': ['/genes/687/'], '@type': ['Target', 'Item'], 'name': 'KLF9-human', 'label': 'KLF9', '@id': '/targets/KLF9-human/', 'title': 'KLF9 (Homo sapiens)', 'investigated_as': ['transcription factor'], 'uuid': 'f3b273ba-d78f-4ed5-b6d6-6a3c57461337', 'status': 'released'}				KLF9-human	DNA				formaldehyde		2016-10-07	ENCODE			450-650	1, 2	1_1, 2_1							/files/ENCFF469CIF/, /files/ENCFF401SAI/, /files/ENCFF260KHN/, /files/ENCFF419RSJ/	438824	ENCODE Processing Pipeline	b15e4f506bc2356ff81ab51d50f0c4b4		https://www.encodeproject.org/files/ENCFF868TRF/@@download/ENCFF868TRF.bed.gz				released	s3://encode-public/2016/11/01/ba935266-593c-4cc2-9d9c-6ca99abe5e0a/ENCFF868TRF.bed.gz	https://datasetencode.blob.core.windows.net/dataset/2016/11/01/ba935266-593c-4cc2-9d9c-6ca99abe5e0a/ENCFF868TRF.bed.gz?sv=2019-10-10&si=prod&sr=c&sig=9qSQZo4ggrCNpybBExU8SypuUZV33igI11xw0P7rB3c%3D	ENCODE3 GRCh38	archived	low read depth, missing biosample characterization, missing genetic modification characterization		
ENCFF113OWH	bed narrowPeak	bed	narrowPeak	optimal IDR thresholded peaks	GRCh38	ENCSR283MWQ	TF ChIP-seq	/human-donors/ENCDO000ABF/	EFO:0001182	HEK293	cell line	Homo sapiens				site-specific recombination	insertion	{'schema_version': '14', 'aliases': ['michael-snyder:TS-1591'], 'organism': {'schema_version': '6', '@type': ['Organism', 'Item'], 'name': 'human', 'taxon_id': '9606', 'scientific_name': 'Homo sapiens', '@id': '/organisms/human/', 'uuid': '7745b647-ff15-4ff3-9ced-b897d4e2983c', 'status': 'released'}, 'genes': ['/genes/7692/'], '@type': ['Target', 'Item'], 'name': 'ZNF133-human', 'label': 'ZNF133', '@id': '/targets/ZNF133-human/', 'title': 'ZNF133 (Homo sapiens)', 'investigated_as': ['transcription factor'], 'uuid': '86786c3f-d51f-4dd5-a2a5-8671f2785369', 'status': 'released'}				ZNF133-human	DNA				formaldehyde		2016-12-19	ENCODE			450-650	1, 2	1_1, 2_1							/files/ENCFF013PIW/, /files/ENCFF419RSJ/, /files/ENCFF384XVB/, /files/ENCFF281BOR/	165279	ENCODE Processing Pipeline	f01806d494fb338c318b382efa1c7f3d		https://www.encodeproject.org/files/ENCFF113OWH/@@download/ENCFF113OWH.bed.gz				released	s3://encode-public/2016/12/16/d2abaee2-a684-4f62-8727-c30cea8d5af2/ENCFF113OWH.bed.gz	https://datasetencode.blob.core.windows.net/dataset/2016/12/16/d2abaee2-a684-4f62-8727-c30cea8d5af2/ENCFF113OWH.bed.gz?sv=2019-10-10&si=prod&sr=c&sig=9qSQZo4ggrCNpybBExU8SypuUZV33igI11xw0P7rB3c%3D	ENCODE3 GRCh38	archived	missing biosample characterization, missing genetic modification characterization		
ENCFF165BAG	bed narrowPeak	bed	narrowPeak	optimal IDR thresholded peaks	GRCh38	ENCSR673SGK	TF ChIP-seq	/human-donors/ENCDO000ABF/	EFO:0001182	HEK293	cell line	Homo sapiens				site-specific recombination	insertion	{'schema_version': '14', 'aliases': ['michael-snyder:TS-689'], 'organism': {'schema_version': '6', '@type': ['Organism', 'Item'], 'name': 'human', 'taxon_id': '9606', 'scientific_name': 'Homo sapiens', '@id': '/organisms/human/', 'uuid': '7745b647-ff15-4ff3-9ced-b897d4e2983c', 'status': 'released'}, 'genes': ['/genes/255877/'], '@type': ['Target', 'Item'], 'name': 'BCL6B-human', 'label': 'BCL6B', '@id': '/targets/BCL6B-human/', 'title': 'BCL6B (Homo sapiens)', 'investigated_as': ['transcription factor'], 'uuid': 'c5a34e84-1a60-4eb5-8d58-b68f40d453aa', 'status': 'released'}				BCL6B-human	DNA				formaldehyde		2017-05-17	ENCODE			450-650	1, 2	1_1, 2_1							/files/ENCFF229DCS/, /files/ENCFF419RSJ/, /files/ENCFF020NIR/, /files/ENCFF712XAE/	189037	ENCODE Processing Pipeline	e281160bab74452291f6e762d05d2d45		https://www.encodeproject.org/files/ENCFF165BAG/@@download/ENCFF165BAG.bed.gz				released	s3://encode-public/2017/05/12/4dfc8a6b-bb42-4fce-bc76-51efbababe70/ENCFF165BAG.bed.gz	https://datasetencode.blob.core.windows.net/dataset/2017/05/12/4dfc8a6b-bb42-4fce-bc76-51efbababe70/ENCFF165BAG.bed.gz?sv=2019-10-10&si=prod&sr=c&sig=9qSQZo4ggrCNpybBExU8SypuUZV33igI11xw0P7rB3c%3D	ENCODE3 GRCh38	archived	missing biosample characterization, missing genetic modification characterization		
ENCFF608JPL	bed narrowPeak	bed	narrowPeak	optimal IDR thresholded peaks	GRCh38	ENCSR141PZA	TF ChIP-seq	/human-donors/ENCDO000ABF/	EFO:0001182	HEK293	cell line	Homo sapiens				site-specific recombination	insertion	{'schema_version': '14', 'aliases': [], 'organism': {'schema_version': '6', '@type': ['Organism', 'Item'], 'name': 'human', 'taxon_id': '9606', 'scientific_name': 'Homo sapiens', '@id': '/organisms/human/', 'uuid': '7745b647-ff15-4ff3-9ced-b897d4e2983c', 'status': 'released'}, 'genes': ['/genes/6670/'], '@type': ['Target', 'Item'], 'name': 'SP3-human', 'label': 'SP3', '@id': '/targets/SP3-human/', 'title': 'SP3 (Homo sapiens)', 'investigated_as': ['transcription factor'], 'uuid': 'f404971a-4948-4f0a-96cb-9b238fe96187', 'status': 'released'}				SP3-human	DNA				formaldehyde		2016-10-07	ENCODE			450-650	1, 2	1_1, 2_1							/files/ENCFF332MLK/, /files/ENCFF232LVP/, /files/ENCFF419RSJ/, /files/ENCFF316AKN/	546422	ENCODE Processing Pipeline	78adfa7e5dfc85d4db6e9fbff228c3b6		https://www.encodeproject.org/files/ENCFF608JPL/@@download/ENCFF608JPL.bed.gz				released	s3://encode-public/2016/11/01/64dd410b-6d64-4f5d-85fa-e3a8d67734f0/ENCFF608JPL.bed.gz	https://datasetencode.blob.core.windows.net/dataset/2016/11/01/64dd410b-6d64-4f5d-85fa-e3a8d67734f0/ENCFF608JPL.bed.gz?sv=2019-10-10&si=prod&sr=c&sig=9qSQZo4ggrCNpybBExU8SypuUZV33igI11xw0P7rB3c%3D	ENCODE3 GRCh38	archived	missing biosample characterization, missing genetic modification characterization		
ENCFF827YPG	bed narrowPeak	bed	narrowPeak	optimal IDR thresholded peaks	GRCh38	ENCSR924GRG	TF ChIP-seq	/human-donors/ENCDO000ABF/	EFO:0001182	HEK293	cell line	Homo sapiens				site-specific recombination	insertion	{'schema_version': '14', 'aliases': [], 'organism': {'schema_version': '6', '@type': ['Organism', 'Item'], 'name': 'human', 'taxon_id': '9606', 'scientific_name': 'Homo sapiens', '@id': '/organisms/human/', 'uuid': '7745b647-ff15-4ff3-9ced-b897d4e2983c', 'status': 'released'}, 'genes': ['/genes/166793/'], '@type': ['Target', 'Item'], 'name': 'ZBTB49-human', 'label': 'ZBTB49', '@id': '/targets/ZBTB49-human/', 'title': 'ZBTB49 (Homo sapiens)', 'investigated_as': ['transcription factor'], 'uuid': '4ff0be8b-83e7-4f9a-91bb-8a141992497d', 'status': 'released'}				ZBTB49-human	DNA				formaldehyde		2016-10-07	ENCODE			450-650	1, 2	1_1, 2_1							/files/ENCFF419RSJ/, /files/ENCFF602KKP/, /files/ENCFF361DCX/, /files/ENCFF250YZT/	18312	ENCODE Processing Pipeline	d5e019b6feaf01ce7811136572c8f0b5		https://www.encodeproject.org/files/ENCFF827YPG/@@download/ENCFF827YPG.bed.gz				released	s3://encode-public/2016/10/28/b2c5b8f1-0150-4704-aceb-5abb4caeac37/ENCFF827YPG.bed.gz	https://datasetencode.blob.core.windows.net/dataset/2016/10/28/b2c5b8f1-0150-4704-aceb-5abb4caeac37/ENCFF827YPG.bed.gz?sv=2019-10-10&si=prod&sr=c&sig=9qSQZo4ggrCNpybBExU8SypuUZV33igI11xw0P7rB3c%3D	ENCODE3 GRCh38	archived	low read depth, missing biosample characterization, missing genetic modification characterization		
ENCFF604AVO	bed narrowPeak	bed	narrowPeak	optimal IDR thresholded peaks	GRCh38	ENCSR567XAM	TF ChIP-seq	/human-donors/ENCDO000ABF/	EFO:0001182	HEK293	cell line	Homo sapiens				site-specific recombination	insertion	{'schema_version': '14', 'aliases': ['michael-snyder:TS-1334'], 'organism': {'schema_version': '6', '@type': ['Organism', 'Item'], 'name': 'human', 'taxon_id': '9606', 'scientific_name': 'Homo sapiens', '@id': '/organisms/human/', 'uuid': '7745b647-ff15-4ff3-9ced-b897d4e2983c', 'status': 'released'}, 'genes': ['/genes/25888/'], '@type': ['Target', 'Item'], 'name': 'ZNF473-human', 'label': 'ZNF473', '@id': '/targets/ZNF473-human/', 'title': 'ZNF473 (Homo sapiens)', 'investigated_as': ['transcription factor'], 'uuid': '9485dc7a-e3ca-4554-9407-3e4dc9dd40b3', 'status': 'released'}				ZNF473-human	DNA				formaldehyde		2017-04-06	ENCODE			450-650	1, 2	1_1, 2_1							/files/ENCFF197OHS/, /files/ENCFF320HAC/, /files/ENCFF068PVG/, /files/ENCFF419RSJ/	46222	ENCODE Processing Pipeline	14cb94ec24040972e60d065ec1567dd3		https://www.encodeproject.org/files/ENCFF604AVO/@@download/ENCFF604AVO.bed.gz				released	s3://encode-public/2017/02/15/9f752f5b-0255-4ecd-b1f9-142e53624543/ENCFF604AVO.bed.gz	https://datasetencode.blob.core.windows.net/dataset/2017/02/15/9f752f5b-0255-4ecd-b1f9-142e53624543/ENCFF604AVO.bed.gz?sv=2019-10-10&si=prod&sr=c&sig=9qSQZo4ggrCNpybBExU8SypuUZV33igI11xw0P7rB3c%3D	ENCODE3 GRCh38	archived	missing biosample characterization, missing genetic modification characterization		
ENCFF679DYR	bed narrowPeak	bed	narrowPeak	optimal IDR thresholded peaks	GRCh38	ENCSR731AGO	TF ChIP-seq	/human-donors/ENCDO000ABF/	EFO:0001182	HEK293	cell line	Homo sapiens				site-specific recombination	insertion	{'schema_version': '14', 'aliases': ['michael-snyder:TS-534'], 'organism': {'schema_version': '6', '@type': ['Organism', 'Item'], 'name': 'human', 'taxon_id': '9606', 'scientific_name': 'Homo sapiens', '@id': '/organisms/human/', 'uuid': '7745b647-ff15-4ff3-9ced-b897d4e2983c', 'status': 'released'}, 'genes': ['/genes/649137/'], '@type': ['Target', 'Item'], 'name': 'ZSCAN5C-human', 'label': 'ZSCAN5C', '@id': '/targets/ZSCAN5C-human/', 'title': 'ZSCAN5C (Homo sapiens)', 'investigated_as': ['transcription factor'], 'uuid': '29b3a597-db03-4d9b-8a00-fcfc9491ab6e', 'status': 'released'}				ZSCAN5C-human	DNA				formaldehyde		2017-04-06	ENCODE			450-650	1, 2	1_1, 2_1							/files/ENCFF419RSJ/, /files/ENCFF202SCS/, /files/ENCFF620ANC/, /files/ENCFF565OZT/	367497	ENCODE Processing Pipeline	3c530dca8b80af843127809429a76621		https://www.encodeproject.org/files/ENCFF679DYR/@@download/ENCFF679DYR.bed.gz				released	s3://encode-public/2017/03/06/2d159b56-491c-4df4-9255-6ec4dd1da59c/ENCFF679DYR.bed.gz	https://datasetencode.blob.core.windows.net/dataset/2017/03/06/2d159b56-491c-4df4-9255-6ec4dd1da59c/ENCFF679DYR.bed.gz?sv=2019-10-10&si=prod&sr=c&sig=9qSQZo4ggrCNpybBExU8SypuUZV33igI11xw0P7rB3c%3D	ENCODE3 GRCh38	archived	missing biosample characterization, missing genetic modification characterization		
ENCFF775QVY	bed narrowPeak	bed	narrowPeak	optimal IDR thresholded peaks	GRCh38	ENCSR021DJC	TF ChIP-seq	/human-donors/ENCDO000ABF/	EFO:0001182	HEK293	cell line	Homo sapiens				site-specific recombination	insertion	{'dbxrefs': ['FactorBook:BCL11A'], 'aliases': [], 'organism': {'schema_version': '6', '@type': ['Organism', 'Item'], 'name': 'human', 'taxon_id': '9606', 'scientific_name': 'Homo sapiens', '@id': '/organisms/human/', 'uuid': '7745b647-ff15-4ff3-9ced-b897d4e2983c', 'status': 'released'}, 'genes': ['/genes/53335/'], '@type': ['Target', 'Item'], 'label': 'BCL11A', 'title': 'BCL11A (Homo sapiens)', 'investigated_as': ['transcription factor'], 'uuid': 'b52e3f0a-be22-4c01-9083-fc87db646475', 'schema_version': '14', 'name': 'BCL11A-human', '@id': '/targets/BCL11A-human/', 'status': 'released'}				BCL11A-human	DNA				formaldehyde		2016-10-25	ENCODE			450-650	1, 2	1_1, 2_1							/files/ENCFF449HJM/, /files/ENCFF419RSJ/, /files/ENCFF454ZCH/, /files/ENCFF251CRY/	263012	ENCODE Processing Pipeline	e801181b146caec8585c52766bfdd480		https://www.encodeproject.org/files/ENCFF775QVY/@@download/ENCFF775QVY.bed.gz				released	s3://encode-public/2016/11/01/0a51dc3b-d4a3-481a-be61-a1a09a91fcaa/ENCFF775QVY.bed.gz	https://datasetencode.blob.core.windows.net/dataset/2016/11/01/0a51dc3b-d4a3-481a-be61-a1a09a91fcaa/ENCFF775QVY.bed.gz?sv=2019-10-10&si=prod&sr=c&sig=9qSQZo4ggrCNpybBExU8SypuUZV33igI11xw0P7rB3c%3D	ENCODE3 GRCh38	archived	low read depth, missing biosample characterization, missing genetic modification characterization		
ENCFF120CMN	bed narrowPeak	bed	narrowPeak	optimal IDR thresholded peaks	GRCh38	ENCSR076KZW	TF ChIP-seq	/human-donors/ENCDO000ABF/	EFO:0001182	HEK293	cell line	Homo sapiens				site-specific recombination	insertion	{'schema_version': '14', 'aliases': ['michael-snyder:TS-1214'], 'organism': {'schema_version': '6', '@type': ['Organism', 'Item'], 'name': 'human', 'taxon_id': '9606', 'scientific_name': 'Homo sapiens', '@id': '/organisms/human/', 'uuid': '7745b647-ff15-4ff3-9ced-b897d4e2983c', 'status': 'released'}, 'genes': ['/genes/55609/'], '@type': ['Target', 'Item'], 'name': 'ZNF280C-human', 'label': 'ZNF280C', '@id': '/targets/ZNF280C-human/', 'title': 'ZNF280C (Homo sapiens)', 'investigated_as': ['transcription factor'], 'uuid': '77a705b3-337a-4a2c-a7ab-d0f4fdeff9ef', 'status': 'released'}				ZNF280C-human	DNA				formaldehyde		2016-12-19	ENCODE			450-650	1, 2	1_1, 2_1							/files/ENCFF221YHE/, /files/ENCFF138DFB/, /files/ENCFF215RRO/, /files/ENCFF419RSJ/	27589	ENCODE Processing Pipeline	5b6a0535977e4312008e364575c2deb0		https://www.encodeproject.org/files/ENCFF120CMN/@@download/ENCFF120CMN.bed.gz				released	s3://encode-public/2016/12/16/308e3e48-d254-4f30-a41e-daf54934ddd8/ENCFF120CMN.bed.gz	https://datasetencode.blob.core.windows.net/dataset/2016/12/16/308e3e48-d254-4f30-a41e-daf54934ddd8/ENCFF120CMN.bed.gz?sv=2019-10-10&si=prod&sr=c&sig=9qSQZo4ggrCNpybBExU8SypuUZV33igI11xw0P7rB3c%3D	ENCODE3 GRCh38	archived	missing biosample characterization, missing genetic modification characterization		
ENCFF709SOO	bed narrowPeak	bed	narrowPeak	optimal IDR thresholded peaks	GRCh38	ENCSR344SBD	TF ChIP-seq	/human-donors/ENCDO000ABF/	EFO:0001182	HEK293	cell line	Homo sapiens				site-specific recombination	insertion	{'schema_version': '14', 'aliases': ['michael-snyder:TS-747'], 'organism': {'schema_version': '6', '@type': ['Organism', 'Item'], 'name': 'human', 'taxon_id': '9606', 'scientific_name': 'Homo sapiens', '@id': '/organisms/human/', 'uuid': '7745b647-ff15-4ff3-9ced-b897d4e2983c', 'status': 'released'}, 'genes': ['/genes/169270/'], '@type': ['Target', 'Item'], 'name': 'ZNF596-human', 'label': 'ZNF596', '@id': '/targets/ZNF596-human/', 'title': 'ZNF596 (Homo sapiens)', 'investigated_as': ['transcription factor'], 'uuid': 'fa6a29e1-89ec-46b7-b6bf-f4d73f31b814', 'status': 'released'}				ZNF596-human	DNA						2018-07-12	ENCODE			450-650	2, 3	2_1, 3_1							/files/ENCFF789JQT/, /files/ENCFF419RSJ/, /files/ENCFF714RCM/, /files/ENCFF789VZR/	267680	ENCODE Processing Pipeline	f74cd59b9f004cf938d2a4b60fbe36d1		https://www.encodeproject.org/files/ENCFF709SOO/@@download/ENCFF709SOO.bed.gz				released	s3://encode-public/2018/06/20/2c39b983-fa22-4d08-8f2e-a673931b6498/ENCFF709SOO.bed.gz	https://datasetencode.blob.core.windows.net/dataset/2018/06/20/2c39b983-fa22-4d08-8f2e-a673931b6498/ENCFF709SOO.bed.gz?sv=2019-10-10&si=prod&sr=c&sig=9qSQZo4ggrCNpybBExU8SypuUZV33igI11xw0P7rB3c%3D	ENCODE3 GRCh38	archived	mild to moderate bottlenecking, missing biosample characterization, moderate library complexity, missing genetic modification characterization		
ENCFF747QYQ	bed narrowPeak	bed	narrowPeak	optimal IDR thresholded peaks	GRCh38	ENCSR080CST	TF ChIP-seq	/human-donors/ENCDO000ABF/	EFO:0001182	HEK293	cell line	Homo sapiens				site-specific recombination	insertion	{'dbxrefs': ['FactorBook:ZNF639'], 'aliases': [], 'organism': {'schema_version': '6', '@type': ['Organism', 'Item'], 'name': 'human', 'taxon_id': '9606', 'scientific_name': 'Homo sapiens', '@id': '/organisms/human/', 'uuid': '7745b647-ff15-4ff3-9ced-b897d4e2983c', 'status': 'released'}, 'genes': ['/genes/51193/'], '@type': ['Target', 'Item'], 'label': 'ZNF639', 'title': 'ZNF639 (Homo sapiens)', 'investigated_as': ['transcription factor'], 'uuid': 'b595db24-0bb6-47e7-abaa-a46f4f692c87', 'schema_version': '14', 'name': 'ZNF639-human', '@id': '/targets/ZNF639-human/', 'status': 'released'}				ZNF639-human	DNA				formaldehyde		2016-10-07	ENCODE			450-650	1, 2	1_1, 2_1							/files/ENCFF808XDC/, /files/ENCFF419RSJ/, /files/ENCFF900YZA/, /files/ENCFF228ZAZ/	335456	ENCODE Processing Pipeline	d17621b133d64fe75599bde8b695b5db		https://www.encodeproject.org/files/ENCFF747QYQ/@@download/ENCFF747QYQ.bed.gz				released	s3://encode-public/2016/11/01/f341069b-9e9d-4ef3-ac30-3393c9597afd/ENCFF747QYQ.bed.gz	https://datasetencode.blob.core.windows.net/dataset/2016/11/01/f341069b-9e9d-4ef3-ac30-3393c9597afd/ENCFF747QYQ.bed.gz?sv=2019-10-10&si=prod&sr=c&sig=9qSQZo4ggrCNpybBExU8SypuUZV33igI11xw0P7rB3c%3D	ENCODE3 GRCh38	archived	missing biosample characterization, missing genetic modification characterization		
ENCFF799CAL	bed narrowPeak	bed	narrowPeak	optimal IDR thresholded peaks	GRCh38	ENCSR605MGM	TF ChIP-seq	/human-donors/ENCDO000ABF/	EFO:0001182	HEK293	cell line	Homo sapiens				site-specific recombination	insertion	{'schema_version': '14', 'aliases': [], 'organism': {'schema_version': '6', '@type': ['Organism', 'Item'], 'name': 'human', 'taxon_id': '9606', 'scientific_name': 'Homo sapiens', '@id': '/organisms/human/', 'uuid': '7745b647-ff15-4ff3-9ced-b897d4e2983c', 'status': 'released'}, 'genes': ['/genes/83482/'], '@type': ['Target', 'Item'], 'name': 'SCRT1-human', 'label': 'SCRT1', '@id': '/targets/SCRT1-human/', 'title': 'SCRT1 (Homo sapiens)', 'investigated_as': ['transcription factor'], 'uuid': 'a2b48efd-4294-4820-b737-be66963789e3', 'status': 'released'}				SCRT1-human	DNA				formaldehyde		2016-10-25	ENCODE			450-650	1, 2	1_1, 2_1							/files/ENCFF983EER/, /files/ENCFF065BKV/, /files/ENCFF419RSJ/, /files/ENCFF419ZQQ/	490494	ENCODE Processing Pipeline	cd8586ccc5288d582ba742e4417a8e8b		https://www.encodeproject.org/files/ENCFF799CAL/@@download/ENCFF799CAL.bed.gz				released	s3://encode-public/2016/11/01/c2c65f0d-212b-4e34-a0b5-eb93b9e172bf/ENCFF799CAL.bed.gz	https://datasetencode.blob.core.windows.net/dataset/2016/11/01/c2c65f0d-212b-4e34-a0b5-eb93b9e172bf/ENCFF799CAL.bed.gz?sv=2019-10-10&si=prod&sr=c&sig=9qSQZo4ggrCNpybBExU8SypuUZV33igI11xw0P7rB3c%3D	ENCODE3 GRCh38	archived	missing biosample characterization, borderline replicate concordance, missing genetic modification characterization		
ENCFF137FMN	bed narrowPeak	bed	narrowPeak	optimal IDR thresholded peaks	GRCh38	ENCSR194KWL	TF ChIP-seq	/human-donors/ENCDO000ABF/	EFO:0001182	HEK293	cell line	Homo sapiens				site-specific recombination	insertion	{'schema_version': '14', 'aliases': [], 'organism': {'schema_version': '6', '@type': ['Organism', 'Item'], 'name': 'human', 'taxon_id': '9606', 'scientific_name': 'Homo sapiens', '@id': '/organisms/human/', 'uuid': '7745b647-ff15-4ff3-9ced-b897d4e2983c', 'status': 'released'}, 'genes': ['/genes/619279/'], '@type': ['Target', 'Item'], 'name': 'ZNF704-human', 'label': 'ZNF704', '@id': '/targets/ZNF704-human/', 'title': 'ZNF704 (Homo sapiens)', 'investigated_as': ['transcription factor'], 'uuid': '85b5c00c-e7c1-4793-a2c8-fd5069f4cbe0', 'status': 'released'}				ZNF704-human	DNA				formaldehyde		2016-12-19	ENCODE			450-650	1, 2	1_1, 2_1							/files/ENCFF792ICS/, /files/ENCFF419RSJ/, /files/ENCFF951EKP/, /files/ENCFF561BVN/	38383	ENCODE Processing Pipeline	fd8558b0026cce67445c717671c993b8		https://www.encodeproject.org/files/ENCFF137FMN/@@download/ENCFF137FMN.bed.gz				released	s3://encode-public/2016/12/16/be41bac6-eb43-48f5-bbc3-49518e317497/ENCFF137FMN.bed.gz	https://datasetencode.blob.core.windows.net/dataset/2016/12/16/be41bac6-eb43-48f5-bbc3-49518e317497/ENCFF137FMN.bed.gz?sv=2019-10-10&si=prod&sr=c&sig=9qSQZo4ggrCNpybBExU8SypuUZV33igI11xw0P7rB3c%3D	ENCODE3 GRCh38	archived	missing biosample characterization, missing genetic modification characterization		
ENCFF106WXX	bed narrowPeak	bed	narrowPeak	optimal IDR thresholded peaks	GRCh38	ENCSR538RDA	TF ChIP-seq	/human-donors/ENCDO000ABF/	EFO:0001182	HEK293	cell line	Homo sapiens				site-specific recombination	insertion	{'schema_version': '14', 'aliases': ['michael-snyder:TS-821'], 'organism': {'schema_version': '6', '@type': ['Organism', 'Item'], 'name': 'human', 'taxon_id': '9606', 'scientific_name': 'Homo sapiens', '@id': '/organisms/human/', 'uuid': '7745b647-ff15-4ff3-9ced-b897d4e2983c', 'status': 'released'}, 'genes': ['/genes/147741/'], '@type': ['Target', 'Item'], 'name': 'ZNF560-human', 'label': 'ZNF560', '@id': '/targets/ZNF560-human/', 'title': 'ZNF560 (Homo sapiens)', 'investigated_as': ['transcription factor'], 'uuid': '4dc765a7-2af4-41a1-8ceb-5feedd2f65f2', 'status': 'released'}				ZNF560-human	DNA				formaldehyde		2017-03-16	ENCODE			450-650	2, 3	2_1, 3_1							/files/ENCFF667MMW/, /files/ENCFF419RSJ/, /files/ENCFF857BZM/, /files/ENCFF857GCN/	66634	ENCODE Processing Pipeline	c794534066a4532e788350f450112906		https://www.encodeproject.org/files/ENCFF106WXX/@@download/ENCFF106WXX.bed.gz				released	s3://encode-public/2017/03/14/b3df10bd-f867-4a33-b0f2-30e1aa963903/ENCFF106WXX.bed.gz	https://datasetencode.blob.core.windows.net/dataset/2017/03/14/b3df10bd-f867-4a33-b0f2-30e1aa963903/ENCFF106WXX.bed.gz?sv=2019-10-10&si=prod&sr=c&sig=9qSQZo4ggrCNpybBExU8SypuUZV33igI11xw0P7rB3c%3D	ENCODE3 GRCh38	archived	missing biosample characterization, missing genetic modification characterization, borderline replicate concordance		
ENCFF665NYZ	bed narrowPeak	bed	narrowPeak	optimal IDR thresholded peaks	GRCh38	ENCSR028EGI	TF ChIP-seq	/human-donors/ENCDO000ABF/	EFO:0001182	HEK293	cell line	Homo sapiens				site-specific recombination	insertion	{'schema_version': '14', 'aliases': ['michael-snyder:TS-1617'], 'organism': {'schema_version': '6', '@type': ['Organism', 'Item'], 'name': 'human', 'taxon_id': '9606', 'scientific_name': 'Homo sapiens', '@id': '/organisms/human/', 'uuid': '7745b647-ff15-4ff3-9ced-b897d4e2983c', 'status': 'released'}, 'genes': ['/genes/7574/'], '@type': ['Target', 'Item'], 'name': 'ZNF26-human', 'label': 'ZNF26', '@id': '/targets/ZNF26-human/', 'title': 'ZNF26 (Homo sapiens)', 'investigated_as': ['transcription factor'], 'uuid': 'dd087f2a-b344-4e5a-a84e-bb7fd43f390f', 'status': 'released'}				ZNF26-human	DNA				formaldehyde		2016-12-19	ENCODE			450-650	1, 2	1_1, 2_1							/files/ENCFF779OVV/, /files/ENCFF419RSJ/, /files/ENCFF370BIM/, /files/ENCFF299NMK/	51757	ENCODE Processing Pipeline	18d1bcf70751ac31e28e0706c211e5bc		https://www.encodeproject.org/files/ENCFF665NYZ/@@download/ENCFF665NYZ.bed.gz				released	s3://encode-public/2016/12/16/006dfd6f-03ec-4bfd-9a9a-c6543555bdba/ENCFF665NYZ.bed.gz	https://datasetencode.blob.core.windows.net/dataset/2016/12/16/006dfd6f-03ec-4bfd-9a9a-c6543555bdba/ENCFF665NYZ.bed.gz?sv=2019-10-10&si=prod&sr=c&sig=9qSQZo4ggrCNpybBExU8SypuUZV33igI11xw0P7rB3c%3D	ENCODE3 GRCh38	archived	missing biosample characterization, missing genetic modification characterization		
ENCFF978XMG	bed narrowPeak	bed	narrowPeak	optimal IDR thresholded peaks	GRCh38	ENCSR093HXE	TF ChIP-seq	/human-donors/ENCDO000ABF/	EFO:0001182	HEK293	cell line	Homo sapiens				site-specific recombination	insertion	{'schema_version': '14', 'aliases': ['michael-snyder:TS-1625'], 'organism': {'schema_version': '6', '@type': ['Organism', 'Item'], 'name': 'human', 'taxon_id': '9606', 'scientific_name': 'Homo sapiens', '@id': '/organisms/human/', 'uuid': '7745b647-ff15-4ff3-9ced-b897d4e2983c', 'status': 'released'}, 'genes': ['/genes/7564/'], '@type': ['Target', 'Item'], 'name': 'ZNF16-human', 'label': 'ZNF16', '@id': '/targets/ZNF16-human/', 'title': 'ZNF16 (Homo sapiens)', 'investigated_as': ['transcription factor'], 'uuid': 'bf7a20c3-e2ee-44dc-8272-e2b6efb741ac', 'status': 'released'}				ZNF16-human	DNA				formaldehyde		2016-10-07	ENCODE			450-650	1, 2	1_1, 2_1							/files/ENCFF419RSJ/, /files/ENCFF778WTZ/, /files/ENCFF551TFE/, /files/ENCFF275GRG/	54989	ENCODE Processing Pipeline	c41156bcd735ea11328b6b8ed6455d87		https://www.encodeproject.org/files/ENCFF978XMG/@@download/ENCFF978XMG.bed.gz				released	s3://encode-public/2016/11/01/ea32067e-6d35-48da-b508-b2776dc5d16a/ENCFF978XMG.bed.gz	https://datasetencode.blob.core.windows.net/dataset/2016/11/01/ea32067e-6d35-48da-b508-b2776dc5d16a/ENCFF978XMG.bed.gz?sv=2019-10-10&si=prod&sr=c&sig=9qSQZo4ggrCNpybBExU8SypuUZV33igI11xw0P7rB3c%3D	ENCODE3 GRCh38	archived	low read depth, missing biosample characterization, missing genetic modification characterization		
ENCFF216ALU	bed narrowPeak	bed	narrowPeak	optimal IDR thresholded peaks	GRCh38	ENCSR984MDV	TF ChIP-seq	/human-donors/ENCDO000ABF/	EFO:0001182	HEK293	cell line	Homo sapiens				site-specific recombination	insertion	{'dbxrefs': ['FactorBook:ZNF24'], 'aliases': [], 'organism': {'schema_version': '6', '@type': ['Organism', 'Item'], 'name': 'human', 'taxon_id': '9606', 'scientific_name': 'Homo sapiens', '@id': '/organisms/human/', 'uuid': '7745b647-ff15-4ff3-9ced-b897d4e2983c', 'status': 'released'}, 'genes': ['/genes/7572/'], '@type': ['Target', 'Item'], 'label': 'ZNF24', 'title': 'ZNF24 (Homo sapiens)', 'investigated_as': ['transcription factor'], 'uuid': 'ac3945ca-19a4-42de-905f-8edb2a0e43c0', 'schema_version': '14', 'name': 'ZNF24-human', '@id': '/targets/ZNF24-human/', 'status': 'released'}				ZNF24-human	DNA				formaldehyde		2016-10-07	ENCODE			450-650	1, 2	1_1, 2_1							/files/ENCFF419RSJ/, /files/ENCFF750IMH/, /files/ENCFF188UVM/, /files/ENCFF389EVL/	400863	ENCODE Processing Pipeline	798cde0b745a3861018dd240d6ca172c		https://www.encodeproject.org/files/ENCFF216ALU/@@download/ENCFF216ALU.bed.gz				released	s3://encode-public/2016/11/01/34263bc2-5dfb-45fa-a297-926a29b28239/ENCFF216ALU.bed.gz	https://datasetencode.blob.core.windows.net/dataset/2016/11/01/34263bc2-5dfb-45fa-a297-926a29b28239/ENCFF216ALU.bed.gz?sv=2019-10-10&si=prod&sr=c&sig=9qSQZo4ggrCNpybBExU8SypuUZV33igI11xw0P7rB3c%3D	ENCODE3 GRCh38	archived	missing biosample characterization, missing genetic modification characterization		
ENCFF293RRZ	bed narrowPeak	bed	narrowPeak	optimal IDR thresholded peaks	GRCh38	ENCSR768LIO	TF ChIP-seq	/human-donors/ENCDO000ABF/	EFO:0001182	HEK293	cell line	Homo sapiens				site-specific recombination	insertion	{'schema_version': '14', 'aliases': [], 'organism': {'schema_version': '6', '@type': ['Organism', 'Item'], 'name': 'human', 'taxon_id': '9606', 'scientific_name': 'Homo sapiens', '@id': '/organisms/human/', 'uuid': '7745b647-ff15-4ff3-9ced-b897d4e2983c', 'status': 'released'}, 'genes': ['/genes/728361/'], '@type': ['Target', 'Item'], 'name': 'OVOL3-human', 'label': 'OVOL3', '@id': '/targets/OVOL3-human/', 'title': 'OVOL3 (Homo sapiens)', 'investigated_as': ['transcription factor'], 'uuid': '48011975-048d-4819-bf89-be1071f28b49', 'status': 'released'}				OVOL3-human	DNA				formaldehyde		2016-10-07	ENCODE			450-650	1, 2	1_1, 2_1							/files/ENCFF419RSJ/, /files/ENCFF021SKX/, /files/ENCFF201LOR/, /files/ENCFF008JUY/	179593	ENCODE Processing Pipeline	3d372e648cf211b70348f5f3d56cfba1		https://www.encodeproject.org/files/ENCFF293RRZ/@@download/ENCFF293RRZ.bed.gz				released	s3://encode-public/2016/11/01/c20bb555-4d2e-411a-aade-1f5fed6c0f8d/ENCFF293RRZ.bed.gz	https://datasetencode.blob.core.windows.net/dataset/2016/11/01/c20bb555-4d2e-411a-aade-1f5fed6c0f8d/ENCFF293RRZ.bed.gz?sv=2019-10-10&si=prod&sr=c&sig=9qSQZo4ggrCNpybBExU8SypuUZV33igI11xw0P7rB3c%3D	ENCODE3 GRCh38	archived	missing biosample characterization, missing genetic modification characterization		
ENCFF869NMB	bed narrowPeak	bed	narrowPeak	optimal IDR thresholded peaks	GRCh38	ENCSR233MWH	TF ChIP-seq	/human-donors/ENCDO000ABF/	EFO:0001182	HEK293	cell line	Homo sapiens				site-specific recombination	insertion	{'schema_version': '14', 'aliases': [], 'organism': {'schema_version': '6', '@type': ['Organism', 'Item'], 'name': 'human', 'taxon_id': '9606', 'scientific_name': 'Homo sapiens', '@id': '/organisms/human/', 'uuid': '7745b647-ff15-4ff3-9ced-b897d4e2983c', 'status': 'released'}, 'genes': ['/genes/93474/'], '@type': ['Target', 'Item'], 'name': 'ZNF670-human', 'label': 'ZNF670', '@id': '/targets/ZNF670-human/', 'title': 'ZNF670 (Homo sapiens)', 'investigated_as': ['transcription factor'], 'uuid': 'd7f03da4-f4b3-4502-8583-6ce19291ba2b', 'status': 'released'}				ZNF670-human	DNA				formaldehyde		2016-12-19	ENCODE			450-650	2, 3	2_1, 3_1							/files/ENCFF113NNQ/, /files/ENCFF404AUY/, /files/ENCFF381LCF/, /files/ENCFF419RSJ/	27203	ENCODE Processing Pipeline	814adf2da2e86351399bc02c1f94f217		https://www.encodeproject.org/files/ENCFF869NMB/@@download/ENCFF869NMB.bed.gz				released	s3://encode-public/2016/12/16/30b38459-23be-4407-80f0-bc13db016dac/ENCFF869NMB.bed.gz	https://datasetencode.blob.core.windows.net/dataset/2016/12/16/30b38459-23be-4407-80f0-bc13db016dac/ENCFF869NMB.bed.gz?sv=2019-10-10&si=prod&sr=c&sig=9qSQZo4ggrCNpybBExU8SypuUZV33igI11xw0P7rB3c%3D	ENCODE3 GRCh38	archived	low read depth, missing biosample characterization, missing genetic modification characterization		
ENCFF982VOB	bed narrowPeak	bed	narrowPeak	optimal IDR thresholded peaks	GRCh38	ENCSR338SEM	TF ChIP-seq	/human-donors/ENCDO000ABF/	EFO:0001182	HEK293	cell line	Homo sapiens				site-specific recombination	insertion	{'schema_version': '14', 'aliases': ['michael-snyder:TS-1164'], 'organism': {'schema_version': '6', '@type': ['Organism', 'Item'], 'name': 'human', 'taxon_id': '9606', 'scientific_name': 'Homo sapiens', '@id': '/organisms/human/', 'uuid': '7745b647-ff15-4ff3-9ced-b897d4e2983c', 'status': 'released'}, 'genes': ['/genes/57209/'], '@type': ['Target', 'Item'], 'name': 'ZNF248-human', 'label': 'ZNF248', '@id': '/targets/ZNF248-human/', 'title': 'ZNF248 (Homo sapiens)', 'investigated_as': ['transcription factor'], 'uuid': '438b37a4-55ab-45d9-8597-db8d20401c82', 'status': 'released'}				ZNF248-human	DNA				formaldehyde		2017-04-06	ENCODE			450-650	1, 2	1_1, 2_1							/files/ENCFF808DHS/, /files/ENCFF929CJA/, /files/ENCFF419RSJ/, /files/ENCFF044BAW/	50641	ENCODE Processing Pipeline	3cc343b9a3547b08289188bd67fc942e		https://www.encodeproject.org/files/ENCFF982VOB/@@download/ENCFF982VOB.bed.gz				released	s3://encode-public/2017/02/15/f597f5b1-5055-4287-9bcf-960eadf8cf8b/ENCFF982VOB.bed.gz	https://datasetencode.blob.core.windows.net/dataset/2017/02/15/f597f5b1-5055-4287-9bcf-960eadf8cf8b/ENCFF982VOB.bed.gz?sv=2019-10-10&si=prod&sr=c&sig=9qSQZo4ggrCNpybBExU8SypuUZV33igI11xw0P7rB3c%3D	ENCODE3 GRCh38	archived	missing biosample characterization, missing genetic modification characterization		
ENCFF806WJB	bed narrowPeak	bed	narrowPeak	optimal IDR thresholded peaks	GRCh38	ENCSR754SOI	TF ChIP-seq	/human-donors/ENCDO000ABF/	EFO:0001182	HEK293	cell line	Homo sapiens				site-specific recombination	insertion	{'schema_version': '14', 'aliases': ['michael-snyder:TS-1141'], 'organism': {'schema_version': '6', '@type': ['Organism', 'Item'], 'name': 'human', 'taxon_id': '9606', 'scientific_name': 'Homo sapiens', '@id': '/organisms/human/', 'uuid': '7745b647-ff15-4ff3-9ced-b897d4e2983c', 'status': 'released'}, 'genes': ['/genes/57711/'], '@type': ['Target', 'Item'], 'name': 'ZNF529-human', 'label': 'ZNF529', '@id': '/targets/ZNF529-human/', 'title': 'ZNF529 (Homo sapiens)', 'investigated_as': ['transcription factor'], 'uuid': '0c7dccad-a74e-4ea1-8f37-2548e29d5087', 'status': 'released'}				ZNF529-human	DNA				formaldehyde		2017-11-28	ENCODE			450-650	1, 2	1_1, 2_1							/files/ENCFF871ULY/, /files/ENCFF419RSJ/, /files/ENCFF089VIP/, /files/ENCFF041VJQ/	86631	ENCODE Processing Pipeline	19dbf1c68d9229ab08015f040ed62dca		https://www.encodeproject.org/files/ENCFF806WJB/@@download/ENCFF806WJB.bed.gz				released	s3://encode-public/2017/11/27/a7f26c95-efe1-44e7-91ff-98af4cd794ae/ENCFF806WJB.bed.gz	https://datasetencode.blob.core.windows.net/dataset/2017/11/27/a7f26c95-efe1-44e7-91ff-98af4cd794ae/ENCFF806WJB.bed.gz?sv=2019-10-10&si=prod&sr=c&sig=9qSQZo4ggrCNpybBExU8SypuUZV33igI11xw0P7rB3c%3D	ENCODE3 GRCh38	archived	missing biosample characterization, missing genetic modification characterization	insufficient replicate concordance	
ENCFF285QVL	bed narrowPeak	bed	narrowPeak	optimal IDR thresholded peaks	GRCh38	ENCSR617IFZ	TF ChIP-seq	/human-donors/ENCDO000ABF/	EFO:0001182	HEK293	cell line	Homo sapiens				site-specific recombination	insertion	{'dbxrefs': ['FactorBook:CTCF'], 'aliases': [], 'organism': {'schema_version': '6', '@type': ['Organism', 'Item'], 'name': 'human', 'taxon_id': '9606', 'scientific_name': 'Homo sapiens', '@id': '/organisms/human/', 'uuid': '7745b647-ff15-4ff3-9ced-b897d4e2983c', 'status': 'released'}, 'genes': ['/genes/10664/'], '@type': ['Target', 'Item'], 'label': 'CTCF', 'title': 'CTCF (Homo sapiens)', 'investigated_as': ['transcription factor'], 'uuid': '80f4c52e-c7bc-4afc-b159-89cb10367780', 'schema_version': '14', 'name': 'CTCF-human', '@id': '/targets/CTCF-human/', 'status': 'released'}				CTCF-human	DNA				formaldehyde		2016-10-07	ENCODE			450-650	1, 2	1_1, 2_1							/files/ENCFF647ELH/, /files/ENCFF684NDR/, /files/ENCFF419RSJ/, /files/ENCFF151CRB/	685989	ENCODE Processing Pipeline	23a90291cf5de070ed0fbb4b0af32768		https://www.encodeproject.org/files/ENCFF285QVL/@@download/ENCFF285QVL.bed.gz				released	s3://encode-public/2016/11/01/9d9678e4-0240-4501-b0e0-396df7b6758c/ENCFF285QVL.bed.gz	https://datasetencode.blob.core.windows.net/dataset/2016/11/01/9d9678e4-0240-4501-b0e0-396df7b6758c/ENCFF285QVL.bed.gz?sv=2019-10-10&si=prod&sr=c&sig=9qSQZo4ggrCNpybBExU8SypuUZV33igI11xw0P7rB3c%3D	ENCODE3 GRCh38	archived	missing biosample characterization, missing genetic modification characterization		
ENCFF815ZYA	bed narrowPeak	bed	narrowPeak	optimal IDR thresholded peaks	GRCh38	ENCSR211GNP	TF ChIP-seq	/human-donors/ENCDO000ABF/	EFO:0001182	HEK293	cell line	Homo sapiens				site-specific recombination	insertion	{'schema_version': '14', 'aliases': ['michael-snyder:TS-719'], 'organism': {'schema_version': '6', '@type': ['Organism', 'Item'], 'name': 'human', 'taxon_id': '9606', 'scientific_name': 'Homo sapiens', '@id': '/organisms/human/', 'uuid': '7745b647-ff15-4ff3-9ced-b897d4e2983c', 'status': 'released'}, 'genes': ['/genes/201516/'], '@type': ['Target', 'Item'], 'name': 'ZSCAN4-human', 'label': 'ZSCAN4', '@id': '/targets/ZSCAN4-human/', 'title': 'ZSCAN4 (Homo sapiens)', 'investigated_as': ['transcription factor'], 'uuid': '917b3d79-a1ca-4ad2-9a67-9db73d5ddb0f', 'status': 'released'}				ZSCAN4-human	DNA				formaldehyde		2017-02-21	ENCODE			450-650	1, 2	1_1, 2_1							/files/ENCFF419RSJ/, /files/ENCFF040TAF/, /files/ENCFF921YBI/, /files/ENCFF515CZK/	480708	ENCODE Processing Pipeline	240ac9efe58960ce8869d9987788ecf8		https://www.encodeproject.org/files/ENCFF815ZYA/@@download/ENCFF815ZYA.bed.gz				released	s3://encode-public/2017/02/15/b2d241ec-4aa1-4020-90fb-98915407b1a0/ENCFF815ZYA.bed.gz	https://datasetencode.blob.core.windows.net/dataset/2017/02/15/b2d241ec-4aa1-4020-90fb-98915407b1a0/ENCFF815ZYA.bed.gz?sv=2019-10-10&si=prod&sr=c&sig=9qSQZo4ggrCNpybBExU8SypuUZV33igI11xw0P7rB3c%3D	ENCODE3 GRCh38	archived	missing biosample characterization, missing genetic modification characterization		
ENCFF929SUL	bed narrowPeak	bed	narrowPeak	optimal IDR thresholded peaks	GRCh38	ENCSR382GSF	TF ChIP-seq	/human-donors/ENCDO000ABF/	EFO:0001182	HEK293	cell line	Homo sapiens				site-specific recombination	insertion	{'schema_version': '14', 'aliases': ['michael-snyder:TS-970'], 'organism': {'schema_version': '6', '@type': ['Organism', 'Item'], 'name': 'human', 'taxon_id': '9606', 'scientific_name': 'Homo sapiens', '@id': '/organisms/human/', 'uuid': '7745b647-ff15-4ff3-9ced-b897d4e2983c', 'status': 'released'}, 'genes': ['/genes/84684/'], '@type': ['Target', 'Item'], 'name': 'INSM2-human', 'label': 'INSM2', '@id': '/targets/INSM2-human/', 'title': 'INSM2 (Homo sapiens)', 'investigated_as': ['transcription factor'], 'uuid': '411dfaba-45e1-40ee-abab-ff1fa3f9c2fa', 'status': 'released'}				INSM2-human	DNA				formaldehyde		2016-10-07	ENCODE			450-650	1, 2	1_1, 2_1							/files/ENCFF278QHV/, /files/ENCFF241XAF/, /files/ENCFF929MZB/, /files/ENCFF419RSJ/	324454	ENCODE Processing Pipeline	deaa886d4a65305cb112c7682cfec705		https://www.encodeproject.org/files/ENCFF929SUL/@@download/ENCFF929SUL.bed.gz				released	s3://encode-public/2016/10/28/30dfb56b-23b1-445a-a755-121c364c1920/ENCFF929SUL.bed.gz	https://datasetencode.blob.core.windows.net/dataset/2016/10/28/30dfb56b-23b1-445a-a755-121c364c1920/ENCFF929SUL.bed.gz?sv=2019-10-10&si=prod&sr=c&sig=9qSQZo4ggrCNpybBExU8SypuUZV33igI11xw0P7rB3c%3D	ENCODE3 GRCh38	archived	missing biosample characterization, missing genetic modification characterization		
ENCFF860DSJ	bed narrowPeak	bed	narrowPeak	optimal IDR thresholded peaks	GRCh38	ENCSR770PQN	TF ChIP-seq	/human-donors/ENCDO000ABF/	EFO:0001182	HEK293	cell line	Homo sapiens				site-specific recombination	insertion	{'schema_version': '14', 'aliases': ['michael-snyder:TS-1082'], 'organism': {'schema_version': '6', '@type': ['Organism', 'Item'], 'name': 'human', 'taxon_id': '9606', 'scientific_name': 'Homo sapiens', '@id': '/organisms/human/', 'uuid': '7745b647-ff15-4ff3-9ced-b897d4e2983c', 'status': 'released'}, 'genes': ['/genes/64919/'], '@type': ['Target', 'Item'], 'name': 'BCL11B-human', 'label': 'BCL11B', '@id': '/targets/BCL11B-human/', 'title': 'BCL11B (Homo sapiens)', 'investigated_as': ['transcription factor'], 'uuid': 'f4e58cce-4fc3-417b-bae7-fe706be92e6e', 'status': 'released'}				BCL11B-human	DNA				formaldehyde		2016-10-07	ENCODE			450-650	1, 2	1_1, 2_1							/files/ENCFF469JWA/, /files/ENCFF067PYQ/, /files/ENCFF858EZZ/, /files/ENCFF419RSJ/	234620	ENCODE Processing Pipeline	db70d519c86e4f7b82cc239a7abb5162		https://www.encodeproject.org/files/ENCFF860DSJ/@@download/ENCFF860DSJ.bed.gz				released	s3://encode-public/2016/11/01/cbf11c02-90ee-4953-b375-047e4ba2d44c/ENCFF860DSJ.bed.gz	https://datasetencode.blob.core.windows.net/dataset/2016/11/01/cbf11c02-90ee-4953-b375-047e4ba2d44c/ENCFF860DSJ.bed.gz?sv=2019-10-10&si=prod&sr=c&sig=9qSQZo4ggrCNpybBExU8SypuUZV33igI11xw0P7rB3c%3D	ENCODE3 GRCh38	archived	low read depth, missing biosample characterization, missing genetic modification characterization		
ENCFF572OEF	bed narrowPeak	bed	narrowPeak	optimal IDR thresholded peaks	GRCh38	ENCSR966PJJ	TF ChIP-seq	/human-donors/ENCDO000ABF/	EFO:0001182	HEK293	cell line	Homo sapiens				site-specific recombination	insertion	{'schema_version': '14', 'aliases': [], 'organism': {'schema_version': '6', '@type': ['Organism', 'Item'], 'name': 'human', 'taxon_id': '9606', 'scientific_name': 'Homo sapiens', '@id': '/organisms/human/', 'uuid': '7745b647-ff15-4ff3-9ced-b897d4e2983c', 'status': 'released'}, 'genes': ['/genes/7490/'], '@type': ['Target', 'Item'], 'name': 'WT1-human', 'label': 'WT1', '@id': '/targets/WT1-human/', 'title': 'WT1 (Homo sapiens)', 'investigated_as': ['transcription factor'], 'uuid': 'dcb61f6e-31a5-487a-b22d-1654286b2a3d', 'status': 'released'}				WT1-human	DNA				formaldehyde		2016-10-07	ENCODE			450-650	1, 2	1_1, 2_1							/files/ENCFF419RSJ/, /files/ENCFF396WNJ/, /files/ENCFF054QHQ/, /files/ENCFF386SWY/	517418	ENCODE Processing Pipeline	d2f2a1ca36446d83d5b8ce9a9d2a878c		https://www.encodeproject.org/files/ENCFF572OEF/@@download/ENCFF572OEF.bed.gz				released	s3://encode-public/2016/10/28/94e4aaff-45f2-4239-8d60-68930970d790/ENCFF572OEF.bed.gz	https://datasetencode.blob.core.windows.net/dataset/2016/10/28/94e4aaff-45f2-4239-8d60-68930970d790/ENCFF572OEF.bed.gz?sv=2019-10-10&si=prod&sr=c&sig=9qSQZo4ggrCNpybBExU8SypuUZV33igI11xw0P7rB3c%3D	ENCODE3 GRCh38	archived	missing biosample characterization, missing genetic modification characterization		
ENCFF261IAG	bed narrowPeak	bed	narrowPeak	optimal IDR thresholded peaks	GRCh38	ENCSR950ACO	TF ChIP-seq	/human-donors/ENCDO000ABF/	EFO:0001182	HEK293	cell line	Homo sapiens				site-specific recombination	insertion	{'schema_version': '14', 'aliases': [], 'organism': {'schema_version': '6', '@type': ['Organism', 'Item'], 'name': 'human', 'taxon_id': '9606', 'scientific_name': 'Homo sapiens', '@id': '/organisms/human/', 'uuid': '7745b647-ff15-4ff3-9ced-b897d4e2983c', 'status': 'released'}, 'genes': ['/genes/146540/'], '@type': ['Target', 'Item'], 'name': 'ZNF785-human', 'label': 'ZNF785', '@id': '/targets/ZNF785-human/', 'title': 'ZNF785 (Homo sapiens)', 'investigated_as': ['transcription factor'], 'uuid': 'c03b7401-cc3c-431f-a33a-cc10f979e3f5', 'status': 'released'}				ZNF785-human	DNA				formaldehyde		2016-12-19	ENCODE			450-650	1, 2	1_1, 2_1							/files/ENCFF143MMO/, /files/ENCFF419RSJ/, /files/ENCFF296BNP/, /files/ENCFF341UHD/	136539	ENCODE Processing Pipeline	dfde937519898d97eabb2ec9a57b1f6e		https://www.encodeproject.org/files/ENCFF261IAG/@@download/ENCFF261IAG.bed.gz				released	s3://encode-public/2016/12/16/b904af60-dd8f-4d24-8a92-712f050125db/ENCFF261IAG.bed.gz	https://datasetencode.blob.core.windows.net/dataset/2016/12/16/b904af60-dd8f-4d24-8a92-712f050125db/ENCFF261IAG.bed.gz?sv=2019-10-10&si=prod&sr=c&sig=9qSQZo4ggrCNpybBExU8SypuUZV33igI11xw0P7rB3c%3D	ENCODE3 GRCh38	archived	missing biosample characterization, missing genetic modification characterization		
ENCFF153JJQ	bed narrowPeak	bed	narrowPeak	optimal IDR thresholded peaks	GRCh38	ENCSR279KDC	TF ChIP-seq	/human-donors/ENCDO000ABF/	EFO:0001182	HEK293	cell line	Homo sapiens				site-specific recombination	insertion	{'schema_version': '14', 'aliases': ['michael-snyder:TS-623'], 'organism': {'schema_version': '6', '@type': ['Organism', 'Item'], 'name': 'human', 'taxon_id': '9606', 'scientific_name': 'Homo sapiens', '@id': '/organisms/human/', 'uuid': '7745b647-ff15-4ff3-9ced-b897d4e2983c', 'status': 'released'}, 'genes': ['/genes/342926/'], '@type': ['Target', 'Item'], 'name': 'ZNF677-human', 'label': 'ZNF677', '@id': '/targets/ZNF677-human/', 'title': 'ZNF677 (Homo sapiens)', 'investigated_as': ['transcription factor'], 'uuid': '7739d039-9e79-4792-97c8-05b984e5d675', 'status': 'released'}				ZNF677-human	DNA						2018-07-12	ENCODE			450-650	2, 3	2_1, 3_1							/files/ENCFF163ILF/, /files/ENCFF224WUN/, /files/ENCFF288BOB/, /files/ENCFF419RSJ/	109976	ENCODE Processing Pipeline	122b7ee92a0cec68b883208c37284517		https://www.encodeproject.org/files/ENCFF153JJQ/@@download/ENCFF153JJQ.bed.gz				released	s3://encode-public/2018/06/20/b11b1ba4-7d7b-46de-bc31-421e350e289a/ENCFF153JJQ.bed.gz	https://datasetencode.blob.core.windows.net/dataset/2018/06/20/b11b1ba4-7d7b-46de-bc31-421e350e289a/ENCFF153JJQ.bed.gz?sv=2019-10-10&si=prod&sr=c&sig=9qSQZo4ggrCNpybBExU8SypuUZV33igI11xw0P7rB3c%3D	ENCODE3 GRCh38	archived	mild to moderate bottlenecking, missing biosample characterization, moderate library complexity, missing genetic modification characterization		
ENCFF126IZP	bed narrowPeak	bed	narrowPeak	optimal IDR thresholded peaks	GRCh38	ENCSR604CNJ	TF ChIP-seq	/human-donors/ENCDO000ABF/	EFO:0001182	HEK293	cell line	Homo sapiens				site-specific recombination	insertion	{'schema_version': '14', 'aliases': ['michael-snyder:TS-1205'], 'organism': {'schema_version': '6', '@type': ['Organism', 'Item'], 'name': 'human', 'taxon_id': '9606', 'scientific_name': 'Homo sapiens', '@id': '/organisms/human/', 'uuid': '7745b647-ff15-4ff3-9ced-b897d4e2983c', 'status': 'released'}, 'genes': ['/genes/55659/'], '@type': ['Target', 'Item'], 'name': 'ZNF416-human', 'label': 'ZNF416', '@id': '/targets/ZNF416-human/', 'title': 'ZNF416 (Homo sapiens)', 'investigated_as': ['transcription factor'], 'uuid': '3d84b2b3-238e-499a-894b-318bcec908f0', 'status': 'released'}				ZNF416-human	DNA				formaldehyde		2016-12-19	ENCODE			450-650	1, 2	1_1, 2_1							/files/ENCFF233DOZ/, /files/ENCFF766HPR/, /files/ENCFF419RSJ/, /files/ENCFF564AIW/	31867	ENCODE Processing Pipeline	bc1ef98b13ff3b518dac30bb8783939e		https://www.encodeproject.org/files/ENCFF126IZP/@@download/ENCFF126IZP.bed.gz				released	s3://encode-public/2016/12/16/41f7642d-f902-4813-b45d-d1499ef0e93e/ENCFF126IZP.bed.gz	https://datasetencode.blob.core.windows.net/dataset/2016/12/16/41f7642d-f902-4813-b45d-d1499ef0e93e/ENCFF126IZP.bed.gz?sv=2019-10-10&si=prod&sr=c&sig=9qSQZo4ggrCNpybBExU8SypuUZV33igI11xw0P7rB3c%3D	ENCODE3 GRCh38	archived	missing biosample characterization, missing genetic modification characterization		
ENCFF903AMR	bed narrowPeak	bed	narrowPeak	optimal IDR thresholded peaks	GRCh38	ENCSR604VWJ	TF ChIP-seq	/human-donors/ENCDO000ABF/	EFO:0001182	HEK293	cell line	Homo sapiens				site-specific recombination	insertion	{'schema_version': '14', 'aliases': ['michael-snyder:TS-89'], 'organism': {'schema_version': '6', '@type': ['Organism', 'Item'], 'name': 'human', 'taxon_id': '9606', 'scientific_name': 'Homo sapiens', '@id': '/organisms/human/', 'uuid': '7745b647-ff15-4ff3-9ced-b897d4e2983c', 'status': 'released'}, 'genes': ['/genes/8609/'], '@type': ['Target', 'Item'], 'name': 'KLF7-human', 'label': 'KLF7', '@id': '/targets/KLF7-human/', 'title': 'KLF7 (Homo sapiens)', 'investigated_as': ['transcription factor'], 'uuid': 'a48b8f74-8c85-4d04-9b1d-531ac540fa5c', 'status': 'released'}				KLF7-human	DNA				formaldehyde		2016-10-07	ENCODE			450-650	1, 2	1_1, 2_1							/files/ENCFF419RSJ/, /files/ENCFF668XFB/, /files/ENCFF946UZA/, /files/ENCFF887MWT/	237187	ENCODE Processing Pipeline	f3439e4e437e4f2519a8b7652b939df4		https://www.encodeproject.org/files/ENCFF903AMR/@@download/ENCFF903AMR.bed.gz				released	s3://encode-public/2016/11/01/3a296001-3543-492d-a3b2-08de68ec5fb0/ENCFF903AMR.bed.gz	https://datasetencode.blob.core.windows.net/dataset/2016/11/01/3a296001-3543-492d-a3b2-08de68ec5fb0/ENCFF903AMR.bed.gz?sv=2019-10-10&si=prod&sr=c&sig=9qSQZo4ggrCNpybBExU8SypuUZV33igI11xw0P7rB3c%3D	ENCODE3 GRCh38	archived	missing biosample characterization, missing genetic modification characterization, borderline replicate concordance		
ENCFF661EXV	bed narrowPeak	bed	narrowPeak	optimal IDR thresholded peaks	GRCh38	ENCSR065WUF	TF ChIP-seq	/human-donors/ENCDO000ABF/	EFO:0001182	HEK293	cell line	Homo sapiens				site-specific recombination	insertion	{'schema_version': '14', 'aliases': ['michael-snyder:TS-857'], 'organism': {'schema_version': '6', '@type': ['Organism', 'Item'], 'name': 'human', 'taxon_id': '9606', 'scientific_name': 'Homo sapiens', '@id': '/organisms/human/', 'uuid': '7745b647-ff15-4ff3-9ced-b897d4e2983c', 'status': 'released'}, 'genes': ['/genes/128209/'], '@type': ['Target', 'Item'], 'name': 'KLF17-human', 'label': 'KLF17', '@id': '/targets/KLF17-human/', 'title': 'KLF17 (Homo sapiens)', 'investigated_as': ['transcription factor'], 'uuid': 'd7a7db05-e842-49a5-a2cb-3d5e5a24c182', 'status': 'released'}				KLF17-human	DNA				formaldehyde		2016-10-07	ENCODE			450-650	1, 2	1_1, 2_1							/files/ENCFF419RSJ/, /files/ENCFF323RRQ/, /files/ENCFF213ISW/, /files/ENCFF586ZIX/	521150	ENCODE Processing Pipeline	0656a0331c401b4978dafa5b33611e06		https://www.encodeproject.org/files/ENCFF661EXV/@@download/ENCFF661EXV.bed.gz				released	s3://encode-public/2016/11/01/963d104b-abb7-49bc-b905-cccbf95cee6c/ENCFF661EXV.bed.gz	https://datasetencode.blob.core.windows.net/dataset/2016/11/01/963d104b-abb7-49bc-b905-cccbf95cee6c/ENCFF661EXV.bed.gz?sv=2019-10-10&si=prod&sr=c&sig=9qSQZo4ggrCNpybBExU8SypuUZV33igI11xw0P7rB3c%3D	ENCODE3 GRCh38	archived	missing biosample characterization, missing genetic modification characterization		
ENCFF196RWC	bed narrowPeak	bed	narrowPeak	optimal IDR thresholded peaks	GRCh38	ENCSR892QHR	TF ChIP-seq	/human-donors/ENCDO000ABF/	EFO:0001182	HEK293	cell line	Homo sapiens				site-specific recombination	insertion	{'schema_version': '14', 'aliases': ['michael-snyder:TS-905'], 'organism': {'schema_version': '6', '@type': ['Organism', 'Item'], 'name': 'human', 'taxon_id': '9606', 'scientific_name': 'Homo sapiens', '@id': '/organisms/human/', 'uuid': '7745b647-ff15-4ff3-9ced-b897d4e2983c', 'status': 'released'}, 'genes': ['/genes/93166/'], '@type': ['Target', 'Item'], 'name': 'PRDM6-human', 'label': 'PRDM6', '@id': '/targets/PRDM6-human/', 'title': 'PRDM6 (Homo sapiens)', 'investigated_as': ['transcription factor'], 'uuid': '904c3d6c-08e3-481a-887d-eba7c84ed57f', 'status': 'released'}				PRDM6-human	DNA				formaldehyde		2017-04-06	ENCODE			450-650	1, 2	1_1, 2_1							/files/ENCFF737MLQ/, /files/ENCFF838ZYK/, /files/ENCFF419RSJ/, /files/ENCFF444WJL/	842398	ENCODE Processing Pipeline	dfac59f18505bd537348378723a309e1		https://www.encodeproject.org/files/ENCFF196RWC/@@download/ENCFF196RWC.bed.gz				released	s3://encode-public/2017/03/06/bcee5e53-cb03-42b9-9c49-d35b77f21f4d/ENCFF196RWC.bed.gz	https://datasetencode.blob.core.windows.net/dataset/2017/03/06/bcee5e53-cb03-42b9-9c49-d35b77f21f4d/ENCFF196RWC.bed.gz?sv=2019-10-10&si=prod&sr=c&sig=9qSQZo4ggrCNpybBExU8SypuUZV33igI11xw0P7rB3c%3D	ENCODE3 GRCh38	archived	missing biosample characterization, missing genetic modification characterization		
ENCFF680HBX	bed narrowPeak	bed	narrowPeak	optimal IDR thresholded peaks	GRCh38	ENCSR223TAV	TF ChIP-seq	/human-donors/ENCDO000ABF/	EFO:0001182	HEK293	cell line	Homo sapiens				site-specific recombination	insertion	{'dbxrefs': ['FactorBook:PRDM10'], 'aliases': ['michael-snyder:TS-1174'], 'organism': {'schema_version': '6', '@type': ['Organism', 'Item'], 'name': 'human', 'taxon_id': '9606', 'scientific_name': 'Homo sapiens', '@id': '/organisms/human/', 'uuid': '7745b647-ff15-4ff3-9ced-b897d4e2983c', 'status': 'released'}, 'genes': ['/genes/56980/'], '@type': ['Target', 'Item'], 'label': 'PRDM10', 'title': 'PRDM10 (Homo sapiens)', 'investigated_as': ['transcription factor'], 'uuid': '9020e75f-4b5e-4785-ac3e-5d493eaf59ab', 'schema_version': '14', 'name': 'PRDM10-human', '@id': '/targets/PRDM10-human/', 'status': 'released'}				PRDM10-human	DNA				formaldehyde		2016-10-07	ENCODE			450-650	1, 2	1_1, 2_1							/files/ENCFF419RSJ/, /files/ENCFF396ISL/, /files/ENCFF294THF/, /files/ENCFF806WVC/	1143274	ENCODE Processing Pipeline	8007686239ef005b51910f8f16901f6b		https://www.encodeproject.org/files/ENCFF680HBX/@@download/ENCFF680HBX.bed.gz				released	s3://encode-public/2016/11/01/f108ec55-4df7-4832-bf20-1274f13058b4/ENCFF680HBX.bed.gz	https://datasetencode.blob.core.windows.net/dataset/2016/11/01/f108ec55-4df7-4832-bf20-1274f13058b4/ENCFF680HBX.bed.gz?sv=2019-10-10&si=prod&sr=c&sig=9qSQZo4ggrCNpybBExU8SypuUZV33igI11xw0P7rB3c%3D	ENCODE3 GRCh38	archived	missing biosample characterization, missing genetic modification characterization		
ENCFF799OTE	bed narrowPeak	bed	narrowPeak	optimal IDR thresholded peaks	GRCh38	ENCSR864VJE	TF ChIP-seq	/human-donors/ENCDO000ABF/	EFO:0001182	HEK293	cell line	Homo sapiens				site-specific recombination	insertion	{'schema_version': '14', 'aliases': ['michael-snyder:TS-1033'], 'organism': {'schema_version': '6', '@type': ['Organism', 'Item'], 'name': 'human', 'taxon_id': '9606', 'scientific_name': 'Homo sapiens', '@id': '/organisms/human/', 'uuid': '7745b647-ff15-4ff3-9ced-b897d4e2983c', 'status': 'released'}, 'genes': ['/genes/80345/'], '@type': ['Target', 'Item'], 'name': 'ZSCAN16-human', 'label': 'ZSCAN16', '@id': '/targets/ZSCAN16-human/', 'title': 'ZSCAN16 (Homo sapiens)', 'investigated_as': ['transcription factor'], 'uuid': 'b085c044-1c5a-45ce-89a3-005604d6f64a', 'status': 'released'}				ZSCAN16-human	DNA				formaldehyde		2016-10-07	ENCODE			450-650	1, 2	1_1, 2_1							/files/ENCFF484SZF/, /files/ENCFF181NAM/, /files/ENCFF419RSJ/, /files/ENCFF688MNQ/	140126	ENCODE Processing Pipeline	9664e120a1fe30a1c325b04b94256414		https://www.encodeproject.org/files/ENCFF799OTE/@@download/ENCFF799OTE.bed.gz				released	s3://encode-public/2016/11/01/0fd67cb8-368a-4de8-a7a3-0ff4a8f42fc4/ENCFF799OTE.bed.gz	https://datasetencode.blob.core.windows.net/dataset/2016/11/01/0fd67cb8-368a-4de8-a7a3-0ff4a8f42fc4/ENCFF799OTE.bed.gz?sv=2019-10-10&si=prod&sr=c&sig=9qSQZo4ggrCNpybBExU8SypuUZV33igI11xw0P7rB3c%3D	ENCODE3 GRCh38	archived	missing biosample characterization, missing genetic modification characterization		
ENCFF732VAU	bed narrowPeak	bed	narrowPeak	optimal IDR thresholded peaks	GRCh38	ENCSR460MBI	TF ChIP-seq	/human-donors/ENCDO000ABF/	EFO:0001182	HEK293	cell line	Homo sapiens				site-specific recombination	insertion	{'schema_version': '14', 'aliases': ['michael-snyder:TS-1322'], 'organism': {'schema_version': '6', '@type': ['Organism', 'Item'], 'name': 'human', 'taxon_id': '9606', 'scientific_name': 'Homo sapiens', '@id': '/organisms/human/', 'uuid': '7745b647-ff15-4ff3-9ced-b897d4e2983c', 'status': 'released'}, 'genes': ['/genes/26137/'], '@type': ['Target', 'Item'], 'name': 'ZBTB20-human', 'label': 'ZBTB20', '@id': '/targets/ZBTB20-human/', 'title': 'ZBTB20 (Homo sapiens)', 'investigated_as': ['transcription factor'], 'uuid': '88b4c695-7a4c-4f33-9a73-bb2a17ee42e1', 'status': 'released'}				ZBTB20-human	DNA				formaldehyde		2016-12-19	ENCODE			450-650	1, 2	1_1, 2_1							/files/ENCFF004WIS/, /files/ENCFF374BOA/, /files/ENCFF087NLL/, /files/ENCFF419RSJ/	753264	ENCODE Processing Pipeline	e6f089ba9a15e4208bf3ba5a11b4cf8d		https://www.encodeproject.org/files/ENCFF732VAU/@@download/ENCFF732VAU.bed.gz				released	s3://encode-public/2016/12/16/a6c6592b-ed35-4e0f-9de3-84eac81c13b0/ENCFF732VAU.bed.gz	https://datasetencode.blob.core.windows.net/dataset/2016/12/16/a6c6592b-ed35-4e0f-9de3-84eac81c13b0/ENCFF732VAU.bed.gz?sv=2019-10-10&si=prod&sr=c&sig=9qSQZo4ggrCNpybBExU8SypuUZV33igI11xw0P7rB3c%3D	ENCODE3 GRCh38	archived	missing biosample characterization, missing genetic modification characterization		
ENCFF903OJL	bed narrowPeak	bed	narrowPeak	optimal IDR thresholded peaks	GRCh38	ENCSR559IOZ	TF ChIP-seq	/human-donors/ENCDO000ABF/	EFO:0001182	HEK293	cell line	Homo sapiens				site-specific recombination	insertion	{'schema_version': '14', 'aliases': ['michael-snyder:TS-788'], 'organism': {'schema_version': '6', '@type': ['Organism', 'Item'], 'name': 'human', 'taxon_id': '9606', 'scientific_name': 'Homo sapiens', '@id': '/organisms/human/', 'uuid': '7745b647-ff15-4ff3-9ced-b897d4e2983c', 'status': 'released'}, 'genes': ['/genes/158586/'], '@type': ['Target', 'Item'], 'name': 'ZXDB-human', 'label': 'ZXDB', '@id': '/targets/ZXDB-human/', 'title': 'ZXDB (Homo sapiens)', 'investigated_as': ['transcription factor'], 'uuid': '4d085050-8d3a-4b51-a95e-a8247078244e', 'status': 'released'}				ZXDB-human	DNA				formaldehyde		2016-10-07	ENCODE			450-650	1, 2	1_1, 2_1							/files/ENCFF312JXQ/, /files/ENCFF421FOJ/, /files/ENCFF419RSJ/, /files/ENCFF644DZY/	672063	ENCODE Processing Pipeline	053e6d0022236af02bbcd20436f0026b		https://www.encodeproject.org/files/ENCFF903OJL/@@download/ENCFF903OJL.bed.gz				released	s3://encode-public/2016/10/28/8441fcf9-9d2e-41cc-b459-3992b3790a8d/ENCFF903OJL.bed.gz	https://datasetencode.blob.core.windows.net/dataset/2016/10/28/8441fcf9-9d2e-41cc-b459-3992b3790a8d/ENCFF903OJL.bed.gz?sv=2019-10-10&si=prod&sr=c&sig=9qSQZo4ggrCNpybBExU8SypuUZV33igI11xw0P7rB3c%3D	ENCODE3 GRCh38	archived	missing biosample characterization, missing genetic modification characterization		
ENCFF473AGH	bed narrowPeak	bed	narrowPeak	optimal IDR thresholded peaks	GRCh38	ENCSR803GYT	TF ChIP-seq	/human-donors/ENCDO000ABF/	EFO:0001182	HEK293	cell line	Homo sapiens				site-specific recombination	insertion	{'schema_version': '14', 'aliases': [], 'organism': {'schema_version': '6', '@type': ['Organism', 'Item'], 'name': 'human', 'taxon_id': '9606', 'scientific_name': 'Homo sapiens', '@id': '/organisms/human/', 'uuid': '7745b647-ff15-4ff3-9ced-b897d4e2983c', 'status': 'released'}, 'genes': ['/genes/3090/'], '@type': ['Target', 'Item'], 'name': 'HIC1-human', 'label': 'HIC1', '@id': '/targets/HIC1-human/', 'title': 'HIC1 (Homo sapiens)', 'investigated_as': ['transcription factor'], 'uuid': '685cc5e9-b0e5-45f7-8491-d401eb10bdbf', 'status': 'released'}				HIC1-human	DNA				formaldehyde		2016-10-25	ENCODE			450-650	1, 2	1_1, 2_1							/files/ENCFF419RSJ/, /files/ENCFF444RWZ/, /files/ENCFF461RBN/, /files/ENCFF641SZL/	499924	ENCODE Processing Pipeline	7ccf76e7b830832f025918a7b9403cb5		https://www.encodeproject.org/files/ENCFF473AGH/@@download/ENCFF473AGH.bed.gz				released	s3://encode-public/2016/10/28/91a47fb4-8eaf-4526-b53d-860b4ae252ac/ENCFF473AGH.bed.gz	https://datasetencode.blob.core.windows.net/dataset/2016/10/28/91a47fb4-8eaf-4526-b53d-860b4ae252ac/ENCFF473AGH.bed.gz?sv=2019-10-10&si=prod&sr=c&sig=9qSQZo4ggrCNpybBExU8SypuUZV33igI11xw0P7rB3c%3D	ENCODE3 GRCh38	archived	missing biosample characterization, missing genetic modification characterization		
ENCFF576BGV	bed narrowPeak	bed	narrowPeak	optimal IDR thresholded peaks	GRCh38	ENCSR909TSW	TF ChIP-seq	/human-donors/ENCDO000ABF/	EFO:0001182	HEK293	cell line	Homo sapiens				site-specific recombination	insertion	{'schema_version': '14', 'aliases': ['michael-snyder:TS-675'], 'organism': {'schema_version': '6', '@type': ['Organism', 'Item'], 'name': 'human', 'taxon_id': '9606', 'scientific_name': 'Homo sapiens', '@id': '/organisms/human/', 'uuid': '7745b647-ff15-4ff3-9ced-b897d4e2983c', 'status': 'released'}, 'genes': ['/genes/284306/'], '@type': ['Target', 'Item'], 'name': 'ZNF547-human', 'label': 'ZNF547', '@id': '/targets/ZNF547-human/', 'title': 'ZNF547 (Homo sapiens)', 'investigated_as': ['transcription factor'], 'uuid': '5b883226-f300-4cde-916e-b2e7980297ea', 'status': 'released'}				ZNF547-human	DNA				formaldehyde		2016-10-07	ENCODE			450-650	1, 2	1_1, 2_1							/files/ENCFF209SYR/, /files/ENCFF233JHC/, /files/ENCFF274DYJ/, /files/ENCFF419RSJ/	95681	ENCODE Processing Pipeline	c0ab10aa6507ece39506a8ebee298a29		https://www.encodeproject.org/files/ENCFF576BGV/@@download/ENCFF576BGV.bed.gz				released	s3://encode-public/2016/11/01/04732089-0d40-4f12-bedd-9768af3ceb14/ENCFF576BGV.bed.gz	https://datasetencode.blob.core.windows.net/dataset/2016/11/01/04732089-0d40-4f12-bedd-9768af3ceb14/ENCFF576BGV.bed.gz?sv=2019-10-10&si=prod&sr=c&sig=9qSQZo4ggrCNpybBExU8SypuUZV33igI11xw0P7rB3c%3D	ENCODE3 GRCh38	archived	missing biosample characterization, missing genetic modification characterization		
ENCFF753PHO	bed narrowPeak	bed	narrowPeak	optimal IDR thresholded peaks	GRCh38	ENCSR006GAQ	TF ChIP-seq	/human-donors/ENCDO000ABF/	EFO:0001182	HEK293	cell line	Homo sapiens				site-specific recombination	insertion	{'schema_version': '14', 'aliases': [], 'organism': {'schema_version': '6', '@type': ['Organism', 'Item'], 'name': 'human', 'taxon_id': '9606', 'scientific_name': 'Homo sapiens', '@id': '/organisms/human/', 'uuid': '7745b647-ff15-4ff3-9ced-b897d4e2983c', 'status': 'released'}, 'genes': ['/genes/7071/'], '@type': ['Target', 'Item'], 'name': 'KLF10-human', 'label': 'KLF10', '@id': '/targets/KLF10-human/', 'title': 'KLF10 (Homo sapiens)', 'investigated_as': ['transcription factor'], 'uuid': '6ddeb374-009b-4630-bd41-4c7c5fb40f96', 'status': 'released'}				KLF10-human	DNA						2018-07-11	ENCODE			450-650	2, 3	2_1, 3_1							/files/ENCFF324ZFD/, /files/ENCFF419RSJ/, /files/ENCFF265QBK/, /files/ENCFF181SJC/	417872	ENCODE Processing Pipeline	89835a3543f7de54c92d9e5c3c073b2d		https://www.encodeproject.org/files/ENCFF753PHO/@@download/ENCFF753PHO.bed.gz				released	s3://encode-public/2018/04/18/b22f5f20-2005-4623-a93a-27d65cf59ff4/ENCFF753PHO.bed.gz	https://datasetencode.blob.core.windows.net/dataset/2018/04/18/b22f5f20-2005-4623-a93a-27d65cf59ff4/ENCFF753PHO.bed.gz?sv=2019-10-10&si=prod&sr=c&sig=9qSQZo4ggrCNpybBExU8SypuUZV33igI11xw0P7rB3c%3D	ENCODE3 GRCh38	archived	mild to moderate bottlenecking, missing biosample characterization, missing genetic modification characterization		
ENCFF509YKU	bed narrowPeak	bed	narrowPeak	optimal IDR thresholded peaks	GRCh38	ENCSR721QZV	TF ChIP-seq	/human-donors/ENCDO000ABF/	EFO:0001182	HEK293	cell line	Homo sapiens				site-specific recombination	insertion	{'schema_version': '14', 'aliases': ['michael-snyder:TS-1080'], 'organism': {'schema_version': '6', '@type': ['Organism', 'Item'], 'name': 'human', 'taxon_id': '9606', 'scientific_name': 'Homo sapiens', '@id': '/organisms/human/', 'uuid': '7745b647-ff15-4ff3-9ced-b897d4e2983c', 'status': 'released'}, 'genes': ['/genes/65982/'], '@type': ['Target', 'Item'], 'name': 'ZSCAN18-human', 'label': 'ZSCAN18', '@id': '/targets/ZSCAN18-human/', 'title': 'ZSCAN18 (Homo sapiens)', 'investigated_as': ['transcription factor'], 'uuid': '1fd054d2-2aff-4198-b4d2-2c2e8b37861b', 'status': 'released'}				ZSCAN18-human	DNA				formaldehyde		2016-12-19	ENCODE			450-650	1, 2	1_1, 2_1							/files/ENCFF419RSJ/, /files/ENCFF476GVZ/, /files/ENCFF731VOO/, /files/ENCFF437BDR/	84540	ENCODE Processing Pipeline	a6b96bd51b2f9d0fe383be0991a23890		https://www.encodeproject.org/files/ENCFF509YKU/@@download/ENCFF509YKU.bed.gz				released	s3://encode-public/2016/12/16/f942a4f5-5775-4a57-a7e3-575a070a5c4e/ENCFF509YKU.bed.gz	https://datasetencode.blob.core.windows.net/dataset/2016/12/16/f942a4f5-5775-4a57-a7e3-575a070a5c4e/ENCFF509YKU.bed.gz?sv=2019-10-10&si=prod&sr=c&sig=9qSQZo4ggrCNpybBExU8SypuUZV33igI11xw0P7rB3c%3D	ENCODE3 GRCh38	archived	missing biosample characterization, missing genetic modification characterization		
ENCFF894CGQ	bed narrowPeak	bed	narrowPeak	optimal IDR thresholded peaks	GRCh38	ENCSR762DQP	TF ChIP-seq	/human-donors/ENCDO000ABF/	EFO:0001182	HEK293	cell line	Homo sapiens				site-specific recombination	insertion	{'schema_version': '14', 'aliases': [], 'organism': {'schema_version': '6', '@type': ['Organism', 'Item'], 'name': 'human', 'taxon_id': '9606', 'scientific_name': 'Homo sapiens', '@id': '/organisms/human/', 'uuid': '7745b647-ff15-4ff3-9ced-b897d4e2983c', 'status': 'released'}, 'genes': ['/genes/26149/'], '@type': ['Target', 'Item'], 'name': 'ZNF658-human', 'label': 'ZNF658', '@id': '/targets/ZNF658-human/', 'title': 'ZNF658 (Homo sapiens)', 'investigated_as': ['transcription factor'], 'uuid': '53e1f74a-c18f-4069-8998-d6c8c884bf5e', 'status': 'released'}				ZNF658-human	DNA				formaldehyde		2016-12-19	ENCODE			450-650	1, 2	1_1, 2_1							/files/ENCFF975NOV/, /files/ENCFF914NST/, /files/ENCFF419RSJ/, /files/ENCFF927IWJ/	28757	ENCODE Processing Pipeline	02618302de06799f87afcf8d904cf7c5		https://www.encodeproject.org/files/ENCFF894CGQ/@@download/ENCFF894CGQ.bed.gz				released	s3://encode-public/2016/12/16/4c684de4-8588-4312-9d45-0fe0a84093d2/ENCFF894CGQ.bed.gz	https://datasetencode.blob.core.windows.net/dataset/2016/12/16/4c684de4-8588-4312-9d45-0fe0a84093d2/ENCFF894CGQ.bed.gz?sv=2019-10-10&si=prod&sr=c&sig=9qSQZo4ggrCNpybBExU8SypuUZV33igI11xw0P7rB3c%3D	ENCODE3 GRCh38	archived	missing biosample characterization, missing genetic modification characterization		
ENCFF576BRL	bed narrowPeak	bed	narrowPeak	optimal IDR thresholded peaks	GRCh38	ENCSR775HFF	TF ChIP-seq	/human-donors/ENCDO000ABF/	EFO:0001182	HEK293	cell line	Homo sapiens				site-specific recombination	insertion	{'schema_version': '14', 'aliases': [], 'organism': {'schema_version': '6', '@type': ['Organism', 'Item'], 'name': 'human', 'taxon_id': '9606', 'scientific_name': 'Homo sapiens', '@id': '/organisms/human/', 'uuid': '7745b647-ff15-4ff3-9ced-b897d4e2983c', 'status': 'released'}, 'genes': ['/genes/163049/'], '@type': ['Target', 'Item'], 'name': 'ZNF791-human', 'label': 'ZNF791', '@id': '/targets/ZNF791-human/', 'title': 'ZNF791 (Homo sapiens)', 'investigated_as': ['transcription factor'], 'uuid': '3d9f8d91-52ff-4391-835b-879e9bd9a254', 'status': 'released'}				ZNF791-human	DNA				formaldehyde		2016-12-19	ENCODE			450-650	1, 2	1_1, 2_1							/files/ENCFF092RDZ/, /files/ENCFF985PRE/, /files/ENCFF419RSJ/, /files/ENCFF708GMS/	77644	ENCODE Processing Pipeline	2bf27f9414425f3e751f17675b2762a9		https://www.encodeproject.org/files/ENCFF576BRL/@@download/ENCFF576BRL.bed.gz				released	s3://encode-public/2016/12/16/3d723088-f3a4-4f4a-b258-b45cf0783a94/ENCFF576BRL.bed.gz	https://datasetencode.blob.core.windows.net/dataset/2016/12/16/3d723088-f3a4-4f4a-b258-b45cf0783a94/ENCFF576BRL.bed.gz?sv=2019-10-10&si=prod&sr=c&sig=9qSQZo4ggrCNpybBExU8SypuUZV33igI11xw0P7rB3c%3D	ENCODE3 GRCh38	archived	missing biosample characterization, missing genetic modification characterization		
ENCFF996QGV	bed narrowPeak	bed	narrowPeak	optimal IDR thresholded peaks	GRCh38	ENCSR665KYH	TF ChIP-seq	/human-donors/ENCDO000ABF/	EFO:0001182	HEK293	cell line	Homo sapiens				site-specific recombination	insertion	{'schema_version': '14', 'aliases': [], 'organism': {'schema_version': '6', '@type': ['Organism', 'Item'], 'name': 'human', 'taxon_id': '9606', 'scientific_name': 'Homo sapiens', '@id': '/organisms/human/', 'uuid': '7745b647-ff15-4ff3-9ced-b897d4e2983c', 'status': 'released'}, 'genes': ['/genes/25925/'], '@type': ['Target', 'Item'], 'name': 'ZNF521-human', 'label': 'ZNF521', '@id': '/targets/ZNF521-human/', 'title': 'ZNF521 (Homo sapiens)', 'investigated_as': ['transcription factor'], 'uuid': 'f6da6484-3ffe-44ea-9a5e-afe0f978a95b', 'status': 'released'}				ZNF521-human	DNA				formaldehyde		2017-04-06	ENCODE			450-650	1, 2	1_1, 2_1							/files/ENCFF366SYY/, /files/ENCFF419RSJ/, /files/ENCFF744MKE/, /files/ENCFF930EWX/	33388	ENCODE Processing Pipeline	8b35964b2112e0a2264cc3133597e0a8		https://www.encodeproject.org/files/ENCFF996QGV/@@download/ENCFF996QGV.bed.gz				released	s3://encode-public/2017/02/16/a66a450d-943f-41c3-9265-a112f70ead49/ENCFF996QGV.bed.gz	https://datasetencode.blob.core.windows.net/dataset/2017/02/16/a66a450d-943f-41c3-9265-a112f70ead49/ENCFF996QGV.bed.gz?sv=2019-10-10&si=prod&sr=c&sig=9qSQZo4ggrCNpybBExU8SypuUZV33igI11xw0P7rB3c%3D	ENCODE3 GRCh38	archived	mild to moderate bottlenecking, missing biosample characterization, missing genetic modification characterization		
ENCFF332LIJ	bed narrowPeak	bed	narrowPeak	optimal IDR thresholded peaks	GRCh38	ENCSR017QBI	TF ChIP-seq	/human-donors/ENCDO000ABF/	EFO:0001182	HEK293	cell line	Homo sapiens				site-specific recombination	insertion	{'schema_version': '14', 'aliases': ['michael-snyder:TS-777'], 'organism': {'schema_version': '6', '@type': ['Organism', 'Item'], 'name': 'human', 'taxon_id': '9606', 'scientific_name': 'Homo sapiens', '@id': '/organisms/human/', 'uuid': '7745b647-ff15-4ff3-9ced-b897d4e2983c', 'status': 'released'}, 'genes': ['/genes/162966/'], '@type': ['Target', 'Item'], 'name': 'ZNF600-human', 'label': 'ZNF600', '@id': '/targets/ZNF600-human/', 'title': 'ZNF600 (Homo sapiens)', 'investigated_as': ['transcription factor'], 'uuid': 'a86d65d7-d0fc-42f2-95f7-fafc1fdff4d2', 'status': 'released'}				ZNF600-human	DNA				formaldehyde		2016-10-07	ENCODE			450-650	1, 2	1_1, 2_1							/files/ENCFF965HNP/, /files/ENCFF419RSJ/, /files/ENCFF951SVZ/, /files/ENCFF834GUN/	911079	ENCODE Processing Pipeline	7110092664ed9d048bb59490ae1a2355		https://www.encodeproject.org/files/ENCFF332LIJ/@@download/ENCFF332LIJ.bed.gz				released	s3://encode-public/2016/10/28/3c6739ec-3fec-4a7a-9ec8-3ef4addfdc95/ENCFF332LIJ.bed.gz	https://datasetencode.blob.core.windows.net/dataset/2016/10/28/3c6739ec-3fec-4a7a-9ec8-3ef4addfdc95/ENCFF332LIJ.bed.gz?sv=2019-10-10&si=prod&sr=c&sig=9qSQZo4ggrCNpybBExU8SypuUZV33igI11xw0P7rB3c%3D	ENCODE3 GRCh38	archived	missing biosample characterization, missing genetic modification characterization		
ENCFF175UAG	bed narrowPeak	bed	narrowPeak	optimal IDR thresholded peaks	GRCh38	ENCSR632SIM	TF ChIP-seq	/human-donors/ENCDO000ABF/	EFO:0001182	HEK293	cell line	Homo sapiens				site-specific recombination	insertion	{'schema_version': '14', 'aliases': ['michael-snyder:TS-956'], 'organism': {'schema_version': '6', '@type': ['Organism', 'Item'], 'name': 'human', 'taxon_id': '9606', 'scientific_name': 'Homo sapiens', '@id': '/organisms/human/', 'uuid': '7745b647-ff15-4ff3-9ced-b897d4e2983c', 'status': 'released'}, 'genes': ['/genes/85446/'], '@type': ['Target', 'Item'], 'name': 'ZFHX2-human', 'label': 'ZFHX2', '@id': '/targets/ZFHX2-human/', 'title': 'ZFHX2 (Homo sapiens)', 'investigated_as': ['transcription factor'], 'uuid': '3dfe2989-05c9-4215-9954-7e55778d7a86', 'status': 'released'}				ZFHX2-human	DNA				formaldehyde		2016-12-19	ENCODE			450-650	1, 2	1_1, 2_1							/files/ENCFF989EPZ/, /files/ENCFF419RSJ/, /files/ENCFF663WST/, /files/ENCFF795HTV/	1204993	ENCODE Processing Pipeline	abfcd75d01f1ff619d807ebc72eee41a		https://www.encodeproject.org/files/ENCFF175UAG/@@download/ENCFF175UAG.bed.gz				released	s3://encode-public/2016/12/16/5ed11490-e989-4ec7-a274-7ca7148be990/ENCFF175UAG.bed.gz	https://datasetencode.blob.core.windows.net/dataset/2016/12/16/5ed11490-e989-4ec7-a274-7ca7148be990/ENCFF175UAG.bed.gz?sv=2019-10-10&si=prod&sr=c&sig=9qSQZo4ggrCNpybBExU8SypuUZV33igI11xw0P7rB3c%3D	ENCODE3 GRCh38	archived	missing biosample characterization, missing genetic modification characterization		
ENCFF457HJS	bed narrowPeak	bed	narrowPeak	optimal IDR thresholded peaks	GRCh38	ENCSR445PDR	TF ChIP-seq	/human-donors/ENCDO000ABF/	EFO:0001182	HEK293	cell line	Homo sapiens				site-specific recombination	insertion	{'schema_version': '14', 'aliases': ['michael-snyder:TS-1525'], 'organism': {'schema_version': '6', '@type': ['Organism', 'Item'], 'name': 'human', 'taxon_id': '9606', 'scientific_name': 'Homo sapiens', '@id': '/organisms/human/', 'uuid': '7745b647-ff15-4ff3-9ced-b897d4e2983c', 'status': 'released'}, 'genes': ['/genes/8328/'], '@type': ['Target', 'Item'], 'name': 'GFI1B-human', 'label': 'GFI1B', '@id': '/targets/GFI1B-human/', 'title': 'GFI1B (Homo sapiens)', 'investigated_as': ['transcription factor'], 'uuid': '93dc8952-cb4d-4726-a3c8-fd92a27c6dba', 'status': 'released'}				GFI1B-human	DNA				formaldehyde		2016-10-07	ENCODE			450-650	1, 2	1_1, 2_1							/files/ENCFF419RSJ/, /files/ENCFF726VBP/, /files/ENCFF834MTU/, /files/ENCFF402QWB/	204144	ENCODE Processing Pipeline	d2fdf4e3b2993bd03ba05d4a1cd1da71		https://www.encodeproject.org/files/ENCFF457HJS/@@download/ENCFF457HJS.bed.gz				released	s3://encode-public/2016/11/01/8330a7c7-f477-4680-8034-3c4037335a75/ENCFF457HJS.bed.gz	https://datasetencode.blob.core.windows.net/dataset/2016/11/01/8330a7c7-f477-4680-8034-3c4037335a75/ENCFF457HJS.bed.gz?sv=2019-10-10&si=prod&sr=c&sig=9qSQZo4ggrCNpybBExU8SypuUZV33igI11xw0P7rB3c%3D	ENCODE3 GRCh38	archived	missing biosample characterization, missing genetic modification characterization		
ENCFF224LEB	bed narrowPeak	bed	narrowPeak	replicated peaks	GRCh38	ENCSR000FCK	Histone ChIP-seq	/human-donors/ENCDO000ABF/	EFO:0001182	HEK293	cell line	Homo sapiens										H3K36me3-human	DNA						2014-07-07	ENCODE		sonication (Bioruptor generic)	200-500	1, 2	1_1, 2_1							/files/ENCFF493CYY/, /files/ENCFF187GEW/, /files/ENCFF356LFX/, /files/ENCFF480MMN/	628471	ENCODE Processing Pipeline	5216794ef281c01631e21aceba8d3c87		https://www.encodeproject.org/files/ENCFF224LEB/@@download/ENCFF224LEB.bed.gz				released	s3://encode-public/2020/10/28/7bf1ce0e-f736-46a7-bae0-c8ae5f18ccca/ENCFF224LEB.bed.gz	https://datasetencode.blob.core.windows.net/dataset/2020/10/28/7bf1ce0e-f736-46a7-bae0-c8ae5f18ccca/ENCFF224LEB.bed.gz?sv=2019-10-10&si=prod&sr=c&sig=9qSQZo4ggrCNpybBExU8SypuUZV33igI11xw0P7rB3c%3D	ENCODE4 v1.5.1 GRCh38	released	low read length, inconsistent platforms	insufficient read depth, control insufficient read depth	
ENCFF046YRR	bed narrowPeak	bed	narrowPeak	replicated peaks	GRCh38	ENCSR000DTU	Histone ChIP-seq	/human-donors/ENCDO000ABF/	EFO:0001182	HEK293	cell line	Homo sapiens										H3K4me3-human	DNA						2011-02-11	ENCODE		see document		1, 2	1_1, 2_1							/files/ENCFF781HLM/, /files/ENCFF127YXW/, /files/ENCFF498ERO/	710346	ENCODE Processing Pipeline	b978f9f88a7056eb8ce16ad0cce9b221		https://www.encodeproject.org/files/ENCFF046YRR/@@download/ENCFF046YRR.bed.gz				released	s3://encode-public/2016/08/23/64522ed1-803d-47c6-81a0-5d07ac5ad227/ENCFF046YRR.bed.gz	https://datasetencode.blob.core.windows.net/dataset/2016/08/23/64522ed1-803d-47c6-81a0-5d07ac5ad227/ENCFF046YRR.bed.gz?sv=2019-10-10&si=prod&sr=c&sig=9qSQZo4ggrCNpybBExU8SypuUZV33igI11xw0P7rB3c%3D	ENCODE3 GRCh38	archived	low read length, control low read depth, low read depth, mild to moderate bottlenecking, moderate library complexity		
ENCFF297UMP	bed narrowPeak	bed	narrowPeak	replicated peaks	GRCh38	ENCSR000DTU	Histone ChIP-seq	/human-donors/ENCDO000ABF/	EFO:0001182	HEK293	cell line	Homo sapiens										H3K4me3-human	DNA						2011-02-11	ENCODE		see document		1, 2	1_1, 2_1							/files/ENCFF064SFP/, /files/ENCFF449FCR/, /files/ENCFF356LFX/, /files/ENCFF981XKN/	688235	ENCODE Processing Pipeline	bb8b23687519e33ec441194bc5db81dc		https://www.encodeproject.org/files/ENCFF297UMP/@@download/ENCFF297UMP.bed.gz				released	s3://encode-public/2020/09/29/2fea786d-9993-45c6-8a62-91b93f38b858/ENCFF297UMP.bed.gz	https://datasetencode.blob.core.windows.net/dataset/2020/09/29/2fea786d-9993-45c6-8a62-91b93f38b858/ENCFF297UMP.bed.gz?sv=2019-10-10&si=prod&sr=c&sig=9qSQZo4ggrCNpybBExU8SypuUZV33igI11xw0P7rB3c%3D	ENCODE4 v1.5.1 GRCh38	released	low read length, control low read depth, low read depth, mild to moderate bottlenecking, moderate library complexity		
ENCFF037SXA	bed narrowPeak	bed	narrowPeak	replicated peaks	GRCh38	ENCSR000FCJ	Histone ChIP-seq	/human-donors/ENCDO000ABF/	EFO:0001182	HEK293	cell line	Homo sapiens										H3K9me3-human	DNA						2014-07-07	ENCODE		sonication (Bioruptor generic)	200-500	1, 2	1_1, 2_1							/files/ENCFF581RTT/, /files/ENCFF342JBJ/, /files/ENCFF422AIH/	138961	ENCODE Processing Pipeline	b9fb582bbfcbe4f16eb4afaef64b64db		https://www.encodeproject.org/files/ENCFF037SXA/@@download/ENCFF037SXA.bed.gz				released	s3://encode-public/2017/01/27/88750610-4c98-49f0-b54e-4c01ef75f8bc/ENCFF037SXA.bed.gz	https://datasetencode.blob.core.windows.net/dataset/2017/01/27/88750610-4c98-49f0-b54e-4c01ef75f8bc/ENCFF037SXA.bed.gz?sv=2019-10-10&si=prod&sr=c&sig=9qSQZo4ggrCNpybBExU8SypuUZV33igI11xw0P7rB3c%3D	ENCODE3 GRCh38	archived	low read depth, low read length, inconsistent platforms	insufficient read depth, control insufficient read depth	
ENCFF762ELE	bed narrowPeak	bed	narrowPeak	replicated peaks	GRCh38	ENCSR000FCJ	Histone ChIP-seq	/human-donors/ENCDO000ABF/	EFO:0001182	HEK293	cell line	Homo sapiens										H3K9me3-human	DNA						2014-07-07	ENCODE		sonication (Bioruptor generic)	200-500	1, 2	1_1, 2_1							/files/ENCFF356LFX/, /files/ENCFF567FDM/, /files/ENCFF939GLV/, /files/ENCFF493CYY/	71022	ENCODE Processing Pipeline	8d30277483449f76e098f9c949d04545		https://www.encodeproject.org/files/ENCFF762ELE/@@download/ENCFF762ELE.bed.gz				released	s3://encode-public/2020/10/29/0e15f203-669c-477b-b267-f99ac711ca32/ENCFF762ELE.bed.gz	https://datasetencode.blob.core.windows.net/dataset/2020/10/29/0e15f203-669c-477b-b267-f99ac711ca32/ENCFF762ELE.bed.gz?sv=2019-10-10&si=prod&sr=c&sig=9qSQZo4ggrCNpybBExU8SypuUZV33igI11xw0P7rB3c%3D	ENCODE4 v1.5.1 GRCh38	released	low read depth, low read length, inconsistent platforms	insufficient read depth, control insufficient read depth	
ENCFF301UTR	bed narrowPeak	bed	narrowPeak	replicated peaks	GRCh38	ENCSR000FCG	Histone ChIP-seq	/human-donors/ENCDO000ABF/	EFO:0001182	HEK293	cell line	Homo sapiens										H3K4me1-human	DNA						2014-07-07	ENCODE		sonication (Bioruptor generic)	200-500	1, 2	1_1, 2_1							/files/ENCFF050JWX/, /files/ENCFF483QXH/, /files/ENCFF418RFY/	1564922	ENCODE Processing Pipeline	8d8f9bec479ab88e1cd75e36ba648907		https://www.encodeproject.org/files/ENCFF301UTR/@@download/ENCFF301UTR.bed.gz				released	s3://encode-public/2017/01/27/2245d3a9-1358-438e-966b-34b07910931e/ENCFF301UTR.bed.gz	https://datasetencode.blob.core.windows.net/dataset/2017/01/27/2245d3a9-1358-438e-966b-34b07910931e/ENCFF301UTR.bed.gz?sv=2019-10-10&si=prod&sr=c&sig=9qSQZo4ggrCNpybBExU8SypuUZV33igI11xw0P7rB3c%3D	ENCODE3 GRCh38	archived	mild to moderate bottlenecking, low read length, inconsistent platforms	insufficient read depth, control insufficient read depth	
ENCFF226GIL	bed narrowPeak	bed	narrowPeak	replicated peaks	GRCh38	ENCSR000FCG	Histone ChIP-seq	/human-donors/ENCDO000ABF/	EFO:0001182	HEK293	cell line	Homo sapiens										H3K4me1-human	DNA						2014-07-07	ENCODE		sonication (Bioruptor generic)	200-500	1, 2	1_1, 2_1							/files/ENCFF493CYY/, /files/ENCFF400CMC/, /files/ENCFF200WIG/, /files/ENCFF356LFX/	1106870	ENCODE Processing Pipeline	bde252ac35bbd65c312754724faeaf46		https://www.encodeproject.org/files/ENCFF226GIL/@@download/ENCFF226GIL.bed.gz				released	s3://encode-public/2020/10/29/0ca7d34f-f3fa-4db4-89ac-90b41f651b3d/ENCFF226GIL.bed.gz	https://datasetencode.blob.core.windows.net/dataset/2020/10/29/0ca7d34f-f3fa-4db4-89ac-90b41f651b3d/ENCFF226GIL.bed.gz?sv=2019-10-10&si=prod&sr=c&sig=9qSQZo4ggrCNpybBExU8SypuUZV33igI11xw0P7rB3c%3D	ENCODE4 v1.5.1 GRCh38	released	mild to moderate bottlenecking, low read length, inconsistent platforms	insufficient read depth, control insufficient read depth	
ENCFF451UZW	bed narrowPeak	bed	narrowPeak	replicated peaks	GRCh38	ENCSR000FCH	Histone ChIP-seq	/human-donors/ENCDO000ABF/	EFO:0001182	HEK293	cell line	Homo sapiens										H3K27ac-human	DNA						2014-07-07	ENCODE		sonication (Bioruptor generic)	200-500	1, 2	1_1, 2_1, 2_2							/files/ENCFF464QPC/, /files/ENCFF993MZN/, /files/ENCFF594VZB/	905471	ENCODE Processing Pipeline	d3678eb0a35ac907951d54b5435c5cb9		https://www.encodeproject.org/files/ENCFF451UZW/@@download/ENCFF451UZW.bed.gz				released	s3://encode-public/2016/07/13/0886cdca-b57a-4899-8ad7-3c1bb5ca146a/ENCFF451UZW.bed.gz	https://datasetencode.blob.core.windows.net/dataset/2016/07/13/0886cdca-b57a-4899-8ad7-3c1bb5ca146a/ENCFF451UZW.bed.gz?sv=2019-10-10&si=prod&sr=c&sig=9qSQZo4ggrCNpybBExU8SypuUZV33igI11xw0P7rB3c%3D	ENCODE3 GRCh38	archived	control low read depth, low read depth, low read length, inconsistent platforms		extremely low read depth
ENCFF512KNB	bed narrowPeak	bed	narrowPeak	replicated peaks	GRCh38	ENCSR000FCH	Histone ChIP-seq	/human-donors/ENCDO000ABF/	EFO:0001182	HEK293	cell line	Homo sapiens										H3K27ac-human	DNA						2014-07-07	ENCODE		sonication (Bioruptor generic)	200-500	1, 2	1_1, 2_1, 2_2							/files/ENCFF147HQA/, /files/ENCFF356LFX/, /files/ENCFF493CYY/, /files/ENCFF993NDR/	662095	ENCODE Processing Pipeline	e856fb8ae3e4e4d427ae02410fbb0275		https://www.encodeproject.org/files/ENCFF512KNB/@@download/ENCFF512KNB.bed.gz				released	s3://encode-public/2020/09/29/eef3514b-945f-4de1-9af6-3845d9c7a6c2/ENCFF512KNB.bed.gz	https://datasetencode.blob.core.windows.net/dataset/2020/09/29/eef3514b-945f-4de1-9af6-3845d9c7a6c2/ENCFF512KNB.bed.gz?sv=2019-10-10&si=prod&sr=c&sig=9qSQZo4ggrCNpybBExU8SypuUZV33igI11xw0P7rB3c%3D	ENCODE4 v1.5.1 GRCh38	released	control low read depth, low read depth, low read length, inconsistent platforms		extremely low read depth
