ID,Description,GeneRatio,BgRatio,RichFactor,FoldEnrichment,zScore,pvalue,p.adjust,qvalue,geneID,Count
GO:1903265,positive regulation of tumor necrosis factor-mediated signaling pathway,2/71,10/12112,0.2,34.118309859154934,8.045026686829297,0.0014790055319118167,0.743425958854657,0.7434259588546569,TRIM32/HSPA1B,2
GO:0007141,male meiosis I,2/71,19/12112,0.10526315789473684,17.95700518902891,5.679980246292582,0.005431912416405723,0.743425958854657,0.7434259588546569,BRCA2/BTBD18,2
GO:0002097,tRNA wobble base modification,2/71,21/12112,0.09523809523809523,16.246814218645202,5.369644617768148,0.006620557951334387,0.743425958854657,0.7434259588546569,ADAT2/KTI12,2
GO:0009451,RNA modification,4/71,154/12112,0.025974025974025976,4.430949332357783,3.29028326543306,0.012636764977758504,0.743425958854657,0.7434259588546569,TRMT10C/ADAT2/KTI12/FDXACB1,4
GO:0048562,embryonic organ morphogenesis,5/71,240/12112,0.020833333333333332,3.553990610328638,3.0686748315466414,0.013213015292663813,0.743425958854657,0.7434259588546569,DLX6/HOXD9/LRIG3/FOXE1/ALX1,5
GO:0006400,tRNA modification,3/71,89/12112,0.033707865168539325,5.750276942554201,3.4537858656557794,0.015303278731052278,0.743425958854657,0.7434259588546569,TRMT10C/ADAT2/KTI12,3
GO:0008630,intrinsic apoptotic signaling pathway in response to DNA damage,3/71,92/12112,0.03260869565217391,5.562767911818739,3.3733232275402423,0.016713835477853503,0.743425958854657,0.7434259588546569,TRIM32/BRCA2/PHLDA3,3
GO:0007140,male meiotic nuclear division,2/71,36/12112,0.05555555555555555,9.477308294209701,3.9114301032426266,0.018771354080989736,0.743425958854657,0.7434259588546569,BRCA2/BTBD18,2
GO:0006399,tRNA metabolic process,4/71,175/12112,0.022857142857142857,3.899235412474849,2.9664894374764663,0.019327870791413283,0.743425958854657,0.7434259588546569,TRMT10C/ADAT2/KTI12/MARS2,4
GO:0015718,monocarboxylic acid transport,3/71,103/12112,0.02912621359223301,4.968685901818679,3.105988308101989,0.0224927044540549,0.743425958854657,0.7434259588546569,KCNJ8/SLC16A14/SLC10A5,3
GO:0001961,positive regulation of cytokine-mediated signaling pathway,2/71,41/12112,0.04878048780487805,8.321538990037789,3.6058742825035024,0.02397899828905741,0.743425958854657,0.7434259588546569,TRIM32/HSPA1B,2
GO:0019226,transmission of nerve impulse,2/71,42/12112,0.047619047619047616,8.123407109322601,3.5509673061887415,0.02508389139379528,0.743425958854657,0.7434259588546569,DMRT3/KCNJ8,2
GO:0043414,macromolecule methylation,3/71,108/12112,0.027777777777777776,4.7386541471048504,2.9967607657246136,0.025436092798726294,0.743425958854657,0.7434259588546569,METTL18/TRMT10C/FDXACB1,3
GO:0042771,intrinsic apoptotic signaling pathway in response to DNA damage by p53 class mediator,2/71,44/12112,0.045454545454545456,7.75416133162612,3.4464185233447835,0.027354841613586218,0.743425958854657,0.7434259588546569,BRCA2/PHLDA3,2
GO:0060760,positive regulation of response to cytokine stimulus,2/71,44/12112,0.045454545454545456,7.75416133162612,3.4464185233447835,0.027354841613586218,0.743425958854657,0.7434259588546569,TRIM32/HSPA1B,2
GO:0048706,embryonic skeletal system development,3/71,114/12112,0.02631578947368421,4.489251297257227,2.8742076682642494,0.029229311289124902,0.743425958854657,0.7434259588546569,DLX6/HOXD9/ALX1,3
GO:0010803,regulation of tumor necrosis factor-mediated signaling pathway,2/71,51/12112,0.0392156862745098,6.689864678265673,3.1266787732447714,0.03591745452057207,0.743425958854657,0.7434259588546569,TRIM32/HSPA1B,2
GO:0008033,tRNA processing,3/71,127/12112,0.023622047244094488,4.029721636908063,2.6355634006426603,0.03841789304912957,0.743425958854657,0.7434259588546569,TRMT10C/ADAT2/KTI12,3
GO:2000027,regulation of animal organ morphogenesis,2/71,63/12112,0.031746031746031744,5.415604739548401,2.6981920701978273,0.05261714234383228,0.743425958854657,0.7434259588546569,DMRT3/SPRY1,2
GO:0018242,protein O-linked glycosylation via serine,1/71,10/12112,0.1,17.059154929577467,3.901054447700419,0.05711783036885609,0.743425958854657,0.7434259588546569,GALNT4,1
GO:0018243,protein O-linked glycosylation via threonine,1/71,10/12112,0.1,17.059154929577467,3.901054447700419,0.05711783036885609,0.743425958854657,0.7434259588546569,GALNT4,1
GO:0045348,positive regulation of MHC class II biosynthetic process,1/71,10/12112,0.1,17.059154929577467,3.901054447700419,0.05711783036885609,0.743425958854657,0.7434259588546569,CIITA,1
GO:0070424,"regulation of nucleotide-binding domain, leucine rich repeat containing receptor signaling pathway",1/71,10/12112,0.1,17.059154929577467,3.901054447700419,0.05711783036885609,0.743425958854657,0.7434259588546569,HSPA1B,1
GO:0090084,negative regulation of inclusion body assembly,1/71,10/12112,0.1,17.059154929577467,3.901054447700419,0.05711783036885609,0.743425958854657,0.7434259588546569,HSPA1B,1
GO:0097400,interleukin-17-mediated signaling pathway,1/71,10/12112,0.1,17.059154929577467,3.901054447700419,0.05711783036885609,0.743425958854657,0.7434259588546569,TRIM32,1
GO:1900864,mitochondrial RNA modification,1/71,10/12112,0.1,17.059154929577467,3.901054447700419,0.05711783036885609,0.743425958854657,0.7434259588546569,TRMT10C,1
GO:0008344,adult locomotory behavior,2/71,66/12112,0.030303030303030304,5.169440887750747,2.6080520682674804,0.057151311958013394,0.743425958854657,0.7434259588546569,DMRT3/HOXD9,2
GO:0016553,base conversion or substitution editing,1/71,11/12112,0.09090909090909091,15.50832266325224,3.696500897736149,0.06264953042205479,0.743425958854657,0.7434259588546569,ADAT2,1
GO:0021513,spinal cord dorsal/ventral patterning,1/71,11/12112,0.09090909090909091,15.50832266325224,3.696500897736149,0.06264953042205479,0.743425958854657,0.7434259588546569,DMRT3,1
GO:0048568,embryonic organ development,5/71,372/12112,0.013440860215053764,2.2928971679539605,1.9448642972721433,0.06682349749926407,0.743425958854657,0.7434259588546569,DLX6/HOXD9/LRIG3/FOXE1/ALX1,5
GO:0006448,regulation of translational elongation,1/71,12/12112,0.08333333333333333,14.215962441314552,3.5170993137770727,0.06814923154923724,0.743425958854657,0.7434259588546569,METTL18,1
GO:0010225,response to UV-C,1/71,12/12112,0.08333333333333333,14.215962441314552,3.5170993137770727,0.06814923154923724,0.743425958854657,0.7434259588546569,BRCA2,1
GO:0021511,spinal cord patterning,1/71,12/12112,0.08333333333333333,14.215962441314552,3.5170993137770727,0.06814923154923724,0.743425958854657,0.7434259588546569,DMRT3,1
GO:0051124,synaptic assembly at neuromuscular junction,1/71,12/12112,0.08333333333333333,14.215962441314552,3.5170993137770727,0.06814923154923724,0.743425958854657,0.7434259588546569,KCNJ8,1
GO:0090646,mitochondrial tRNA processing,1/71,12/12112,0.08333333333333333,14.215962441314552,3.5170993137770727,0.06814923154923724,0.743425958854657,0.7434259588546569,TRMT10C,1
GO:0001510,RNA methylation,2/71,75/12112,0.02666666666666667,4.549107981220658,2.367437990903291,0.07151933464301731,0.743425958854657,0.7434259588546569,TRMT10C/FDXACB1,2
GO:0072332,intrinsic apoptotic signaling pathway by p53 class mediator,2/71,75/12112,0.02666666666666667,4.549107981220658,2.367437990903291,0.07151933464301731,0.743425958854657,0.7434259588546569,BRCA2/PHLDA3,2
GO:0003159,morphogenesis of an endothelium,1/71,13/12112,0.07692307692307693,13.122426868905743,3.35795141997945,0.07361711622361766,0.743425958854657,0.7434259588546569,STARD13,1
GO:0010992,ubiquitin recycling,1/71,13/12112,0.07692307692307693,13.122426868905743,3.35795141997945,0.07361711622361766,0.743425958854657,0.7434259588546569,TRIM32,1
GO:0045346,regulation of MHC class II biosynthetic process,1/71,13/12112,0.07692307692307693,13.122426868905743,3.35795141997945,0.07361711622361766,0.743425958854657,0.7434259588546569,CIITA,1
GO:0061154,endothelial tube morphogenesis,1/71,13/12112,0.07692307692307693,13.122426868905743,3.35795141997945,0.07361711622361766,0.743425958854657,0.7434259588546569,STARD13,1
GO:0090051,negative regulation of cell migration involved in sprouting angiogenesis,1/71,13/12112,0.07692307692307693,13.122426868905743,3.35795141997945,0.07361711622361766,0.743425958854657,0.7434259588546569,STARD13,1
GO:0032465,regulation of cytokinesis,2/71,77/12112,0.025974025974025976,4.430949332357783,2.3191269247673274,0.07485734588949702,0.743425958854657,0.7434259588546569,BRCA2/KLHL9,2
GO:0042472,inner ear morphogenesis,2/71,78/12112,0.02564102564102564,4.374142289635247,2.2955861143240757,0.07654491865036153,0.743425958854657,0.7434259588546569,DLX6/LRIG3,2
GO:0006590,thyroid hormone generation,1/71,14/12112,0.07142857142857142,12.185110663983902,3.2154029900642005,0.07905336589285661,0.743425958854657,0.7434259588546569,FOXE1,1
GO:0015721,bile acid and bile salt transport,1/71,14/12112,0.07142857142857142,12.185110663983902,3.2154029900642005,0.07905336589285661,0.743425958854657,0.7434259588546569,SLC10A5,1
GO:0045342,MHC class II biosynthetic process,1/71,14/12112,0.07142857142857142,12.185110663983902,3.2154029900642005,0.07905336589285661,0.743425958854657,0.7434259588546569,CIITA,1
GO:0048934,peripheral nervous system neuron differentiation,1/71,14/12112,0.07142857142857142,12.185110663983902,3.2154029900642005,0.07905336589285661,0.743425958854657,0.7434259588546569,HOXD9,1
GO:0048935,peripheral nervous system neuron development,1/71,14/12112,0.07142857142857142,12.185110663983902,3.2154029900642005,0.07905336589285661,0.743425958854657,0.7434259588546569,HOXD9,1
GO:0060602,branch elongation of an epithelium,1/71,14/12112,0.07142857142857142,12.185110663983902,3.2154029900642005,0.07905336589285661,0.743425958854657,0.7434259588546569,SPRY1,1
GO:0070431,nucleotide-binding oligomerization domain containing 2 signaling pathway,1/71,14/12112,0.07142857142857142,12.185110663983902,3.2154029900642005,0.07905336589285661,0.743425958854657,0.7434259588546569,HSPA1B,1
GO:0097396,response to interleukin-17,1/71,14/12112,0.07142857142857142,12.185110663983902,3.2154029900642005,0.07905336589285661,0.743425958854657,0.7434259588546569,TRIM32,1
GO:0097398,cellular response to interleukin-17,1/71,14/12112,0.07142857142857142,12.185110663983902,3.2154029900642005,0.07905336589285661,0.743425958854657,0.7434259588546569,TRIM32,1
GO:0099116,tRNA 5'-end processing,1/71,14/12112,0.07142857142857142,12.185110663983902,3.2154029900642005,0.07905336589285661,0.743425958854657,0.7434259588546569,TRMT10C,1
GO:2000232,regulation of rRNA processing,1/71,14/12112,0.07142857142857142,12.185110663983902,3.2154029900642005,0.07905336589285661,0.743425958854657,0.7434259588546569,METTL18,1
GO:0048704,embryonic skeletal system morphogenesis,2/71,80/12112,0.025,4.264788732394367,2.249671274772458,0.07995621315846096,0.743425958854657,0.7434259588546569,HOXD9/ALX1,2
GO:0060021,roof of mouth development,2/71,81/12112,0.024691358024691357,4.212137019648757,2.227273792459711,0.08167954626639513,0.743425958854657,0.7434259588546569,DLX6/FOXE1,2
GO:0000722,telomere maintenance via recombination,1/71,15/12112,0.06666666666666667,11.372769953051643,3.08666454657504,0.08445816098474046,0.743425958854657,0.7434259588546569,BRCA2,1
GO:0001833,inner cell mass cell proliferation,1/71,15/12112,0.06666666666666667,11.372769953051643,3.08666454657504,0.08445816098474046,0.743425958854657,0.7434259588546569,BRCA2,1
GO:0006878,intracellular copper ion homeostasis,1/71,15/12112,0.06666666666666667,11.372769953051643,3.08666454657504,0.08445816098474046,0.743425958854657,0.7434259588546569,SCO2,1
GO:0032897,negative regulation of viral transcription,1/71,15/12112,0.06666666666666667,11.372769953051643,3.08666454657504,0.08445816098474046,0.743425958854657,0.7434259588546569,TRIM32,1
GO:0033599,regulation of mammary gland epithelial cell proliferation,1/71,15/12112,0.06666666666666667,11.372769953051643,3.08666454657504,0.08445816098474046,0.743425958854657,0.7434259588546569,BRCA2,1
GO:0042481,regulation of odontogenesis,1/71,15/12112,0.06666666666666667,11.372769953051643,3.08666454657504,0.08445816098474046,0.743425958854657,0.7434259588546569,DMRT3,1
GO:0044790,suppression of viral release by host,1/71,15/12112,0.06666666666666667,11.372769953051643,3.08666454657504,0.08445816098474046,0.743425958854657,0.7434259588546569,TRIM32,1
GO:0046597,host-mediated suppression of symbiont invasion,1/71,15/12112,0.06666666666666667,11.372769953051643,3.08666454657504,0.08445816098474046,0.743425958854657,0.7434259588546569,CIITA,1
GO:0070525,tRNA threonylcarbamoyladenosine metabolic process,1/71,15/12112,0.06666666666666667,11.372769953051643,3.08666454657504,0.08445816098474046,0.743425958854657,0.7434259588546569,TRMT10C,1
GO:0086013,membrane repolarization during cardiac muscle cell action potential,1/71,15/12112,0.06666666666666667,11.372769953051643,3.08666454657504,0.08445816098474046,0.743425958854657,0.7434259588546569,KCNJ8,1
GO:0033209,tumor necrosis factor-mediated signaling pathway,2/71,84/12112,0.023809523809523808,4.0617035546613005,2.162190575186024,0.08691799497094031,0.743425958854657,0.7434259588546569,TRIM32/HSPA1B,2
GO:0048144,fibroblast proliferation,2/71,85/12112,0.023529411764705882,4.013918806959404,2.141165583904039,0.08868633413775658,0.743425958854657,0.7434259588546569,TRIM32/KCNJ8,2
GO:0006415,translational termination,1/71,16/12112,0.0625,10.661971830985916,2.969564532260073,0.08983168091282889,0.743425958854657,0.7434259588546569,GSPT2,1
GO:0010884,positive regulation of lipid storage,1/71,16/12112,0.0625,10.661971830985916,2.969564532260073,0.08983168091282889,0.743425958854657,0.7434259588546569,HILPDA,1
GO:0018022,peptidyl-lysine methylation,1/71,16/12112,0.0625,10.661971830985916,2.969564532260073,0.08983168091282889,0.743425958854657,0.7434259588546569,METTL18,1
GO:0042795,snRNA transcription by RNA polymerase II,1/71,16/12112,0.0625,10.661971830985916,2.969564532260073,0.08983168091282889,0.743425958854657,0.7434259588546569,CDK7,1
GO:0070200,establishment of protein localization to telomere,1/71,16/12112,0.0625,10.661971830985916,2.969564532260073,0.08983168091282889,0.743425958854657,0.7434259588546569,BRCA2,1
GO:0090083,regulation of inclusion body assembly,1/71,16/12112,0.0625,10.661971830985916,2.969564532260073,0.08983168091282889,0.743425958854657,0.7434259588546569,HSPA1B,1
GO:0007127,meiosis I,2/71,87/12112,0.022988505747126436,3.9216448113971185,2.100063365749938,0.09225518692475171,0.743425958854657,0.7434259588546569,BRCA2/BTBD18,2
GO:0051092,positive regulation of NF-kappaB transcription factor activity,2/71,88/12112,0.022727272727272728,3.87708066581306,2.0799686494158576,0.09405533662265016,0.743425958854657,0.7434259588546569,TRIM32/HSPA1B,2
GO:0002098,tRNA wobble uridine modification,1/71,17/12112,0.058823529411764705,10.034797017398509,2.862383517223328,0.09517410408207372,0.743425958854657,0.7434259588546569,KTI12,1
GO:0040037,negative regulation of fibroblast growth factor receptor signaling pathway,1/71,17/12112,0.058823529411764705,10.034797017398509,2.862383517223328,0.09517410408207372,0.743425958854657,0.7434259588546569,SPRY1,1
GO:0070131,positive regulation of mitochondrial translation,1/71,17/12112,0.058823529411764705,10.034797017398509,2.862383517223328,0.09517410408207372,0.743425958854657,0.7434259588546569,TRMT10C,1
GO:0099505,regulation of presynaptic membrane potential,1/71,17/12112,0.058823529411764705,10.034797017398509,2.862383517223328,0.09517410408207372,0.743425958854657,0.7434259588546569,KCNJ8,1
GO:1902969,mitotic DNA replication,1/71,17/12112,0.058823529411764705,10.034797017398509,2.862383517223328,0.09517410408207372,0.743425958854657,0.7434259588546569,BRCA2,1
GO:0045444,fat cell differentiation,3/71,187/12112,0.016042780748663103,2.7367628229268663,1.8378921452865609,0.09685344519543941,0.743425958854657,0.7434259588546569,GNB3/TRIM32/KCNJ8,3
GO:0032259,methylation,3/71,189/12112,0.015873015873015872,2.7078023697742006,1.8170364533036727,0.09920936425207137,0.743425958854657,0.7434259588546569,METTL18/TRMT10C/FDXACB1,3
GO:0048705,skeletal system morphogenesis,3/71,189/12112,0.015873015873015872,2.7078023697742006,1.8170364533036727,0.09920936425207137,0.743425958854657,0.7434259588546569,HOXC8/HOXD9/ALX1,3
GO:0031110,regulation of microtubule polymerization or depolymerization,2/71,91/12112,0.02197802197802198,3.749264819687355,2.0214121444554025,0.09951653119171486,0.743425958854657,0.7434259588546569,HSPA1B/ATXN7,2
GO:0001759,organ induction,1/71,18/12112,0.05555555555555555,9.477308294209701,2.763739757443804,0.10048560789440708,0.743425958854657,0.7434259588546569,SPRY1,1
GO:0010842,retina layer formation,1/71,18/12112,0.05555555555555555,9.477308294209701,2.763739757443804,0.10048560789440708,0.743425958854657,0.7434259588546569,FJX1,1
GO:0042403,thyroid hormone metabolic process,1/71,18/12112,0.05555555555555555,9.477308294209701,2.763739757443804,0.10048560789440708,0.743425958854657,0.7434259588546569,FOXE1,1
GO:0099625,ventricular cardiac muscle cell membrane repolarization,1/71,18/12112,0.05555555555555555,9.477308294209701,2.763739757443804,0.10048560789440708,0.743425958854657,0.7434259588546569,KCNJ8,1
GO:2000786,positive regulation of autophagosome assembly,1/71,18/12112,0.05555555555555555,9.477308294209701,2.763739757443804,0.10048560789440708,0.743425958854657,0.7434259588546569,TRIM32,1
GO:0010717,regulation of epithelial to mesenchymal transition,2/71,92/12112,0.021739130434782608,3.708511941212492,2.0024437841109233,0.10135659109646734,0.743425958854657,0.7434259588546569,SPRY1/ALX1,2
GO:0010968,regulation of microtubule nucleation,1/71,19/12112,0.05263157894736842,8.978502594514454,2.672508301239216,0.10576636875429635,0.743425958854657,0.7434259588546569,HSPA1B,1
GO:0046716,muscle cell cellular homeostasis,1/71,19/12112,0.05263157894736842,8.978502594514454,2.672508301239216,0.10576636875429635,0.743425958854657,0.7434259588546569,TRIM32,1
GO:0046782,regulation of viral transcription,1/71,19/12112,0.05263157894736842,8.978502594514454,2.672508301239216,0.10576636875429635,0.743425958854657,0.7434259588546569,TRIM32,1
GO:0055070,copper ion homeostasis,1/71,19/12112,0.05263157894736842,8.978502594514454,2.672508301239216,0.10576636875429635,0.743425958854657,0.7434259588546569,SCO2,1
GO:0086011,membrane repolarization during action potential,1/71,19/12112,0.05263157894736842,8.978502594514454,2.672508301239216,0.10576636875429635,0.743425958854657,0.7434259588546569,KCNJ8,1
GO:0042471,ear morphogenesis,2/71,95/12112,0.021052631578947368,3.591401037805782,1.9470912210005116,0.10693333788890189,0.743425958854657,0.7434259588546569,DLX6/LRIG3,2
GO:0061982,meiosis I cell cycle process,2/71,95/12112,0.021052631578947368,3.591401037805782,1.9470912210005116,0.10693333788890189,0.743425958854657,0.7434259588546569,BRCA2/BTBD18,2
GO:0009301,snRNA transcription,1/71,20/12112,0.05,8.529577464788733,2.5877626037813837,0.11101656207427013,0.743425958854657,0.7434259588546569,CDK7,1
GO:0034143,regulation of toll-like receptor 4 signaling pathway,1/71,20/12112,0.05,8.529577464788733,2.5877626037813837,0.11101656207427013,0.743425958854657,0.7434259588546569,TRIM32,1
GO:0046580,negative regulation of Ras protein signal transduction,1/71,20/12112,0.05,8.529577464788733,2.5877626037813837,0.11101656207427013,0.743425958854657,0.7434259588546569,SPRY1,1
GO:0001832,blastocyst growth,1/71,21/12112,0.047619047619047616,8.123407109322601,2.508731600990432,0.1162363622804169,0.743425958854657,0.7434259588546569,BRCA2,1
GO:0003401,axis elongation,1/71,21/12112,0.047619047619047616,8.123407109322601,2.508731600990432,0.1162363622804169,0.743425958854657,0.7434259588546569,SPRY1,1
GO:0031069,hair follicle morphogenesis,1/71,21/12112,0.047619047619047616,8.123407109322601,2.508731600990432,0.1162363622804169,0.743425958854657,0.7434259588546569,FOXE1,1
GO:0031167,rRNA methylation,1/71,21/12112,0.047619047619047616,8.123407109322601,2.508731600990432,0.1162363622804169,0.743425958854657,0.7434259588546569,FDXACB1,1
GO:0033617,mitochondrial cytochrome c oxidase assembly,1/71,21/12112,0.047619047619047616,8.123407109322601,2.508731600990432,0.1162363622804169,0.743425958854657,0.7434259588546569,SCO2,1
GO:0048011,neurotrophin TRK receptor signaling pathway,1/71,21/12112,0.047619047619047616,8.123407109322601,2.508731600990432,0.1162363622804169,0.743425958854657,0.7434259588546569,SPRY1,1
GO:0062009,secondary palate development,1/71,21/12112,0.047619047619047616,8.123407109322601,2.508731600990432,0.1162363622804169,0.743425958854657,0.7434259588546569,FOXE1,1
GO:0008543,fibroblast growth factor receptor signaling pathway,2/71,100/12112,0.02,3.411830985915493,1.859632411583063,0.11640640189757952,0.743425958854657,0.7434259588546569,SPRY1/FLRT2,2
GO:0007423,sensory organ development,5/71,443/12112,0.011286681715575621,1.9254125202683372,1.5237310318915456,0.11780618756216957,0.743425958854657,0.7434259588546569,DLX6/LRIG3/SPRY1/FJX1/SCO2,5
GO:0000963,mitochondrial RNA processing,1/71,22/12112,0.045454545454545456,7.75416133162612,2.4347676248665437,0.12142594281784913,0.743425958854657,0.7434259588546569,TRMT10C,1
GO:0006418,tRNA aminoacylation for protein translation,1/71,22/12112,0.045454545454545456,7.75416133162612,2.4347676248665437,0.12142594281784913,0.743425958854657,0.7434259588546569,MARS2,1
GO:0042026,protein refolding,1/71,22/12112,0.045454545454545456,7.75416133162612,2.4347676248665437,0.12142594281784913,0.743425958854657,0.7434259588546569,HSPA1B,1
GO:0044090,positive regulation of vacuole organization,1/71,22/12112,0.045454545454545456,7.75416133162612,2.4347676248665437,0.12142594281784913,0.743425958854657,0.7434259588546569,TRIM32,1
GO:0070199,establishment of protein localization to chromosome,1/71,22/12112,0.045454545454545456,7.75416133162612,2.4347676248665437,0.12142594281784913,0.743425958854657,0.7434259588546569,BRCA2,1
GO:0140861,DNA repair-dependent chromatin remodeling,1/71,22/12112,0.045454545454545456,7.75416133162612,2.4347676248665437,0.12142594281784913,0.743425958854657,0.7434259588546569,USP51,1
GO:1902018,negative regulation of cilium assembly,1/71,22/12112,0.045454545454545456,7.75416133162612,2.4347676248665437,0.12142594281784913,0.743425958854657,0.7434259588546569,TRIM32,1
GO:0051321,meiotic cell cycle,3/71,209/12112,0.014354066985645933,2.4486825257766696,1.6222061596177415,0.12399739418416511,0.743425958854657,0.7434259588546569,BRCA2/CCNB3/BTBD18,3
GO:0002221,pattern recognition receptor signaling pathway,3/71,210/12112,0.014285714285714285,2.4370221327967805,1.613061886371122,0.1252922223260969,0.743425958854657,0.7434259588546569,TRIM32/KCNJ8/HSPA1B,3
GO:0005979,regulation of glycogen biosynthetic process,1/71,23/12112,0.043478260869565216,7.417023882424984,2.365322064590397,0.12658547615613902,0.743425958854657,0.7434259588546569,PPP1R3D,1
GO:0010962,regulation of glucan biosynthetic process,1/71,23/12112,0.043478260869565216,7.417023882424984,2.365322064590397,0.12658547615613902,0.743425958854657,0.7434259588546569,PPP1R3D,1
GO:0014047,glutamate secretion,1/71,23/12112,0.043478260869565216,7.417023882424984,2.365322064590397,0.12658547615613902,0.743425958854657,0.7434259588546569,KCNJ8,1
GO:0033598,mammary gland epithelial cell proliferation,1/71,23/12112,0.043478260869565216,7.417023882424984,2.365322064590397,0.12658547615613902,0.743425958854657,0.7434259588546569,BRCA2,1
GO:0035872,"nucleotide-binding domain, leucine rich repeat containing receptor signaling pathway",1/71,23/12112,0.043478260869565216,7.417023882424984,2.365322064590397,0.12658547615613902,0.743425958854657,0.7434259588546569,HSPA1B,1
GO:0048730,epidermis morphogenesis,1/71,23/12112,0.043478260869565216,7.417023882424984,2.365322064590397,0.12658547615613902,0.743425958854657,0.7434259588546569,FOXE1,1
GO:1901673,regulation of mitotic spindle assembly,1/71,23/12112,0.043478260869565216,7.417023882424984,2.365322064590397,0.12658547615613902,0.743425958854657,0.7434259588546569,HSPA1B,1
GO:2000001,regulation of DNA damage checkpoint,1/71,23/12112,0.043478260869565216,7.417023882424984,2.365322064590397,0.12658547615613902,0.743425958854657,0.7434259588546569,BRCA2,1
GO:0090596,sensory organ morphogenesis,3/71,212/12112,0.014150943396226415,2.4140313579590753,1.5949291243801582,0.12789678177626598,0.743425958854657,0.7434259588546569,DLX6/LRIG3/FJX1,3
GO:0003002,regionalization,4/71,333/12112,0.012012012012012012,2.0491477392885846,1.490707557517911,0.1311697041547718,0.743425958854657,0.7434259588546569,HOXC8/DMRT3/HOXD9/SPRY1,4
GO:0001556,oocyte maturation,1/71,24/12112,0.041666666666666664,7.107981220657276,2.299926655091166,0.1317151337947292,0.743425958854657,0.7434259588546569,BRCA2,1
GO:0003156,regulation of animal organ formation,1/71,24/12112,0.041666666666666664,7.107981220657276,2.299926655091166,0.1317151337947292,0.743425958854657,0.7434259588546569,SPRY1,1
GO:0005980,glycogen catabolic process,1/71,24/12112,0.041666666666666664,7.107981220657276,2.299926655091166,0.1317151337947292,0.743425958854657,0.7434259588546569,PPP1R3D,1
GO:0010526,transposable element silencing,1/71,24/12112,0.041666666666666664,7.107981220657276,2.299926655091166,0.1317151337947292,0.743425958854657,0.7434259588546569,BTBD18,1
GO:0003007,heart morphogenesis,3/71,216/12112,0.013888888888888888,2.3693270735524252,1.5592706019811127,0.1331643659376794,0.743425958854657,0.7434259588546569,KCNJ8/SPRY1/FLRT2,3
GO:0002758,innate immune response-activating signaling pathway,3/71,217/12112,0.013824884792626729,2.358408515609788,1.550479174733396,0.13449320274221566,0.743425958854657,0.7434259588546569,TRIM32/KCNJ8/HSPA1B,3
GO:0033108,mitochondrial respiratory chain complex assembly,2/71,110/12112,0.01818181818181818,3.101664532650448,1.7002814816764606,0.13594967335202135,0.743425958854657,0.7434259588546569,TMEM177/SCO2,2
GO:0000272,polysaccharide catabolic process,1/71,25/12112,0.04,6.823661971830986,2.2381789164715666,0.1368150862683043,0.743425958854657,0.7434259588546569,PPP1R3D,1
GO:0006312,mitotic recombination,1/71,25/12112,0.04,6.823661971830986,2.2381789164715666,0.1368150862683043,0.743425958854657,0.7434259588546569,BRCA2,1
GO:0009251,glucan catabolic process,1/71,25/12112,0.04,6.823661971830986,2.2381789164715666,0.1368150862683043,0.743425958854657,0.7434259588546569,PPP1R3D,1
GO:0030878,thyroid gland development,1/71,25/12112,0.04,6.823661971830986,2.2381789164715666,0.1368150862683043,0.743425958854657,0.7434259588546569,FOXE1,1
GO:0032197,retrotransposition,1/71,25/12112,0.04,6.823661971830986,2.2381789164715666,0.1368150862683043,0.743425958854657,0.7434259588546569,BTBD18,1
GO:0033198,response to ATP,1/71,25/12112,0.04,6.823661971830986,2.2381789164715666,0.1368150862683043,0.743425958854657,0.7434259588546569,KCNJ8,1
GO:0035020,regulation of Rac protein signal transduction,1/71,25/12112,0.04,6.823661971830986,2.2381789164715666,0.1368150862683043,0.743425958854657,0.7434259588546569,KBTBD7,1
GO:0043039,tRNA aminoacylation,1/71,25/12112,0.04,6.823661971830986,2.2381789164715666,0.1368150862683043,0.743425958854657,0.7434259588546569,MARS2,1
GO:0070841,inclusion body assembly,1/71,25/12112,0.04,6.823661971830986,2.2381789164715666,0.1368150862683043,0.743425958854657,0.7434259588546569,HSPA1B,1
GO:0086005,ventricular cardiac muscle cell action potential,1/71,25/12112,0.04,6.823661971830986,2.2381789164715666,0.1368150862683043,0.743425958854657,0.7434259588546569,KCNJ8,1
GO:1901099,negative regulation of signal transduction in absence of ligand,1/71,25/12112,0.04,6.823661971830986,2.2381789164715666,0.1368150862683043,0.743425958854657,0.7434259588546569,HSPA1B,1
GO:2001240,negative regulation of extrinsic apoptotic signaling pathway in absence of ligand,1/71,25/12112,0.04,6.823661971830986,2.2381789164715666,0.1368150862683043,0.743425958854657,0.7434259588546569,HSPA1B,1
GO:0030326,embryonic limb morphogenesis,2/71,112/12112,0.017857142857142856,3.0462776659959756,1.67059374396523,0.13994347944235772,0.743425958854657,0.7434259588546569,DLX6/HOXD9,2
GO:0030534,adult behavior,2/71,112/12112,0.017857142857142856,3.0462776659959756,1.67059374396523,0.13994347944235772,0.743425958854657,0.7434259588546569,DMRT3/HOXD9,2
GO:0030879,mammary gland development,2/71,112/12112,0.017857142857142856,3.0462776659959756,1.67059374396523,0.13994347944235772,0.743425958854657,0.7434259588546569,HOXD9/BRCA2,2
GO:0035113,embryonic appendage morphogenesis,2/71,112/12112,0.017857142857142856,3.0462776659959756,1.67059374396523,0.13994347944235772,0.743425958854657,0.7434259588546569,DLX6/HOXD9,2
GO:0001774,microglial cell activation,1/71,26/12112,0.038461538461538464,6.561213434452871,2.1797306975637745,0.14188550315214266,0.743425958854657,0.7434259588546569,KCNJ8,1
GO:0007628,adult walking behavior,1/71,26/12112,0.038461538461538464,6.561213434452871,2.1797306975637745,0.14188550315214266,0.743425958854657,0.7434259588546569,DMRT3,1
GO:0008535,respiratory chain complex IV assembly,1/71,26/12112,0.038461538461538464,6.561213434452871,2.1797306975637745,0.14188550315214266,0.743425958854657,0.7434259588546569,SCO2,1
GO:0010165,response to X-ray,1/71,26/12112,0.038461538461538464,6.561213434452871,2.1797306975637745,0.14188550315214266,0.743425958854657,0.7434259588546569,BRCA2,1
GO:0032965,regulation of collagen biosynthetic process,1/71,26/12112,0.038461538461538464,6.561213434452871,2.1797306975637745,0.14188550315214266,0.743425958854657,0.7434259588546569,CIITA,1
GO:0043038,amino acid activation,1/71,26/12112,0.038461538461538464,6.561213434452871,2.1797306975637745,0.14188550315214266,0.743425958854657,0.7434259588546569,MARS2,1
GO:0043537,negative regulation of blood vessel endothelial cell migration,1/71,26/12112,0.038461538461538464,6.561213434452871,2.1797306975637745,0.14188550315214266,0.743425958854657,0.7434259588546569,STARD13,1
GO:0046949,fatty-acyl-CoA biosynthetic process,1/71,26/12112,0.038461538461538464,6.561213434452871,2.1797306975637745,0.14188550315214266,0.743425958854657,0.7434259588546569,HTD2,1
GO:0060441,epithelial tube branching involved in lung morphogenesis,1/71,26/12112,0.038461538461538464,6.561213434452871,2.1797306975637745,0.14188550315214266,0.743425958854657,0.7434259588546569,SPRY1,1
GO:0070129,regulation of mitochondrial translation,1/71,26/12112,0.038461538461538464,6.561213434452871,2.1797306975637745,0.14188550315214266,0.743425958854657,0.7434259588546569,TRMT10C,1
GO:0099622,cardiac muscle cell membrane repolarization,1/71,26/12112,0.038461538461538464,6.561213434452871,2.1797306975637745,0.14188550315214266,0.743425958854657,0.7434259588546569,KCNJ8,1
GO:0008217,regulation of blood pressure,2/71,114/12112,0.017543859649122806,2.9928341981714848,1.64156113905185,0.1439629469199736,0.743425958854657,0.7434259588546569,GNB3/KCNJ8,2
GO:0080135,regulation of cellular response to stress,5/71,476/12112,0.01050420168067227,1.7919280388211625,1.353552913681817,0.1464303824518954,0.743425958854657,0.7434259588546569,TRIM32/BRCA2/PIGBOS1/USP51/ATXN7,5
GO:0006884,cell volume homeostasis,1/71,27/12112,0.037037037037037035,6.3182055294731345,2.1242790701987055,0.1469265530674324,0.743425958854657,0.7434259588546569,GNB3,1
GO:0007026,negative regulation of microtubule depolymerization,1/71,27/12112,0.037037037037037035,6.3182055294731345,2.1242790701987055,0.1469265530674324,0.743425958854657,0.7434259588546569,ATXN7,1
GO:0032196,transposition,1/71,27/12112,0.037037037037037035,6.3182055294731345,2.1242790701987055,0.1469265530674324,0.743425958854657,0.7434259588546569,BTBD18,1
GO:0045648,positive regulation of erythrocyte differentiation,1/71,27/12112,0.037037037037037035,6.3182055294731345,2.1242790701987055,0.1469265530674324,0.743425958854657,0.7434259588546569,HSPA1B,1
GO:1902230,negative regulation of intrinsic apoptotic signaling pathway in response to DNA damage,1/71,27/12112,0.037037037037037035,6.3182055294731345,2.1242790701987055,0.1469265530674324,0.743425958854657,0.7434259588546569,TRIM32,1
GO:0002269,leukocyte activation involved in inflammatory response,1/71,28/12112,0.03571428571428571,6.092555331991951,2.0715590242614312,0.15193840368656475,0.743425958854657,0.7434259588546569,KCNJ8,1
GO:0009954,proximal/distal pattern formation,1/71,28/12112,0.03571428571428571,6.092555331991951,2.0715590242614312,0.15193840368656475,0.743425958854657,0.7434259588546569,HOXD9,1
GO:0031128,developmental induction,1/71,28/12112,0.03571428571428571,6.092555331991951,2.0715590242614312,0.15193840368656475,0.743425958854657,0.7434259588546569,SPRY1,1
GO:0043330,response to exogenous dsRNA,1/71,28/12112,0.03571428571428571,6.092555331991951,2.0715590242614312,0.15193840368656475,0.743425958854657,0.7434259588546569,KCNJ8,1
GO:0048665,neuron fate specification,1/71,28/12112,0.03571428571428571,6.092555331991951,2.0715590242614312,0.15193840368656475,0.743425958854657,0.7434259588546569,DMRT3,1
GO:0060317,cardiac epithelial to mesenchymal transition,1/71,28/12112,0.03571428571428571,6.092555331991951,2.0715590242614312,0.15193840368656475,0.743425958854657,0.7434259588546569,SPRY1,1
GO:0070198,"protein localization to chromosome, telomeric region",1/71,28/12112,0.03571428571428571,6.092555331991951,2.0715590242614312,0.15193840368656475,0.743425958854657,0.7434259588546569,BRCA2,1
GO:0090207,regulation of triglyceride metabolic process,1/71,28/12112,0.03571428571428571,6.092555331991951,2.0715590242614312,0.15193840368656475,0.743425958854657,0.7434259588546569,GNB3,1
GO:1903725,regulation of phospholipid metabolic process,1/71,28/12112,0.03571428571428571,6.092555331991951,2.0715590242614312,0.15193840368656475,0.743425958854657,0.7434259588546569,GNB3,1
GO:1990573,potassium ion import across plasma membrane,1/71,28/12112,0.03571428571428571,6.092555331991951,2.0715590242614312,0.15193840368656475,0.743425958854657,0.7434259588546569,KCNJ8,1
GO:0046942,carboxylic acid transport,3/71,232/12112,0.01293103448275862,2.205925206410879,1.4241116633513446,0.15496596624011294,0.743425958854657,0.7434259588546569,KCNJ8/SLC16A14/SLC10A5,3
GO:0002218,activation of innate immune response,3/71,233/12112,0.012875536480686695,2.1964577162546095,1.416032667376944,0.15636496263874872,0.743425958854657,0.7434259588546569,TRIM32/KCNJ8/HSPA1B,3
GO:0015849,organic acid transport,3/71,233/12112,0.012875536480686695,2.1964577162546095,1.416032667376944,0.15636496263874872,0.743425958854657,0.7434259588546569,KCNJ8/SLC16A14/SLC10A5,3
GO:0008340,determination of adult lifespan,1/71,29/12112,0.034482758620689655,5.8824672170956775,2.021337556954832,0.15692122173838974,0.743425958854657,0.7434259588546569,KCNJ8,1
GO:0035115,embryonic forelimb morphogenesis,1/71,29/12112,0.034482758620689655,5.8824672170956775,2.021337556954832,0.15692122173838974,0.743425958854657,0.7434259588546569,HOXD9,1
GO:0035137,hindlimb morphogenesis,1/71,29/12112,0.034482758620689655,5.8824672170956775,2.021337556954832,0.15692122173838974,0.743425958854657,0.7434259588546569,HOXD9,1
GO:0040036,regulation of fibroblast growth factor receptor signaling pathway,1/71,29/12112,0.034482758620689655,5.8824672170956775,2.021337556954832,0.15692122173838974,0.743425958854657,0.7434259588546569,SPRY1,1
GO:0048147,negative regulation of fibroblast proliferation,1/71,29/12112,0.034482758620689655,5.8824672170956775,2.021337556954832,0.15692122173838974,0.743425958854657,0.7434259588546569,TRIM32,1
GO:0051085,chaperone cofactor-dependent protein refolding,1/71,29/12112,0.034482758620689655,5.8824672170956775,2.021337556954832,0.15692122173838974,0.743425958854657,0.7434259588546569,HSPA1B,1
GO:0070873,regulation of glycogen metabolic process,1/71,29/12112,0.034482758620689655,5.8824672170956775,2.021337556954832,0.15692122173838974,0.743425958854657,0.7434259588546569,PPP1R3D,1
GO:2001032,regulation of double-strand break repair via nonhomologous end joining,1/71,29/12112,0.034482758620689655,5.8824672170956775,2.021337556954832,0.15692122173838974,0.743425958854657,0.7434259588546569,USP51,1
GO:0010712,regulation of collagen metabolic process,1/71,30/12112,0.03333333333333333,5.686384976525821,1.973408852104106,0.161875173013452,0.743425958854657,0.7434259588546569,CIITA,1
GO:0032885,regulation of polysaccharide biosynthetic process,1/71,30/12112,0.03333333333333333,5.686384976525821,1.973408852104106,0.161875173013452,0.743425958854657,0.7434259588546569,PPP1R3D,1
GO:0090659,walking behavior,1/71,30/12112,0.03333333333333333,5.686384976525821,1.973408852104106,0.161875173013452,0.743425958854657,0.7434259588546569,DMRT3,1
GO:0044344,cellular response to fibroblast growth factor stimulus,2/71,123/12112,0.016260162601626018,2.773846330012596,1.5183257854381362,0.16233855379992196,0.743425958854657,0.7434259588546569,SPRY1/FLRT2,2
GO:0018205,peptidyl-lysine modification,2/71,124/12112,0.016129032258064516,2.751476601544752,1.5053230561129938,0.1644067176888251,0.743425958854657,0.7434259588546569,NNAT/METTL18,2
GO:0035051,cardiocyte differentiation,2/71,124/12112,0.016129032258064516,2.751476601544752,1.5053230561129938,0.1644067176888251,0.743425958854657,0.7434259588546569,KCNJ8/SPRY1,2
GO:0007389,pattern specification process,4/71,365/12112,0.010958904109589041,1.8694964306386264,1.295205409496215,0.16583546615265235,0.743425958854657,0.7434259588546569,HOXC8/DMRT3/HOXD9/SPRY1,4
GO:0000154,rRNA modification,1/71,31/12112,0.03225806451612903,5.502953203089504,1.9275903194514714,0.16680042236919101,0.743425958854657,0.7434259588546569,FDXACB1,1
GO:0003161,cardiac conduction system development,1/71,31/12112,0.03225806451612903,5.502953203089504,1.9275903194514714,0.16680042236919101,0.743425958854657,0.7434259588546569,KCNJ8,1
GO:0010092,specification of animal organ identity,1/71,31/12112,0.03225806451612903,5.502953203089504,1.9275903194514714,0.16680042236919101,0.743425958854657,0.7434259588546569,SPRY1,1
GO:0030857,negative regulation of epithelial cell differentiation,1/71,31/12112,0.03225806451612903,5.502953203089504,1.9275903194514714,0.16680042236919101,0.743425958854657,0.7434259588546569,SPRY1,1
GO:0031116,positive regulation of microtubule polymerization,1/71,31/12112,0.03225806451612903,5.502953203089504,1.9275903194514714,0.16680042236919101,0.743425958854657,0.7434259588546569,HSPA1B,1
GO:0032350,regulation of hormone metabolic process,1/71,31/12112,0.03225806451612903,5.502953203089504,1.9275903194514714,0.16680042236919101,0.743425958854657,0.7434259588546569,GNB3,1
GO:0038179,neurotrophin signaling pathway,1/71,31/12112,0.03225806451612903,5.502953203089504,1.9275903194514714,0.16680042236919101,0.743425958854657,0.7434259588546569,SPRY1,1
GO:0051155,positive regulation of striated muscle cell differentiation,1/71,31/12112,0.03225806451612903,5.502953203089504,1.9275903194514714,0.16680042236919101,0.743425958854657,0.7434259588546569,TRIM32,1
GO:0051938,L-glutamate import,1/71,31/12112,0.03225806451612903,5.502953203089504,1.9275903194514714,0.16680042236919101,0.743425958854657,0.7434259588546569,KCNJ8,1
GO:0071425,hematopoietic stem cell proliferation,1/71,31/12112,0.03225806451612903,5.502953203089504,1.9275903194514714,0.16680042236919101,0.743425958854657,0.7434259588546569,BRCA2,1
GO:0110110,positive regulation of animal organ morphogenesis,1/71,31/12112,0.03225806451612903,5.502953203089504,1.9275903194514714,0.16680042236919101,0.743425958854657,0.7434259588546569,SPRY1,1
GO:0001959,regulation of cytokine-mediated signaling pathway,2/71,126/12112,0.015873015873015872,2.7078023697742006,1.479699905127421,0.1685573616798075,0.743425958854657,0.7434259588546569,TRIM32/HSPA1B,2
GO:0010719,negative regulation of epithelial to mesenchymal transition,1/71,32/12112,0.03125,5.330985915492958,1.8837193181767382,0.1716971337351204,0.743425958854657,0.7434259588546569,SPRY1,1
GO:0016266,O-glycan processing,1/71,32/12112,0.03125,5.330985915492958,1.8837193181767382,0.1716971337351204,0.743425958854657,0.7434259588546569,GALNT4,1
GO:0090169,regulation of spindle assembly,1/71,32/12112,0.03125,5.330985915492958,1.8837193181767382,0.1716971337351204,0.743425958854657,0.7434259588546569,HSPA1B,1
GO:0031109,microtubule polymerization or depolymerization,2/71,128/12112,0.015625,2.665492957746479,1.454570527206198,0.17272626736551971,0.743425958854657,0.7434259588546569,HSPA1B/ATXN7,2
GO:0071774,response to fibroblast growth factor,2/71,129/12112,0.015503875968992248,2.644830221639917,1.4421852540643068,0.17481726306124068,0.743425958854657,0.7434259588546569,SPRY1/FLRT2,2
GO:0031114,regulation of microtubule depolymerization,1/71,33/12112,0.030303030303030304,5.169440887750747,1.841650429085751,0.1765654701179683,0.743425958854657,0.7434259588546569,ATXN7,1
GO:0061900,glial cell activation,1/71,33/12112,0.030303030303030304,5.169440887750747,1.841650429085751,0.1765654701179683,0.743425958854657,0.7434259588546569,KCNJ8,1
GO:0062125,regulation of mitochondrial gene expression,1/71,33/12112,0.030303030303030304,5.169440887750747,1.841650429085751,0.1765654701179683,0.743425958854657,0.7434259588546569,TRMT10C,1
GO:0070306,lens fiber cell differentiation,1/71,33/12112,0.030303030303030304,5.169440887750747,1.841650429085751,0.1765654701179683,0.743425958854657,0.7434259588546569,SPRY1,1
GO:0090181,regulation of cholesterol metabolic process,1/71,33/12112,0.030303030303030304,5.169440887750747,1.841650429085751,0.1765654701179683,0.743425958854657,0.7434259588546569,GNB3,1
GO:1900101,regulation of endoplasmic reticulum unfolded protein response,1/71,33/12112,0.030303030303030304,5.169440887750747,1.841650429085751,0.1765654701179683,0.743425958854657,0.7434259588546569,PIGBOS1,1
GO:0000132,establishment of mitotic spindle orientation,1/71,34/12112,0.029411764705882353,5.017398508699254,1.8012531699964687,0.18140559360680253,0.743425958854657,0.7434259588546569,SPRY1,1
GO:0035136,forelimb morphogenesis,1/71,34/12112,0.029411764705882353,5.017398508699254,1.8012531699964687,0.18140559360680253,0.743425958854657,0.7434259588546569,HOXD9,1
GO:0071711,basement membrane organization,1/71,34/12112,0.029411764705882353,5.017398508699254,1.8012531699964687,0.18140559360680253,0.743425958854657,0.7434259588546569,FLRT2,1
GO:0090049,regulation of cell migration involved in sprouting angiogenesis,1/71,34/12112,0.029411764705882353,5.017398508699254,1.8012531699964687,0.18140559360680253,0.743425958854657,0.7434259588546569,STARD13,1
GO:0120033,negative regulation of plasma membrane bounded cell projection assembly,1/71,34/12112,0.029411764705882353,5.017398508699254,1.8012531699964687,0.18140559360680253,0.743425958854657,0.7434259588546569,TRIM32,1
GO:2001239,regulation of extrinsic apoptotic signaling pathway in absence of ligand,1/71,34/12112,0.029411764705882353,5.017398508699254,1.8012531699964687,0.18140559360680253,0.743425958854657,0.7434259588546569,HSPA1B,1
GO:0060759,regulation of response to cytokine stimulus,2/71,133/12112,0.015037593984962405,2.5652864555755586,1.3937897409826225,0.1832220801451915,0.743425958854657,0.7434259588546569,TRIM32/HSPA1B,2
GO:0005978,glycogen biosynthetic process,1/71,35/12112,0.02857142857142857,4.874044265593561,1.7624100715866855,0.18621766537811546,0.743425958854657,0.7434259588546569,PPP1R3D,1
GO:0006479,protein methylation,1/71,35/12112,0.02857142857142857,4.874044265593561,1.7624100715866855,0.18621766537811546,0.743425958854657,0.7434259588546569,METTL18,1
GO:0008213,protein alkylation,1/71,35/12112,0.02857142857142857,4.874044265593561,1.7624100715866855,0.18621766537811546,0.743425958854657,0.7434259588546569,METTL18,1
GO:0009250,glucan biosynthetic process,1/71,35/12112,0.02857142857142857,4.874044265593561,1.7624100715866855,0.18621766537811546,0.743425958854657,0.7434259588546569,PPP1R3D,1
GO:0021517,ventral spinal cord development,1/71,35/12112,0.02857142857142857,4.874044265593561,1.7624100715866855,0.18621766537811546,0.743425958854657,0.7434259588546569,DMRT3,1
GO:0031112,positive regulation of microtubule polymerization or depolymerization,1/71,35/12112,0.02857142857142857,4.874044265593561,1.7624100715866855,0.18621766537811546,0.743425958854657,0.7434259588546569,HSPA1B,1
GO:0043331,response to dsRNA,1/71,35/12112,0.02857142857142857,4.874044265593561,1.7624100715866855,0.18621766537811546,0.743425958854657,0.7434259588546569,KCNJ8,1
GO:0044546,NLRP3 inflammasome complex assembly,1/71,35/12112,0.02857142857142857,4.874044265593561,1.7624100715866855,0.18621766537811546,0.743425958854657,0.7434259588546569,KCNJ8,1
GO:1902229,regulation of intrinsic apoptotic signaling pathway in response to DNA damage,1/71,35/12112,0.02857142857142857,4.874044265593561,1.7624100715866855,0.18621766537811546,0.743425958854657,0.7434259588546569,TRIM32,1
GO:0009411,response to UV,2/71,135/12112,0.014814814814814815,2.527282211789254,1.3702507588831818,0.18744735650539882,0.743425958854657,0.7434259588546569,TRIM32/BRCA2,2
GO:0035107,appendage morphogenesis,2/71,135/12112,0.014814814814814815,2.527282211789254,1.3702507588831818,0.18744735650539882,0.743425958854657,0.7434259588546569,DLX6/HOXD9,2
GO:0035108,limb morphogenesis,2/71,135/12112,0.014814814814814815,2.527282211789254,1.3702507588831818,0.18744735650539882,0.743425958854657,0.7434259588546569,DLX6/HOXD9,2
GO:0000966,RNA 5'-end processing,1/71,36/12112,0.027777777777777776,4.7386541471048504,1.7250150483010216,0.1910018457008904,0.743425958854657,0.7434259588546569,TRMT10C,1
GO:0032881,regulation of polysaccharide metabolic process,1/71,36/12112,0.027777777777777776,4.7386541471048504,1.7250150483010216,0.1910018457008904,0.743425958854657,0.7434259588546569,PPP1R3D,1
GO:0042311,vasodilation,1/71,36/12112,0.027777777777777776,4.7386541471048504,1.7250150483010216,0.1910018457008904,0.743425958854657,0.7434259588546569,KCNJ8,1
GO:0046677,response to antibiotic,1/71,36/12112,0.027777777777777776,4.7386541471048504,1.7250150483010216,0.1910018457008904,0.743425958854657,0.7434259588546569,CIITA,1
GO:0086009,membrane repolarization,1/71,36/12112,0.027777777777777776,4.7386541471048504,1.7250150483010216,0.1910018457008904,0.743425958854657,0.7434259588546569,KCNJ8,1
GO:0140632,canonical inflammasome complex assembly,1/71,36/12112,0.027777777777777776,4.7386541471048504,1.7250150483010216,0.1910018457008904,0.743425958854657,0.7434259588546569,KCNJ8,1
GO:0006109,regulation of carbohydrate metabolic process,2/71,137/12112,0.014598540145985401,2.490387580960214,1.347130421860575,0.19168666256001662,0.743425958854657,0.7434259588546569,GNB3/PPP1R3D,2
GO:0140013,meiotic nuclear division,2/71,137/12112,0.014598540145985401,2.490387580960214,1.347130421860575,0.19168666256001662,0.743425958854657,0.7434259588546569,BRCA2/BTBD18,2
GO:0010883,regulation of lipid storage,1/71,37/12112,0.02702702702702703,4.610582413399315,1.6889720122430962,0.19575829394163546,0.743425958854657,0.7434259588546569,HILPDA,1
GO:0017004,cytochrome complex assembly,1/71,37/12112,0.02702702702702703,4.610582413399315,1.6889720122430962,0.19575829394163546,0.743425958854657,0.7434259588546569,SCO2,1
GO:0021515,cell differentiation in spinal cord,1/71,37/12112,0.02702702702702703,4.610582413399315,1.6889720122430962,0.19575829394163546,0.743425958854657,0.7434259588546569,DMRT3,1
GO:0035337,fatty-acyl-CoA metabolic process,1/71,37/12112,0.02702702702702703,4.610582413399315,1.6889720122430962,0.19575829394163546,0.743425958854657,0.7434259588546569,HTD2,1
GO:1901570,fatty acid derivative biosynthetic process,1/71,37/12112,0.02702702702702703,4.610582413399315,1.6889720122430962,0.19575829394163546,0.743425958854657,0.7434259588546569,HTD2,1
GO:0007519,skeletal muscle tissue development,2/71,139/12112,0.014388489208633094,2.454554666126254,1.3244142807301675,0.1959391099931433,0.743425958854657,0.7434259588546569,HOXD9/SRPK3,2
GO:0051302,regulation of cell division,2/71,140/12112,0.014285714285714285,2.4370221327967805,1.3132034623507172,0.1980699891390036,0.743425958854657,0.7434259588546569,BRCA2/KLHL9,2
GO:0062207,regulation of pattern recognition receptor signaling pathway,2/71,140/12112,0.014285714285714285,2.4370221327967805,1.3132034623507172,0.1980699891390036,0.743425958854657,0.7434259588546569,TRIM32/HSPA1B,2
GO:0051056,regulation of small GTPase mediated signal transduction,3/71,263/12112,0.011406844106463879,1.9459112086970494,1.190899997808906,0.20002761821475817,0.743425958854657,0.7434259588546569,KBTBD7/STARD13/SPRY1,3
GO:0032964,collagen biosynthetic process,1/71,38/12112,0.02631578947368421,4.489251297257227,1.654193688309047,0.20048716856939064,0.743425958854657,0.7434259588546569,CIITA,1
GO:0046578,regulation of Ras protein signal transduction,1/71,38/12112,0.02631578947368421,4.489251297257227,1.654193688309047,0.20048716856939064,0.743425958854657,0.7434259588546569,SPRY1,1
GO:0050919,negative chemotaxis,1/71,38/12112,0.02631578947368421,4.489251297257227,1.654193688309047,0.20048716856939064,0.743425958854657,0.7434259588546569,FLRT2,1
GO:0042445,hormone metabolic process,2/71,142/12112,0.014084507042253521,2.4026978774052767,1.2910680536528112,0.20234052299007704,0.743425958854657,0.7434259588546569,GNB3/FOXE1,2
GO:0030010,establishment of cell polarity,2/71,143/12112,0.013986013986013986,2.3858957943464985,1.2801402721128066,0.20447996691767484,0.743425958854657,0.7434259588546569,KCNJ8/SPRY1,2
GO:0000184,"nuclear-transcribed mRNA catabolic process, nonsense-mediated decay",1/71,39/12112,0.02564102564102564,4.374142289635247,1.620600596885255,0.20518862716070863,0.743425958854657,0.7434259588546569,GSPT2,1
GO:0031111,negative regulation of microtubule polymerization or depolymerization,1/71,39/12112,0.02564102564102564,4.374142289635247,1.620600596885255,0.20518862716070863,0.743425958854657,0.7434259588546569,ATXN7,1
GO:0040001,establishment of mitotic spindle localization,1/71,39/12112,0.02564102564102564,4.374142289635247,1.620600596885255,0.20518862716070863,0.743425958854657,0.7434259588546569,SPRY1,1
GO:0045646,regulation of erythrocyte differentiation,1/71,39/12112,0.02564102564102564,4.374142289635247,1.620600596885255,0.20518862716070863,0.743425958854657,0.7434259588546569,HSPA1B,1
GO:2001222,regulation of neuron migration,1/71,39/12112,0.02564102564102564,4.374142289635247,1.620600596885255,0.20518862716070863,0.743425958854657,0.7434259588546569,FLRT2,1
GO:0001837,epithelial to mesenchymal transition,2/71,145/12112,0.013793103448275862,2.352986886838271,1.2585568601779247,0.2087666900795018,0.745204926623403,0.745204926623403,SPRY1/ALX1,2
GO:0030488,tRNA methylation,1/71,40/12112,0.025,4.264788732394367,1.5881201767767985,0.2098628264046073,0.745204926623403,0.745204926623403,TRMT10C,1
GO:0033260,nuclear DNA replication,1/71,40/12112,0.025,4.264788732394367,1.5881201767767985,0.2098628264046073,0.745204926623403,0.745204926623403,BRCA2,1
GO:0141084,inflammasome-mediated signaling pathway,1/71,40/12112,0.025,4.264788732394367,1.5881201767767985,0.2098628264046073,0.745204926623403,0.745204926623403,KCNJ8,1
GO:0051091,positive regulation of DNA-binding transcription factor activity,2/71,146/12112,0.0136986301369863,2.336870538298283,1.2478982605786801,0.21091376509573626,0.745204926623403,0.745204926623403,TRIM32/HSPA1B,2
GO:0010596,negative regulation of endothelial cell migration,1/71,41/12112,0.024390243902439025,4.1607694950188945,1.5566860260552118,0.21450992210749598,0.745204926623403,0.745204926623403,STARD13,1
GO:0032757,positive regulation of interleukin-8 production,1/71,41/12112,0.024390243902439025,4.1607694950188945,1.5566860260552118,0.21450992210749598,0.745204926623403,0.745204926623403,HSPA1B,1
GO:0051084,'de novo' post-translational protein folding,1/71,41/12112,0.024390243902439025,4.1607694950188945,1.5566860260552118,0.21450992210749598,0.745204926623403,0.745204926623403,HSPA1B,1
GO:0060236,regulation of mitotic spindle organization,1/71,41/12112,0.024390243902439025,4.1607694950188945,1.5566860260552118,0.21450992210749598,0.745204926623403,0.745204926623403,HSPA1B,1
GO:0060976,coronary vasculature development,1/71,41/12112,0.024390243902439025,4.1607694950188945,1.5566860260552118,0.21450992210749598,0.745204926623403,0.745204926623403,KCNJ8,1
GO:0002753,cytoplasmic pattern recognition receptor signaling pathway,2/71,148/12112,0.013513513513513514,2.3052912066996574,1.2268401094851145,0.21521483950005305,0.745204926623403,0.745204926623403,KCNJ8/HSPA1B,2
GO:0072331,signal transduction by p53 class mediator,2/71,148/12112,0.013513513513513514,2.3052912066996574,1.2268401094851145,0.21521483950005305,0.745204926623403,0.745204926623403,BRCA2/PHLDA3,2
GO:0048839,inner ear development,2/71,149/12112,0.013422818791946308,2.2898194536345593,1.2164377911633015,0.21736864107028947,0.745204926623403,0.745204926623403,DLX6/LRIG3,2
GO:0097193,intrinsic apoptotic signaling pathway,3/71,275/12112,0.01090909090909091,1.8609987195902693,1.1090111867039458,0.21826494741752833,0.745204926623403,0.745204926623403,TRIM32/BRCA2/PHLDA3,3
GO:0034142,toll-like receptor 4 signaling pathway,1/71,42/12112,0.023809523809523808,4.0617035546613005,1.5262372425149804,0.21913006919807387,0.745204926623403,0.745204926623403,TRIM32,1
GO:0048538,thymus development,1/71,42/12112,0.023809523809523808,4.0617035546613005,1.5262372425149804,0.21913006919807387,0.745204926623403,0.745204926623403,FOXE1,1
GO:0051294,establishment of spindle orientation,1/71,42/12112,0.023809523809523808,4.0617035546613005,1.5262372425149804,0.21913006919807387,0.745204926623403,0.745204926623403,SPRY1,1
GO:0060538,skeletal muscle organ development,2/71,151/12112,0.013245033112582781,2.259490719149333,1.195879987773519,0.2216822862524715,0.745204926623403,0.745204926623403,HOXD9/SRPK3,2
GO:0032722,positive regulation of chemokine production,1/71,43/12112,0.023255813953488372,3.9672453324598758,1.496717848634612,0.22372342173220294,0.745204926623403,0.745204926623403,TRIM32,1
GO:0051965,positive regulation of synapse assembly,1/71,43/12112,0.023255813953488372,3.9672453324598758,1.496717848634612,0.22372342173220294,0.745204926623403,0.745204926623403,FLRT2,1
GO:0070507,regulation of microtubule cytoskeleton organization,2/71,152/12112,0.013157894736842105,2.2446256486286136,1.1857219207054537,0.22384193829069518,0.745204926623403,0.745204926623403,HSPA1B/ATXN7,2
GO:0045089,positive regulation of innate immune response,3/71,279/12112,0.010752688172043012,1.8343177343631685,1.08261500651073,0.22442287388162604,0.745204926623403,0.745204926623403,TRIM32/KCNJ8/HSPA1B,3
GO:0007019,microtubule depolymerization,1/71,44/12112,0.022727272727272728,3.87708066581306,1.468076288522413,0.22829013289775235,0.745204926623403,0.745204926623403,ATXN7,1
GO:0010332,response to gamma radiation,1/71,44/12112,0.022727272727272728,3.87708066581306,1.468076288522413,0.22829013289775235,0.745204926623403,0.745204926623403,BRCA2,1
GO:0044786,cell cycle DNA replication,1/71,44/12112,0.022727272727272728,3.87708066581306,1.468076288522413,0.22829013289775235,0.745204926623403,0.745204926623403,BRCA2,1
GO:0086002,cardiac muscle cell action potential involved in contraction,1/71,44/12112,0.022727272727272728,3.87708066581306,1.468076288522413,0.22829013289775235,0.745204926623403,0.745204926623403,KCNJ8,1
GO:0071356,cellular response to tumor necrosis factor,2/71,155/12112,0.012903225806451613,2.201181281235802,1.1557161665699216,0.2303310841598019,0.745204926623403,0.745204926623403,TRIM32/HSPA1B,2
GO:0016601,Rac protein signal transduction,1/71,45/12112,0.022222222222222223,3.7909233176838812,1.440264986421217,0.23283035501941773,0.745204926623403,0.745204926623403,KBTBD7,1
GO:0060425,lung morphogenesis,1/71,45/12112,0.022222222222222223,3.7909233176838812,1.440264986421217,0.23283035501941773,0.745204926623403,0.745204926623403,SPRY1,1
GO:0090224,regulation of spindle organization,1/71,45/12112,0.022222222222222223,3.7909233176838812,1.440264986421217,0.23283035501941773,0.745204926623403,0.745204926623403,HSPA1B,1
GO:1902116,negative regulation of organelle assembly,1/71,45/12112,0.022222222222222223,3.7909233176838812,1.440264986421217,0.23283035501941773,0.745204926623403,0.745204926623403,TRIM32,1
GO:2000785,regulation of autophagosome assembly,1/71,45/12112,0.022222222222222223,3.7909233176838812,1.440264986421217,0.23283035501941773,0.745204926623403,0.745204926623403,TRIM32,1
GO:0007626,locomotory behavior,2/71,157/12112,0.012738853503184714,2.1731407553601865,1.1360908362386477,0.23466475292742067,0.745204926623403,0.745204926623403,DMRT3/HOXD9,2
GO:1903046,meiotic cell cycle process,2/71,157/12112,0.012738853503184714,2.1731407553601865,1.1360908362386477,0.23466475292742067,0.745204926623403,0.745204926623403,BRCA2/BTBD18,2
GO:0001501,skeletal system development,4/71,423/12112,0.009456264775413711,1.6131588585888856,0.9856946734459954,0.23570772175106378,0.745204926623403,0.745204926623403,DLX6/HOXC8/HOXD9/ALX1,4
GO:0000910,cytokinesis,2/71,158/12112,0.012658227848101266,2.1593866999465146,1.1263882979989046,0.23683358798061047,0.745204926623403,0.745204926623403,BRCA2/KLHL9,2
GO:1902850,microtubule cytoskeleton organization involved in mitosis,2/71,158/12112,0.012658227848101266,2.1593866999465146,1.1263882979989046,0.23683358798061047,0.745204926623403,0.745204926623403,SPRY1/HSPA1B,2
GO:0006458,'de novo' protein folding,1/71,46/12112,0.021739130434782608,3.708511941212492,1.4132399580519406,0.2373442395635148,0.745204926623403,0.745204926623403,HSPA1B,1
GO:0007020,microtubule nucleation,1/71,46/12112,0.021739130434782608,3.708511941212492,1.4132399580519406,0.2373442395635148,0.745204926623403,0.745204926623403,HSPA1B,1
GO:0060042,retina morphogenesis in camera-type eye,1/71,46/12112,0.021739130434782608,3.708511941212492,1.4132399580519406,0.2373442395635148,0.745204926623403,0.745204926623403,FJX1,1
GO:0150076,neuroinflammatory response,1/71,46/12112,0.021739130434782608,3.708511941212492,1.4132399580519406,0.2373442395635148,0.745204926623403,0.745204926623403,KCNJ8,1
GO:0002042,cell migration involved in sprouting angiogenesis,1/71,47/12112,0.02127659574468085,3.6296074318249922,1.386960467471804,0.2418319371427451,0.745204926623403,0.745204926623403,STARD13,1
GO:0007528,neuromuscular junction development,1/71,47/12112,0.02127659574468085,3.6296074318249922,1.386960467471804,0.2418319371427451,0.745204926623403,0.745204926623403,KCNJ8,1
GO:0038066,p38MAPK cascade,1/71,47/12112,0.02127659574468085,3.6296074318249922,1.386960467471804,0.2418319371427451,0.745204926623403,0.745204926623403,KCNJ8,1
GO:0048599,oocyte development,1/71,47/12112,0.02127659574468085,3.6296074318249922,1.386960467471804,0.2418319371427451,0.745204926623403,0.745204926623403,BRCA2,1
GO:1901976,regulation of cell cycle checkpoint,1/71,47/12112,0.02127659574468085,3.6296074318249922,1.386960467471804,0.2418319371427451,0.745204926623403,0.745204926623403,BRCA2,1
GO:0015980,energy derivation by oxidation of organic compounds,3/71,291/12112,0.010309278350515464,1.758675765935821,1.0059201224016918,0.24309926376378047,0.745204926623403,0.745204926623403,PPP1R3D/C2orf69/SCO2,3
GO:0009994,oocyte differentiation,1/71,48/12112,0.020833333333333332,3.553990610328638,1.361388723270933,0.24629359752093527,0.745204926623403,0.745204926623403,BRCA2,1
GO:0019083,viral transcription,1/71,48/12112,0.020833333333333332,3.553990610328638,1.361388723270933,0.24629359752093527,0.745204926623403,0.745204926623403,TRIM32,1
GO:0035384,thioester biosynthetic process,1/71,48/12112,0.020833333333333332,3.553990610328638,1.361388723270933,0.24629359752093527,0.745204926623403,0.745204926623403,HTD2,1
GO:0071616,acyl-CoA biosynthetic process,1/71,48/12112,0.020833333333333332,3.553990610328638,1.361388723270933,0.24629359752093527,0.745204926623403,0.745204926623403,HTD2,1
GO:0022613,ribonucleoprotein complex biogenesis,4/71,432/12112,0.009259259259259259,1.5795513823682836,0.9418902391534699,0.24716957861408737,0.745204926623403,0.745204926623403,RPS9/METTL18/SRPK3/FDXACB1,4
GO:0042254,ribosome biogenesis,3/71,294/12112,0.01020408163265306,1.7407300948548432,0.9873009625357868,0.24781059713925918,0.745204926623403,0.745204926623403,RPS9/METTL18/FDXACB1,3
GO:0031297,replication fork processing,1/71,49/12112,0.02040816326530612,3.4814601897096864,1.3364896088791127,0.2507293696177533,0.745204926623403,0.745204926623403,BRCA2,1
GO:0032968,positive regulation of transcription elongation by RNA polymerase II,1/71,49/12112,0.02040816326530612,3.4814601897096864,1.3364896088791127,0.2507293696177533,0.745204926623403,0.745204926623403,BTBD18,1
GO:0043470,regulation of carbohydrate catabolic process,1/71,49/12112,0.02040816326530612,3.4814601897096864,1.3364896088791127,0.2507293696177533,0.745204926623403,0.745204926623403,PPP1R3D,1
GO:0051898,negative regulation of phosphatidylinositol 3-kinase/protein kinase B signal transduction,1/71,49/12112,0.02040816326530612,3.4814601897096864,1.3364896088791127,0.2507293696177533,0.745204926623403,0.745204926623403,PHLDA3,1
GO:0140895,cell surface toll-like receptor signaling pathway,1/71,49/12112,0.02040816326530612,3.4814601897096864,1.3364896088791127,0.2507293696177533,0.745204926623403,0.745204926623403,TRIM32,1
GO:0002833,positive regulation of response to biotic stimulus,3/71,296/12112,0.010135135135135136,1.7289684050247431,0.9750058425148723,0.2509598465559761,0.745204926623403,0.745204926623403,TRIM32/KCNJ8/HSPA1B,3
GO:0002931,response to ischemia,1/71,50/12112,0.02,3.411830985915493,1.3122304425408091,0.2551394015133962,0.7453952051724776,0.7453952051724776,KCNJ8,1
GO:0003229,ventricular cardiac muscle tissue development,1/71,50/12112,0.02,3.411830985915493,1.3122304425408091,0.2551394015133962,0.7453952051724776,0.7453952051724776,KCNJ8,1
GO:0010718,positive regulation of epithelial to mesenchymal transition,1/71,50/12112,0.02,3.411830985915493,1.3122304425408091,0.2551394015133962,0.7453952051724776,0.7453952051724776,ALX1,1
GO:0034198,cellular response to amino acid starvation,1/71,50/12112,0.02,3.411830985915493,1.3122304425408091,0.2551394015133962,0.7453952051724776,0.7453952051724776,TRIM32,1
GO:0097192,extrinsic apoptotic signaling pathway in absence of ligand,1/71,50/12112,0.02,3.411830985915493,1.3122304425408091,0.2551394015133962,0.7453952051724776,0.7453952051724776,HSPA1B,1
GO:0048736,appendage development,2/71,167/12112,0.011976047904191617,2.043012566416463,1.042179671518745,0.2563975268049511,0.7453952051724776,0.7453952051724776,DLX6/HOXD9,2
GO:0060173,limb development,2/71,167/12112,0.011976047904191617,2.043012566416463,1.042179671518745,0.2563975268049511,0.7453952051724776,0.7453952051724776,DLX6/HOXD9,2
GO:0002752,cell surface pattern recognition receptor signaling pathway,1/71,51/12112,0.0196078431372549,3.3449323391328365,1.2885807631714485,0.2595238404532527,0.7475193018068851,0.7475193018068851,TRIM32,1
GO:0038034,signal transduction in absence of ligand,1/71,51/12112,0.0196078431372549,3.3449323391328365,1.2885807631714485,0.2595238404532527,0.7475193018068851,0.7475193018068851,HSPA1B,1
GO:0010876,lipid localization,3/71,302/12112,0.009933774834437087,1.6946180393619998,0.9386690073790261,0.2604446075661034,0.7475193018068851,0.7475193018068851,KCNJ8/HILPDA/SLC10A5,3
GO:0015711,organic anion transport,3/71,303/12112,0.009900990099009901,1.6890252405522244,0.9326909924947483,0.2620304310606753,0.7475193018068851,0.7475193018068851,KCNJ8/SLC16A14/SLC10A5,3
GO:0048525,negative regulation of viral process,1/71,52/12112,0.019230769230769232,3.2806067172264357,1.2655121388554367,0.263882832852541,0.7475193018068851,0.7475193018068851,TRIM32,1
GO:0043583,ear development,2/71,171/12112,0.011695906432748537,1.9952227987809898,1.006435438321904,0.2651082173653252,0.7475193018068851,0.7475193018068851,DLX6/LRIG3,2
GO:0009952,anterior/posterior pattern specification,2/71,172/12112,0.011627906976744186,1.9836226662299379,0.997650641589473,0.26728646302499437,0.7475193018068851,0.7475193018068851,HOXC8/HOXD9,2
GO:0000271,polysaccharide biosynthetic process,1/71,53/12112,0.018867924528301886,3.2187084772787666,1.2429979952058565,0.268216524300922,0.7475193018068851,0.7475193018068851,PPP1R3D,1
GO:0015800,acidic amino acid transport,1/71,53/12112,0.018867924528301886,3.2187084772787666,1.2429979952058565,0.268216524300922,0.7475193018068851,0.7475193018068851,KCNJ8,1
GO:0034605,cellular response to heat,1/71,53/12112,0.018867924528301886,3.2187084772787666,1.2429979952058565,0.268216524300922,0.7475193018068851,0.7475193018068851,HSPA1B,1
GO:0051293,establishment of spindle localization,1/71,53/12112,0.018867924528301886,3.2187084772787666,1.2429979952058565,0.268216524300922,0.7475193018068851,0.7475193018068851,SPRY1,1
GO:1990928,response to amino acid starvation,1/71,53/12112,0.018867924528301886,3.2187084772787666,1.2429979952058565,0.268216524300922,0.7475193018068851,0.7475193018068851,TRIM32,1
GO:0001654,eye development,3/71,307/12112,0.009771986970684038,1.6670183970271137,0.9089958544935337,0.2683868289500911,0.7475193018068851,0.7475193018068851,SPRY1/FJX1/SCO2,3
GO:0003012,muscle system process,3/71,308/12112,0.00974025974025974,1.6616059996341688,0.9031254710058967,0.2699790336734009,0.7475193018068851,0.7475193018068851,MYOT/KCNJ8/SCO2,3
GO:0150063,visual system development,3/71,309/12112,0.009708737864077669,1.6562286339395595,0.8972761225678424,0.271572412706013,0.7475193018068851,0.7475193018068851,SPRY1/FJX1/SCO2,3
GO:0034612,response to tumor necrosis factor,2/71,174/12112,0.011494252873563218,1.9608224056985593,0.9802567850548097,0.27164311009337716,0.7475193018068851,0.7475193018068851,TRIM32/HSPA1B,2
GO:0032637,interleukin-8 production,1/71,54/12112,0.018518518518518517,3.1591027647365673,1.2210134611926773,0.27252505956708273,0.7475193018068851,0.7475193018068851,HSPA1B,1
GO:0032677,regulation of interleukin-8 production,1/71,54/12112,0.018518518518518517,3.1591027647365673,1.2210134611926773,0.27252505956708273,0.7475193018068851,0.7475193018068851,HSPA1B,1
GO:0051058,negative regulation of small GTPase mediated signal transduction,1/71,54/12112,0.018518518518518517,3.1591027647365673,1.2210134611926773,0.27252505956708273,0.7475193018068851,0.7475193018068851,SPRY1,1
GO:0051149,positive regulation of muscle cell differentiation,1/71,54/12112,0.018518518518518517,3.1591027647365673,1.2210134611926773,0.27252505956708273,0.7475193018068851,0.7475193018068851,TRIM32,1
GO:0044088,regulation of vacuole organization,1/71,55/12112,0.01818181818181818,3.101664532650448,1.1995352303732976,0.27680858260330243,0.7503061635003033,0.7503061635003032,TRIM32,1
GO:0048663,neuron fate commitment,1/71,55/12112,0.01818181818181818,3.101664532650448,1.1995352303732976,0.27680858260330243,0.7503061635003033,0.7503061635003032,DMRT3,1
GO:0070373,negative regulation of ERK1 and ERK2 cascade,1/71,55/12112,0.01818181818181818,3.101664532650448,1.1995352303732976,0.27680858260330243,0.7503061635003033,0.7503061635003032,SPRY1,1
GO:1901568,fatty acid derivative metabolic process,1/71,55/12112,0.01818181818181818,3.101664532650448,1.1995352303732976,0.27680858260330243,0.7503061635003033,0.7503061635003032,HTD2,1
GO:0001819,positive regulation of cytokine production,3/71,313/12112,0.009584664536741214,1.6350627728029519,0.8740859142397349,0.27795700122869393,0.7503061635003033,0.7503061635003032,TRIM32/HILPDA/HSPA1B,3
GO:0000724,double-strand break repair via homologous recombination,2/71,177/12112,0.011299435028248588,1.9275881276358715,0.9545935621521052,0.2781773623688045,0.7503061635003033,0.7503061635003032,BRCA2/USP51,2
GO:0048880,sensory system development,3/71,314/12112,0.009554140127388535,1.62985556652014,0.868339382249581,0.2795557500558986,0.7519352723110181,0.7519352723110182,SPRY1/FJX1/SCO2,3
GO:0048645,animal organ formation,1/71,56/12112,0.017857142857142856,3.0462776659959756,1.1785414357364472,0.2810672365499861,0.7539123941713716,0.7539123941713715,SPRY1,1
GO:0000959,mitochondrial RNA metabolic process,1/71,57/12112,0.017543859649122806,2.9928341981714848,1.1580115366062411,0.2853011637401781,0.7548431334924058,0.7548431334924058,TRMT10C,1
GO:0016073,snRNA metabolic process,1/71,57/12112,0.017543859649122806,2.9928341981714848,1.1580115366062411,0.2853011637401781,0.7548431334924058,0.7548431334924058,CDK7,1
GO:0032786,"positive regulation of DNA-templated transcription, elongation",1/71,57/12112,0.017543859649122806,2.9928341981714848,1.1580115366062411,0.2853011637401781,0.7548431334924058,0.7548431334924058,BTBD18,1
GO:0045005,DNA-templated DNA replication maintenance of fidelity,1/71,57/12112,0.017543859649122806,2.9928341981714848,1.1580115366062411,0.2853011637401781,0.7548431334924058,0.7548431334924058,BRCA2,1
GO:0051653,spindle localization,1/71,57/12112,0.017543859649122806,2.9928341981714848,1.1580115366062411,0.2853011637401781,0.7548431334924058,0.7548431334924058,SPRY1,1
GO:0000725,recombinational repair,2/71,181/12112,0.011049723756906077,1.8849894949809354,0.9211426229500307,0.2868853438913359,0.75492051197422,0.7549205119742199,BRCA2/USP51,2
GO:0045862,positive regulation of proteolysis,2/71,181/12112,0.011049723756906077,1.8849894949809354,0.9211426229500307,0.2868853438913359,0.75492051197422,0.7549205119742199,TRIM32/HSPA1B,2
GO:0045732,positive regulation of protein catabolic process,2/71,182/12112,0.01098901098901099,1.8746324098436775,0.9129120437959412,0.2890610968605567,0.7556846802113713,0.7556846802113711,TRIM32/HSPA1B,2
GO:0062208,positive regulation of pattern recognition receptor signaling pathway,1/71,58/12112,0.017241379310344827,2.9412336085478388,1.1379262162543535,0.28951050570404746,0.7556846802113713,0.7556846802113711,HSPA1B,1
GO:0070534,protein K63-linked ubiquitination,1/71,58/12112,0.017241379310344827,2.9412336085478388,1.1379262162543535,0.28951050570404746,0.7556846802113713,0.7556846802113711,TRIM32,1
GO:0014706,striated muscle tissue development,3/71,322/12112,0.009316770186335404,1.5893622605196396,0.8230784937315263,0.2923780937759623,0.7571854064932226,0.7571854064932226,KCNJ8/HOXD9/SRPK3,3
GO:0032602,chemokine production,1/71,59/12112,0.01694915254237288,2.8913821914538076,1.1182672890403438,0.2936954031733534,0.7571854064932226,0.7571854064932226,TRIM32,1
GO:0032642,regulation of chemokine production,1/71,59/12112,0.01694915254237288,2.8913821914538076,1.1182672890403438,0.2936954031733534,0.7571854064932226,0.7571854064932226,TRIM32,1
GO:0061180,mammary gland epithelium development,1/71,59/12112,0.01694915254237288,2.8913821914538076,1.1182672890403438,0.2936954031733534,0.7571854064932226,0.7571854064932226,BRCA2,1
GO:0006417,regulation of translation,3/71,323/12112,0.009287925696594427,1.58444163432608,0.8175076438451566,0.29398444721724504,0.7571854064932226,0.7571854064932226,RPS9/METTL18/TRMT10C,3
GO:0031113,regulation of microtubule polymerization,1/71,60/12112,0.016666666666666666,2.8431924882629107,1.0990176160478782,0.29785599608588054,0.7622506328064321,0.762250632806432,HSPA1B,1
GO:0002220,innate immune response activating cell surface receptor signaling pathway,1/71,61/12112,0.01639344262295082,2.796582775340568,1.0801610283116356,0.3019924235898551,0.7622506328064321,0.762250632806432,TRIM32,1
GO:0003407,neural retina development,1/71,61/12112,0.01639344262295082,2.796582775340568,1.0801610283116356,0.3019924235898551,0.7622506328064321,0.762250632806432,FJX1,1
GO:2001234,negative regulation of apoptotic signaling pathway,2/71,188/12112,0.010638297872340425,1.8148037159124961,0.8645872766233922,0.3021000251978667,0.7622506328064321,0.762250632806432,TRIM32/HSPA1B,2
GO:0014823,response to activity,1/71,62/12112,0.016129032258064516,2.751476601544752,1.061682256839282,0.3061048240483335,0.7622506328064321,0.762250632806432,SCO2,1
GO:0050821,protein stabilization,2/71,190/12112,0.010526315789473684,1.795700518902891,0.8488672554163984,0.3064388500808879,0.7622506328064321,0.762250632806432,CDK7/HSPA1B,2
GO:0006414,translational elongation,1/71,63/12112,0.015873015873015872,2.7078023697742006,1.0435668687277202,0.3101933350435673,0.7622506328064321,0.762250632806432,METTL18,1
GO:0032024,positive regulation of insulin secretion,1/71,63/12112,0.015873015873015872,2.7078023697742006,1.0435668687277202,0.3101933350435673,0.7622506328064321,0.762250632806432,NNAT,1
GO:0042116,macrophage activation,1/71,63/12112,0.015873015873015872,2.7078023697742006,1.0435668687277202,0.3101933350435673,0.7622506328064321,0.762250632806432,KCNJ8,1
GO:0086003,cardiac muscle cell contraction,1/71,63/12112,0.015873015873015872,2.7078023697742006,1.0435668687277202,0.3101933350435673,0.7622506328064321,0.762250632806432,KCNJ8,1
GO:1901880,negative regulation of protein depolymerization,1/71,63/12112,0.015873015873015872,2.7078023697742006,1.0435668687277202,0.3101933350435673,0.7622506328064321,0.762250632806432,ATXN7,1
GO:1904888,cranial skeletal system development,1/71,63/12112,0.015873015873015872,2.7078023697742006,1.0435668687277202,0.3101933350435673,0.7622506328064321,0.762250632806432,FOXE1,1
GO:0045088,regulation of innate immune response,3/71,334/12112,0.008982035928143712,1.5322594248123471,0.757440838375846,0.3116927168879809,0.7622506328064321,0.762250632806432,TRIM32/KCNJ8/HSPA1B,3
GO:0000082,G1/S transition of mitotic cell cycle,2/71,193/12112,0.010362694300518135,1.7677880756038824,0.8256348300437216,0.31293836174411893,0.7622506328064321,0.762250632806432,CDK7/CCNB3,2
GO:0007411,axon guidance,2/71,193/12112,0.010362694300518135,1.7677880756038824,0.8256348300437216,0.31293836174411893,0.7622506328064321,0.762250632806432,MYOT/FLRT2,2
GO:0002088,lens development in camera-type eye,1/71,64/12112,0.015625,2.665492957746479,1.0258012087549815,0.3142580933813467,0.7622506328064321,0.762250632806432,SPRY1,1
GO:0071479,cellular response to ionizing radiation,1/71,64/12112,0.015625,2.665492957746479,1.0258012087549815,0.3142580933813467,0.7622506328064321,0.762250632806432,BRCA2,1
GO:0086001,cardiac muscle cell action potential,1/71,64/12112,0.015625,2.665492957746479,1.0258012087549815,0.3142580933813467,0.7622506328064321,0.762250632806432,KCNJ8,1
GO:0097485,neuron projection guidance,2/71,194/12112,0.010309278350515464,1.758675765935821,0.8179811288603215,0.31510229907811405,0.7622506328064321,0.762250632806432,MYOT/FLRT2,2
GO:0009953,dorsal/ventral pattern formation,1/71,65/12112,0.015384615384615385,2.6244853737811487,1.008372345900569,0.31829923509531777,0.7622506328064321,0.762250632806432,DMRT3,1
GO:0060537,muscle tissue development,3/71,340/12112,0.008823529411764706,1.5052195526097765,0.7255751160482227,0.3213721120625241,0.7622506328064321,0.762250632806432,KCNJ8/HOXD9/SRPK3,3
GO:0007163,establishment or maintenance of cell polarity,2/71,199/12112,0.010050251256281407,1.7144879326208506,0.7803667627007356,0.32590012852142347,0.7622506328064321,0.762250632806432,KCNJ8/SPRY1,2
GO:0015908,fatty acid transport,1/71,67/12112,0.014925373134328358,2.5461425268026066,0.9744766182676905,0.3263112089514394,0.7622506328064321,0.762250632806432,KCNJ8,1
GO:0048145,regulation of fibroblast proliferation,1/71,67/12112,0.014925373134328358,2.5461425268026066,0.9744766182676905,0.3263112089514394,0.7622506328064321,0.762250632806432,TRIM32,1
GO:0055006,cardiac cell development,1/71,67/12112,0.014925373134328358,2.5461425268026066,0.9744766182676905,0.3263112089514394,0.7622506328064321,0.762250632806432,SPRY1,1
GO:0061077,chaperone-mediated protein folding,1/71,67/12112,0.014925373134328358,2.5461425268026066,0.9744766182676905,0.3263112089514394,0.7622506328064321,0.762250632806432,HSPA1B,1
GO:1902017,regulation of cilium assembly,1/71,67/12112,0.014925373134328358,2.5461425268026066,0.9744766182676905,0.3263112089514394,0.7622506328064321,0.762250632806432,TRIM32,1
GO:0019915,lipid storage,1/71,68/12112,0.014705882352941176,2.508699254349627,0.957987090810571,0.3302823093386912,0.7622506328064321,0.762250632806432,HILPDA,1
GO:0042475,odontogenesis of dentin-containing tooth,1/71,68/12112,0.014705882352941176,2.508699254349627,0.957987090810571,0.3302823093386912,0.7622506328064321,0.762250632806432,DMRT3,1
GO:0170062,nutrient storage,1/71,68/12112,0.014705882352941176,2.508699254349627,0.957987090810571,0.3302823093386912,0.7622506328064321,0.762250632806432,HILPDA,1
GO:0007416,synapse assembly,2/71,202/12112,0.009900990099009901,1.6890252405522244,0.7583031038036464,0.3323593294857573,0.7622506328064321,0.762250632806432,KCNJ8/FLRT2,2
GO:0010817,regulation of hormone levels,3/71,347/12112,0.008645533141210375,1.474854893047043,0.6891560725608024,0.33267215158901386,0.7622506328064321,0.762250632806432,NNAT/GNB3/FOXE1,3
GO:0031349,positive regulation of defense response,3/71,347/12112,0.008645533141210375,1.474854893047043,0.6891560725608024,0.33267215158901386,0.7622506328064321,0.762250632806432,TRIM32/KCNJ8/HSPA1B,3
GO:0097190,apoptotic signaling pathway,4/71,498/12112,0.008032128514056224,1.3702132473556194,0.6478338160194556,0.33418444485140486,0.7622506328064321,0.762250632806432,TRIM32/BRCA2/PHLDA3/HSPA1B,4
GO:0001656,metanephros development,1/71,69/12112,0.014492753623188406,2.4723412941416614,0.941788955615002,0.33423032960080945,0.7622506328064321,0.762250632806432,SPRY1,1
GO:0002027,regulation of heart rate,1/71,69/12112,0.014492753623188406,2.4723412941416614,0.941788955615002,0.33423032960080945,0.7622506328064321,0.762250632806432,KCNJ8,1
GO:0005977,glycogen metabolic process,1/71,69/12112,0.014492753623188406,2.4723412941416614,0.941788955615002,0.33423032960080945,0.7622506328064321,0.762250632806432,PPP1R3D,1
GO:0006641,triglyceride metabolic process,1/71,69/12112,0.014492753623188406,2.4723412941416614,0.941788955615002,0.33423032960080945,0.7622506328064321,0.762250632806432,GNB3,1
GO:0015807,L-amino acid transport,1/71,69/12112,0.014492753623188406,2.4723412941416614,0.941788955615002,0.33423032960080945,0.7622506328064321,0.762250632806432,KCNJ8,1
GO:0051153,regulation of striated muscle cell differentiation,1/71,69/12112,0.014492753623188406,2.4723412941416614,0.941788955615002,0.33423032960080945,0.7622506328064321,0.762250632806432,TRIM32,1
GO:0051298,centrosome duplication,1/71,69/12112,0.014492753623188406,2.4723412941416614,0.941788955615002,0.33423032960080945,0.7622506328064321,0.762250632806432,BRCA2,1
GO:0002757,immune response-activating signaling pathway,3/71,350/12112,0.008571428571428572,1.4622132796780687,0.6737887442488455,0.3375151943337592,0.7622506328064321,0.762250632806432,TRIM32/KCNJ8/HSPA1B,3
GO:0043242,negative regulation of protein-containing complex disassembly,1/71,70/12112,0.014285714285714285,2.4370221327967805,0.9258722418779982,0.33815540197466476,0.7622506328064321,0.762250632806432,ATXN7,1
GO:0090277,positive regulation of peptide hormone secretion,1/71,70/12112,0.014285714285714285,2.4370221327967805,0.9258722418779982,0.33815540197466476,0.7622506328064321,0.762250632806432,NNAT,1
GO:0090307,mitotic spindle assembly,1/71,70/12112,0.014285714285714285,2.4370221327967805,0.9258722418779982,0.33815540197466476,0.7622506328064321,0.762250632806432,HSPA1B,1
GO:0002793,positive regulation of peptide secretion,1/71,71/12112,0.014084507042253521,2.4026978774052767,0.9102274619044909,0.34205765795039966,0.7622506328064321,0.762250632806432,NNAT,1
GO:0006303,double-strand break repair via nonhomologous end joining,1/71,71/12112,0.014084507042253521,2.4026978774052767,0.9102274619044909,0.34205765795039966,0.7622506328064321,0.762250632806432,USP51,1
GO:0031397,negative regulation of protein ubiquitination,1/71,71/12112,0.014084507042253521,2.4026978774052767,0.9102274619044909,0.34205765795039966,0.7622506328064321,0.762250632806432,HSPA1B,1
GO:0044042,glucan metabolic process,1/71,71/12112,0.014084507042253521,2.4026978774052767,0.9102274619044909,0.34205765795039966,0.7622506328064321,0.762250632806432,PPP1R3D,1
GO:0045666,positive regulation of neuron differentiation,1/71,71/12112,0.014084507042253521,2.4026978774052767,0.9102274619044909,0.34205765795039966,0.7622506328064321,0.762250632806432,TRIM32,1
GO:1905954,positive regulation of lipid localization,1/71,71/12112,0.014084507042253521,2.4026978774052767,0.9102274619044909,0.34205765795039966,0.7622506328064321,0.762250632806432,HILPDA,1
GO:0007548,sex differentiation,2/71,208/12112,0.009615384615384616,1.6403033586132179,0.7152516798413123,0.34522714595568194,0.7622506328064321,0.762250632806432,DMRT3/BRCA2,2
GO:0000245,spliceosomal complex assembly,1/71,72/12112,0.013888888888888888,2.3693270735524252,0.8948455811615161,0.34593722827558204,0.7622506328064321,0.762250632806432,SRPK3,1
GO:0032436,positive regulation of proteasomal ubiquitin-dependent protein catabolic process,1/71,72/12112,0.013888888888888888,2.3693270735524252,0.8948455811615161,0.34593722827558204,0.7622506328064321,0.762250632806432,HSPA1B,1
GO:0045639,positive regulation of myeloid cell differentiation,1/71,72/12112,0.013888888888888888,2.3693270735524252,0.8948455811615161,0.34593722827558204,0.7622506328064321,0.762250632806432,HSPA1B,1
GO:0048732,gland development,3/71,356/12112,0.008426966292134831,1.4375692356385503,0.6434723481897484,0.3471976130772081,0.7622506328064321,0.762250632806432,HOXD9/BRCA2/FOXE1,3
GO:0006364,rRNA processing,2/71,210/12112,0.009523809523809525,1.6246814218645207,0.7012068706086357,0.3494999431065243,0.7622506328064321,0.762250632806432,METTL18/FDXACB1,2
GO:1902115,regulation of organelle assembly,2/71,210/12112,0.009523809523809525,1.6246814218645207,0.7012068706086357,0.3494999431065243,0.7622506328064321,0.762250632806432,TRIM32/HSPA1B,2
GO:0010232,vascular transport,1/71,73/12112,0.0136986301369863,2.336870538298283,0.8797179905793637,0.34979424295933903,0.7622506328064321,0.762250632806432,KCNJ8,1
GO:0035023,regulation of Rho protein signal transduction,1/71,73/12112,0.0136986301369863,2.336870538298283,0.8797179905793637,0.34979424295933903,0.7622506328064321,0.762250632806432,STARD13,1
GO:0035249,"synaptic transmission, glutamatergic",1/71,73/12112,0.0136986301369863,2.336870538298283,0.8797179905793637,0.34979424295933903,0.7622506328064321,0.762250632806432,KCNJ8,1
GO:0048477,oogenesis,1/71,73/12112,0.0136986301369863,2.336870538298283,0.8797179905793637,0.34979424295933903,0.7622506328064321,0.762250632806432,BRCA2,1
GO:0150104,transport across blood-brain barrier,1/71,73/12112,0.0136986301369863,2.336870538298283,0.8797179905793637,0.34979424295933903,0.7622506328064321,0.762250632806432,KCNJ8,1
GO:0048762,mesenchymal cell differentiation,2/71,211/12112,0.009478672985781991,1.616981509912556,0.694239863346769,0.35163303316657224,0.7622506328064321,0.762250632806432,SPRY1/ALX1,2
GO:0001942,hair follicle development,1/71,74/12112,0.013513513513513514,2.3052912066996574,0.8648364809026875,0.3536288312764655,0.7622506328064321,0.762250632806432,FOXE1,1
GO:0018210,peptidyl-threonine modification,1/71,74/12112,0.013513513513513514,2.3052912066996574,0.8648364809026875,0.3536288312764655,0.7622506328064321,0.762250632806432,GALNT4,1
GO:0043255,regulation of carbohydrate biosynthetic process,1/71,74/12112,0.013513513513513514,2.3052912066996574,0.8648364809026875,0.3536288312764655,0.7622506328064321,0.762250632806432,PPP1R3D,1
GO:2001237,negative regulation of extrinsic apoptotic signaling pathway,1/71,74/12112,0.013513513513513514,2.3052912066996574,0.8648364809026875,0.3536288312764655,0.7622506328064321,0.762250632806432,HSPA1B,1
GO:0045333,cellular respiration,2/71,213/12112,0.009389671361502348,1.6017985849368512,0.680414609364935,0.35589236099149546,0.7622506328064321,0.762250632806432,C2orf69/SCO2,2
GO:0006112,energy reserve metabolic process,1/71,75/12112,0.013333333333333334,2.274553990610329,0.8501932189142619,0.3574411217715122,0.7622506328064321,0.762250632806432,PPP1R3D,1
GO:0006835,dicarboxylic acid transport,1/71,75/12112,0.013333333333333334,2.274553990610329,0.8501932189142619,0.3574411217715122,0.7622506328064321,0.762250632806432,KCNJ8,1
GO:0007422,peripheral nervous system development,1/71,75/12112,0.013333333333333334,2.274553990610329,0.8501932189142619,0.3574411217715122,0.7622506328064321,0.762250632806432,HOXD9,1
GO:0044843,cell cycle G1/S phase transition,2/71,215/12112,0.009302325581395349,1.5868981329839502,0.6667317323065507,0.3601422458442478,0.7622506328064321,0.762250632806432,CDK7/CCNB3,2
GO:0008585,female gonad development,1/71,76/12112,0.013157894736842105,2.2446256486286136,0.8357807253715561,0.3612312422628492,0.7622506328064321,0.762250632806432,BRCA2,1
GO:0019218,regulation of steroid metabolic process,1/71,76/12112,0.013157894736842105,2.2446256486286136,0.8357807253715561,0.3612312422628492,0.7622506328064321,0.762250632806432,GNB3,1
GO:0022404,molting cycle process,1/71,76/12112,0.013157894736842105,2.2446256486286136,0.8357807253715561,0.3612312422628492,0.7622506328064321,0.762250632806432,FOXE1,1
GO:0022405,hair cycle process,1/71,76/12112,0.013157894736842105,2.2446256486286136,0.8357807253715561,0.3612312422628492,0.7622506328064321,0.762250632806432,FOXE1,1
GO:0032963,collagen metabolic process,1/71,76/12112,0.013157894736842105,2.2446256486286136,0.8357807253715561,0.3612312422628492,0.7622506328064321,0.762250632806432,CIITA,1
GO:1901890,positive regulation of cell junction assembly,1/71,76/12112,0.013157894736842105,2.2446256486286136,0.8357807253715561,0.3612312422628492,0.7622506328064321,0.762250632806432,FLRT2,1
GO:0006282,regulation of DNA repair,2/71,216/12112,0.009259259259259259,1.5795513823682836,0.6599427195432442,0.3622635344415057,0.7622506328064321,0.762250632806432,USP51/ATXN7,2
GO:0000280,nuclear division,3/71,366/12112,0.00819672131147541,1.398291387670284,0.5941339346932004,0.36331066145451385,0.7622506328064321,0.762250632806432,BRCA2/HSPA1B/BTBD18,3
GO:0009408,response to heat,1/71,77/12112,0.012987012987012988,2.2154746661788915,0.8215918545118565,0.3649993198467092,0.7622506328064321,0.762250632806432,HSPA1B,1
GO:0010569,regulation of double-strand break repair via homologous recombination,1/71,77/12112,0.012987012987012988,2.2154746661788915,0.8215918545118565,0.3649993198467092,0.7622506328064321,0.762250632806432,USP51,1
GO:0018958,phenol-containing compound metabolic process,1/71,77/12112,0.012987012987012988,2.2154746661788915,0.8215918545118565,0.3649993198467092,0.7622506328064321,0.762250632806432,FOXE1,1
GO:0043535,regulation of blood vessel endothelial cell migration,1/71,77/12112,0.012987012987012988,2.2154746661788915,0.8215918545118565,0.3649993198467092,0.7622506328064321,0.762250632806432,STARD13,1
GO:0090288,negative regulation of cellular response to growth factor stimulus,1/71,77/12112,0.012987012987012988,2.2154746661788915,0.8215918545118565,0.3649993198467092,0.7622506328064321,0.762250632806432,SPRY1,1
GO:0021510,spinal cord development,1/71,78/12112,0.01282051282051282,2.1870711448176237,0.80761977499553,0.36874548090120696,0.7622506328064321,0.762250632806432,DMRT3,1
GO:0030968,endoplasmic reticulum unfolded protein response,1/71,78/12112,0.01282051282051282,2.1870711448176237,0.80761977499553,0.36874548090120696,0.7622506328064321,0.762250632806432,PIGBOS1,1
GO:0032273,positive regulation of protein polymerization,1/71,78/12112,0.01282051282051282,2.1870711448176237,0.80761977499553,0.36874548090120696,0.7622506328064321,0.762250632806432,HSPA1B,1
GO:0048534,hematopoietic or lymphoid organ development,1/71,78/12112,0.01282051282051282,2.1870711448176237,0.80761977499553,0.36874548090120696,0.7622506328064321,0.762250632806432,FOXE1,1
GO:1901879,regulation of protein depolymerization,1/71,78/12112,0.01282051282051282,2.1870711448176237,0.80761977499553,0.36874548090120696,0.7622506328064321,0.762250632806432,ATXN7,1
GO:1902117,positive regulation of organelle assembly,1/71,78/12112,0.01282051282051282,2.1870711448176237,0.80761977499553,0.36874548090120696,0.7622506328064321,0.762250632806432,TRIM32,1
GO:0002764,immune response-regulating signaling pathway,3/71,370/12112,0.008108108108108109,1.3831747240197945,0.5747971094967874,0.3697425829575999,0.7622506328064321,0.762250632806432,TRIM32/KCNJ8/HSPA1B,3
GO:0007283,spermatogenesis,3/71,370/12112,0.008108108108108109,1.3831747240197945,0.5747971094967874,0.3697425829575999,0.7622506328064321,0.762250632806432,BRCA2/ANKRD49/BTBD18,3
GO:0006289,nucleotide-excision repair,1/71,79/12112,0.012658227848101266,2.1593866999465146,0.7938579521693876,0.37246985109033914,0.7636372042544737,0.7636372042544737,BRCA2,1
GO:0051962,positive regulation of nervous system development,2/71,221/12112,0.00904977375565611,1.543814925753617,0.6265070591276993,0.37283169461187826,0.7636372042544737,0.7636372042544737,TRIM32/FLRT2,2
GO:0010906,regulation of glucose metabolic process,1/71,80/12112,0.0125,2.1323943661971834,0.7803001315431648,0.376172555367958,0.7636372042544737,0.7636372042544737,GNB3,1
GO:0046545,development of primary female sexual characteristics,1/71,80/12112,0.0125,2.1323943661971834,0.7803001315431648,0.376172555367958,0.7636372042544737,0.7636372042544737,BRCA2,1
GO:1903321,negative regulation of protein modification by small protein conjugation or removal,1/71,80/12112,0.0125,2.1323943661971834,0.7803001315431648,0.376172555367958,0.7636372042544737,0.7636372042544737,HSPA1B,1
GO:0006402,mRNA catabolic process,2/71,224/12112,0.008928571428571428,1.5231388329979878,0.6068403755157226,0.3791404513787624,0.7636372042544737,0.7636372042544737,GSPT2/HSPA1B,2
GO:0051607,defense response to virus,2/71,224/12112,0.008928571428571428,1.5231388329979878,0.6068403755157226,0.3791404513787624,0.7636372042544737,0.7636372042544737,TRIM32/KCNJ8,2
GO:0070252,actin-mediated cell contraction,1/71,81/12112,0.012345679012345678,2.1060685098243783,0.7669403233820291,0.3798537179817274,0.7636372042544737,0.7636372042544737,KCNJ8,1
GO:0006637,acyl-CoA metabolic process,1/71,82/12112,0.012195121951219513,2.0803847475094472,0.7537727883268958,0.3835134624770561,0.7636372042544737,0.7636372042544737,HTD2,1
GO:0035383,thioester metabolic process,1/71,82/12112,0.012195121951219513,2.0803847475094472,0.7537727883268958,0.3835134624770561,0.7636372042544737,0.7636372042544737,HTD2,1
GO:0051851,host-mediated perturbation of symbiont process,1/71,82/12112,0.012195121951219513,2.0803847475094472,0.7537727883268958,0.3835134624770561,0.7636372042544737,0.7636372042544737,CIITA,1
GO:0032886,regulation of microtubule-based process,2/71,227/12112,0.00881057268722467,1.5030092448966932,0.5874585119843381,0.3854237722384152,0.7636372042544737,0.7636372042544737,HSPA1B/ATXN7,2
GO:0032984,protein-containing complex disassembly,2/71,227/12112,0.00881057268722467,1.5030092448966932,0.5874585119843381,0.3854237722384152,0.7636372042544737,0.7636372042544737,GSPT2/ATXN7,2
GO:0051146,striated muscle cell differentiation,2/71,227/12112,0.00881057268722467,1.5030092448966932,0.5874585119843381,0.3854237722384152,0.7636372042544737,0.7636372042544737,TRIM32/KCNJ8,2
GO:0001657,ureteric bud development,1/71,83/12112,0.012048192771084338,2.0553198710334293,0.7407920239622953,0.38715191170100693,0.7636372042544737,0.7636372042544737,SPRY1,1
GO:0098659,inorganic cation import across plasma membrane,1/71,83/12112,0.012048192771084338,2.0553198710334293,0.7407920239622953,0.38715191170100693,0.7636372042544737,0.7636372042544737,KCNJ8,1
GO:0099587,inorganic ion import across plasma membrane,1/71,83/12112,0.012048192771084338,2.0553198710334293,0.7407920239622953,0.38715191170100693,0.7636372042544737,0.7636372042544737,KCNJ8,1
GO:1905897,regulation of response to endoplasmic reticulum stress,1/71,83/12112,0.012048192771084338,2.0553198710334293,0.7407920239622953,0.38715191170100693,0.7636372042544737,0.7636372042544737,PIGBOS1,1
GO:0002253,activation of immune response,3/71,382/12112,0.007853403141361256,1.3397242091291202,0.5180802896873309,0.38897246044192213,0.7636372042544737,0.7636372042544737,TRIM32/KCNJ8/HSPA1B,3
GO:0048232,male gamete generation,3/71,382/12112,0.007853403141361256,1.3397242091291202,0.5180802896873309,0.38897246044192213,0.7636372042544737,0.7636372042544737,BRCA2/ANKRD49/BTBD18,3
GO:0001708,cell fate specification,1/71,84/12112,0.011904761904761904,2.0308517773306503,0.7279927522586899,0.3907691878061882,0.7636372042544737,0.7636372042544737,DMRT3,1
GO:0034243,regulation of transcription elongation by RNA polymerase II,1/71,84/12112,0.011904761904761904,2.0308517773306503,0.7279927522586899,0.3907691878061882,0.7636372042544737,0.7636372042544737,BTBD18,1
GO:0072163,mesonephric epithelium development,1/71,84/12112,0.011904761904761904,2.0308517773306503,0.7279927522586899,0.3907691878061882,0.7636372042544737,0.7636372042544737,SPRY1,1
GO:0072164,mesonephric tubule development,1/71,84/12112,0.011904761904761904,2.0308517773306503,0.7279927522586899,0.3907691878061882,0.7636372042544737,0.7636372042544737,SPRY1,1
GO:1901874,negative regulation of post-translational protein modification,1/71,84/12112,0.011904761904761904,2.0308517773306503,0.7279927522586899,0.3907691878061882,0.7636372042544737,0.7636372042544737,HSPA1B,1
GO:0006493,protein O-linked glycosylation,1/71,85/12112,0.011764705882352941,2.006959403479702,0.7153699078225766,0.39436541225462185,0.7636372042544737,0.7636372042544737,GALNT4,1
GO:0007338,single fertilization,1/71,85/12112,0.011764705882352941,2.006959403479702,0.7153699078225766,0.39436541225462185,0.7636372042544737,0.7636372042544737,HOXD9,1
GO:0035821,modulation of process of another organism,1/71,85/12112,0.011764705882352941,2.006959403479702,0.7153699078225766,0.39436541225462185,0.7636372042544737,0.7636372042544737,CIITA,1
GO:0000209,protein polyubiquitination,2/71,232/12112,0.008620689655172414,1.4706168042739194,0.5557648819119827,0.39583665052694605,0.7636372042544737,0.7636372042544737,TRIM32/KBTBD7,2
GO:0001823,mesonephros development,1/71,86/12112,0.011627906976744186,1.9836226662299379,0.7029186268935239,0.3979407058215898,0.7636372042544737,0.7636372042544737,SPRY1,1
GO:0016239,positive regulation of macroautophagy,1/71,86/12112,0.011627906976744186,1.9836226662299379,0.7029186268935239,0.3979407058215898,0.7636372042544737,0.7636372042544737,TRIM32,1
GO:0031123,RNA 3'-end processing,1/71,86/12112,0.011627906976744186,1.9836226662299379,0.7029186268935239,0.3979407058215898,0.7636372042544737,0.7636372042544737,TRMT10C,1
GO:0034341,response to type II interferon,1/71,86/12112,0.011627906976744186,1.9836226662299379,0.7029186268935239,0.3979407058215898,0.7636372042544737,0.7636372042544737,CIITA,1
GO:0042303,molting cycle,1/71,86/12112,0.011627906976744186,1.9836226662299379,0.7029186268935239,0.3979407058215898,0.7636372042544737,0.7636372042544737,FOXE1,1
GO:0042633,hair cycle,1/71,86/12112,0.011627906976744186,1.9836226662299379,0.7029186268935239,0.3979407058215898,0.7636372042544737,0.7636372042544737,FOXE1,1
GO:0090398,cellular senescence,1/71,87/12112,0.011494252873563218,1.9608224056985593,0.6906342370325197,0.40149518859946,0.7689385170218455,0.7689385170218455,BRCA2,1
GO:0006936,muscle contraction,2/71,237/12112,0.008438818565400843,1.4395911332976763,0.5248004346473578,0.40617146742190324,0.7763631788713937,0.7763631788713938,MYOT/KCNJ8,2
GO:0051258,protein polymerization,2/71,239/12112,0.008368200836820083,1.4275443455713357,0.5126108353844046,0.4102825803696538,0.7798946374901253,0.7798946374901252,TRIM32/HSPA1B,2
GO:0006091,generation of precursor metabolites and energy,3/71,396/12112,0.007575757575757576,1.2923602219376868,0.4542177405144025,0.41124083933014133,0.7798946374901253,0.7798946374901252,PPP1R3D/C2orf69/SCO2,3
GO:0005976,polysaccharide metabolic process,1/71,90/12112,0.011111111111111112,1.8954616588419406,0.6547383603072344,0.41203496295822273,0.7798946374901253,0.7798946374901252,PPP1R3D,1
GO:0030512,negative regulation of transforming growth factor beta receptor signaling pathway,1/71,90/12112,0.011111111111111112,1.8954616588419406,0.6547383603072344,0.41203496295822273,0.7798946374901253,0.7798946374901252,SPRY1,1
GO:0034620,cellular response to unfolded protein,1/71,90/12112,0.011111111111111112,1.8954616588419406,0.6547383603072344,0.41203496295822273,0.7798946374901253,0.7798946374901252,PIGBOS1,1
GO:0034976,response to endoplasmic reticulum stress,2/71,241/12112,0.008298755186721992,1.4156975045292501,0.5005300826967897,0.41438026754849633,0.782791581641765,0.782791581641765,KCNJ8/PIGBOS1,2
GO:0046660,female sex differentiation,1/71,91/12112,0.01098901098901099,1.8746324098436775,0.6430783104384101,0.41550738997785064,0.782791581641765,0.782791581641765,BRCA2,1
GO:0002831,regulation of response to biotic stimulus,3/71,399/12112,0.007518796992481203,1.2826432277877793,0.4408378326354461,0.4159839918920193,0.782791581641765,0.782791581641765,TRIM32/KCNJ8/HSPA1B,3
GO:0051090,regulation of DNA-binding transcription factor activity,2/71,243/12112,0.00823045267489712,1.4040456732162525,0.48855608916559345,0.41846427993795443,0.7829787768742813,0.7829787768742813,TRIM32/HSPA1B,2
GO:0006639,acylglycerol metabolic process,1/71,92/12112,0.010869565217391304,1.854255970606246,0.6315643406816048,0.41895959655896464,0.7829787768742813,0.7829787768742813,GNB3,1
GO:0046887,positive regulation of hormone secretion,1/71,92/12112,0.010869565217391304,1.854255970606246,0.6315643406816048,0.41895959655896464,0.7829787768742813,0.7829787768742813,NNAT,1
GO:0006638,neutral lipid metabolic process,1/71,93/12112,0.010752688172043012,1.8343177343631685,0.620192742790295,0.42239169877562965,0.7829787768742813,0.7829787768742813,GNB3,1
GO:2000060,positive regulation of ubiquitin-dependent protein catabolic process,1/71,93/12112,0.010752688172043012,1.8343177343631685,0.620192742790295,0.42239169877562965,0.7829787768742813,0.7829787768742813,HSPA1B,1
GO:2001243,negative regulation of intrinsic apoptotic signaling pathway,1/71,93/12112,0.010752688172043012,1.8343177343631685,0.620192742790295,0.42239169877562965,0.7829787768742813,0.7829787768742813,TRIM32,1
GO:0009416,response to light stimulus,2/71,245/12112,0.00816326530612245,1.3925840758838748,0.47668682510993515,0.422534375985709,0.7829787768742813,0.7829787768742813,TRIM32/BRCA2,2
GO:0016072,rRNA metabolic process,2/71,245/12112,0.00816326530612245,1.3925840758838748,0.47668682510993515,0.422534375985709,0.7829787768742813,0.7829787768742813,METTL18/FDXACB1,2
GO:0016579,protein deubiquitination,1/71,94/12112,0.010638297872340425,1.8148037159124961,0.6089599432318916,0.425803812045197,0.7855098741070269,0.7855098741070268,USP51,1
GO:0046785,microtubule polymerization,1/71,94/12112,0.010638297872340425,1.8148037159124961,0.6089599432318916,0.425803812045197,0.7855098741070269,0.7855098741070268,HSPA1B,1
GO:0048285,organelle fission,3/71,406/12112,0.007389162561576354,1.260528689377645,0.41001732680591113,0.42700637522141294,0.7855098741070269,0.7855098741070268,BRCA2/HSPA1B/BTBD18,3
GO:0032784,regulation of DNA-templated transcription elongation,1/71,95/12112,0.010526315789473684,1.795700518902891,0.5978624968882514,0.42919605113196635,0.7855098741070269,0.7855098741070268,BTBD18,1
GO:0070936,protein K48-linked ubiquitination,1/71,95/12112,0.010526315789473684,1.795700518902891,0.5978624968882514,0.42919605113196635,0.7855098741070269,0.7855098741070268,KBTBD7,1
GO:0001666,response to hypoxia,2/71,249/12112,0.008032128514056224,1.3702132473556194,0.45325464308144153,0.4306318893728983,0.7855098741070269,0.7855098741070268,KCNJ8/HILPDA,2
GO:0007156,homophilic cell adhesion via plasma membrane adhesion molecules,1/71,96/12112,0.010416666666666666,1.776995305164319,0.5868970811144402,0.4325685301508252,0.7855098741070269,0.7855098741070268,MYOT,1
GO:0055007,cardiac muscle cell differentiation,1/71,96/12112,0.010416666666666666,1.776995305164319,0.5868970811144402,0.4325685301508252,0.7855098741070269,0.7855098741070268,KCNJ8,1
GO:0002009,morphogenesis of an epithelium,3/71,410/12112,0.007317073170731708,1.2482308485056681,0.392649936445413,0.4332746435806295,0.7855098741070269,0.7855098741070268,STARD13/SPRY1/FOXE1,3
GO:0001824,blastocyst development,1/71,97/12112,0.010309278350515464,1.758675765935821,0.5760604901318405,0.4359213625708729,0.7855098741070269,0.7855098741070268,BRCA2,1
GO:0042476,odontogenesis,1/71,98/12112,0.01020408163265306,1.7407300948548432,0.5653496297335303,0.43925466121901835,0.7855098741070269,0.7855098741070268,DMRT3,1
GO:0043534,blood vessel endothelial cell migration,1/71,98/12112,0.01020408163265306,1.7407300948548432,0.5653496297335303,0.43925466121901835,0.7855098741070269,0.7855098741070268,STARD13,1
GO:0060048,cardiac muscle contraction,1/71,98/12112,0.01020408163265306,1.7407300948548432,0.5653496297335303,0.43925466121901835,0.7855098741070269,0.7855098741070268,KCNJ8,1
GO:0072089,stem cell proliferation,1/71,98/12112,0.01020408163265306,1.7407300948548432,0.5653496297335303,0.43925466121901835,0.7855098741070269,0.7855098741070268,BRCA2,1
GO:0098773,skin epidermis development,1/71,98/12112,0.01020408163265306,1.7407300948548432,0.5653496297335303,0.43925466121901835,0.7855098741070269,0.7855098741070268,FOXE1,1
GO:0044089,positive regulation of cellular component biogenesis,3/71,415/12112,0.007228915662650603,1.2331919226200578,0.3711831087257337,0.4410768389029962,0.7855098741070269,0.7855098741070268,TRIM32/FLRT2/HSPA1B,3
GO:0035150,regulation of tube size,1/71,99/12112,0.010101010101010102,1.7231469625835825,0.5547615122815274,0.4425685382835639,0.7855098741070269,0.7855098741070268,KCNJ8,1
GO:0035296,regulation of tube diameter,1/71,99/12112,0.010101010101010102,1.7231469625835825,0.5547615122815274,0.4425685382835639,0.7855098741070269,0.7855098741070268,KCNJ8,1
GO:0046683,response to organophosphorus,1/71,99/12112,0.010101010101010102,1.7231469625835825,0.5547615122815274,0.4425685382835639,0.7855098741070269,0.7855098741070268,KCNJ8,1
GO:0097746,blood vessel diameter maintenance,1/71,99/12112,0.010101010101010102,1.7231469625835825,0.5547615122815274,0.4425685382835639,0.7855098741070269,0.7855098741070268,KCNJ8,1
GO:0003279,cardiac septum development,1/71,100/12112,0.01,1.7059154929577465,0.5442932519770095,0.44586310531776585,0.7855098741070269,0.7855098741070268,KCNJ8,1
GO:0007265,Ras protein signal transduction,1/71,100/12112,0.01,1.7059154929577465,0.5442932519770095,0.44586310531776585,0.7855098741070269,0.7855098741070268,SPRY1,1
GO:0019080,viral gene expression,1/71,100/12112,0.01,1.7059154929577465,0.5442932519770095,0.44586310531776585,0.7855098741070269,0.7855098741070268,TRIM32,1
GO:0030048,actin filament-based movement,1/71,100/12112,0.01,1.7059154929577465,0.5442932519770095,0.44586310531776585,0.7855098741070269,0.7855098741070268,KCNJ8,1
GO:0050680,negative regulation of epithelial cell proliferation,1/71,100/12112,0.01,1.7059154929577465,0.5442932519770095,0.44586310531776585,0.7855098741070269,0.7855098741070268,BRCA2,1
GO:1901800,positive regulation of proteasomal protein catabolic process,1/71,100/12112,0.01,1.7059154929577465,0.5442932519770095,0.44586310531776585,0.7855098741070269,0.7855098741070268,HSPA1B,1
GO:0039531,regulation of cytoplasmic pattern recognition receptor signaling pathway,1/71,101/12112,0.009900990099009901,1.6890252405522244,0.5339420603860341,0.44913847324337675,0.7855098741070269,0.7855098741070268,HSPA1B,1
GO:0042274,ribosomal small subunit biogenesis,1/71,101/12112,0.009900990099009901,1.6890252405522244,0.5339420603860341,0.44913847324337675,0.7855098741070269,0.7855098741070268,RPS9,1
GO:0045598,regulation of fat cell differentiation,1/71,101/12112,0.009900990099009901,1.6890252405522244,0.5339420603860341,0.44913847324337675,0.7855098741070269,0.7855098741070268,GNB3,1
GO:0046718,symbiont entry into host cell,1/71,101/12112,0.009900990099009901,1.6890252405522244,0.5339420603860341,0.44913847324337675,0.7855098741070269,0.7855098741070268,HSPA1B,1
GO:0002040,sprouting angiogenesis,1/71,102/12112,0.00980392156862745,1.6724661695664182,0.5237052422045503,0.4523947523541686,0.7855098741070269,0.7855098741070268,STARD13,1
GO:0035270,endocrine system development,1/71,102/12112,0.00980392156862745,1.6724661695664182,0.5237052422045503,0.4523947523541686,0.7855098741070269,0.7855098741070268,FOXE1,1
GO:0009306,protein secretion,2/71,260/12112,0.007692307692307693,1.3122426868905743,0.39081482190732003,0.4525940284359873,0.7855098741070269,0.7855098741070268,NNAT/KCNJ8,2
GO:0032868,response to insulin,2/71,260/12112,0.007692307692307693,1.3122426868905743,0.39081482190732003,0.4525940284359873,0.7855098741070269,0.7855098741070268,KCNJ8/IRS4,2
GO:0036293,response to decreased oxygen levels,2/71,261/12112,0.007662835249042145,1.307214937132373,0.3852769086378004,0.45456752836716163,0.7855098741070269,0.7855098741070268,KCNJ8/HILPDA,2
GO:0034502,protein localization to chromosome,1/71,103/12112,0.009708737864077669,1.6562286339395595,0.5135801912476808,0.4556320523194354,0.7855098741070269,0.7855098741070268,BRCA2,1
GO:0035592,establishment of protein localization to extracellular region,2/71,262/12112,0.007633587786259542,1.3022255671433178,0.37976118156322375,0.45653708419346495,0.7855098741070269,0.7855098741070268,NNAT/KCNJ8,2
GO:0007264,small GTPase-mediated signal transduction,3/71,425/12112,0.007058823529411765,1.2041756420878211,0.32902944981067817,0.4565624346033289,0.7855098741070269,0.7855098741070268,KBTBD7/STARD13/SPRY1,3
GO:0060485,mesenchyme development,2/71,263/12112,0.0076045627376425855,1.297274139131366,0.37426744538511225,0.4585026739710796,0.7855098741070269,0.7855098741070268,SPRY1/ALX1,2
GO:0035967,cellular response to topologically incorrect protein,1/71,104/12112,0.009615384615384616,1.6403033586132179,0.503564386649326,0.4588504821874775,0.7855098741070269,0.7855098741070268,PIGBOS1,1
GO:0044409,symbiont entry into host,1/71,104/12112,0.009615384615384616,1.6403033586132179,0.503564386649326,0.4588504821874775,0.7855098741070269,0.7855098741070268,HSPA1B,1
GO:0051261,protein depolymerization,1/71,104/12112,0.009615384615384616,1.6403033586132179,0.503564386649326,0.4588504821874775,0.7855098741070269,0.7855098741070268,ATXN7,1
GO:0000045,autophagosome assembly,1/71,105/12112,0.009523809523809525,1.6246814218645207,0.49365538925913655,0.46205015038906727,0.7855098741070269,0.7855098741070268,TRIM32,1
GO:0022904,respiratory electron transport chain,1/71,105/12112,0.009523809523809525,1.6246814218645207,0.49365538925913655,0.46205015038906727,0.7855098741070269,0.7855098741070268,SCO2,1
GO:0061564,axon development,3/71,429/12112,0.006993006993006993,1.1929478971732492,0.3124491919087581,0.46270935851474115,0.7855098741070269,0.7855098741070268,TRIM32/MYOT/FLRT2,3
GO:0050678,regulation of epithelial cell proliferation,2/71,266/12112,0.007518796992481203,1.2826432277877793,0.35791626644472585,0.4643754333068352,0.7855098741070269,0.7855098741070268,DLX6/BRCA2,2
GO:0008203,cholesterol metabolic process,1/71,106/12112,0.009433962264150943,1.6093542386393833,0.4838508382248202,0.46523116474089343,0.7855098741070269,0.7855098741070268,GNB3,1
GO:0015698,inorganic anion transport,1/71,106/12112,0.009433962264150943,1.6093542386393833,0.4838508382248202,0.46523116474089343,0.7855098741070269,0.7855098741070268,MFSD5,1
GO:0030856,regulation of epithelial cell differentiation,1/71,106/12112,0.009433962264150943,1.6093542386393833,0.4838508382248202,0.46523116474089343,0.7855098741070269,0.7855098741070268,SPRY1,1
GO:0048593,camera-type eye morphogenesis,1/71,106/12112,0.009433962264150943,1.6093542386393833,0.4838508382248202,0.46523116474089343,0.7855098741070269,0.7855098741070268,FJX1,1
GO:0001822,kidney development,2/71,267/12112,0.00749063670411985,1.2778393205676004,0.3525085901808303,0.46632494707055283,0.7855098741070269,0.7855098741070268,KCNJ8/SPRY1,2
GO:0071692,protein localization to extracellular region,2/71,267/12112,0.00749063670411985,1.2778393205676004,0.3525085901808303,0.46632494707055283,0.7855098741070269,0.7855098741070268,NNAT/KCNJ8,2
GO:0006401,RNA catabolic process,2/71,268/12112,0.007462686567164179,1.2730712634013033,0.3471219649512586,0.46827039074932664,0.7855098741070269,0.7855098741070268,GSPT2/HSPA1B,2
GO:0043010,camera-type eye development,2/71,268/12112,0.007462686567164179,1.2730712634013033,0.3471219649512586,0.46827039074932664,0.7855098741070269,0.7855098741070268,SPRY1/FJX1,2
GO:0050714,positive regulation of protein secretion,1/71,107/12112,0.009345794392523364,1.5943135448203236,0.4741484477485799,0.46839363244898924,0.7855098741070269,0.7855098741070268,NNAT,1
GO:0032103,positive regulation of response to external stimulus,3/71,434/12112,0.0069124423963133645,1.179204257804894,0.29194218330820115,0.4703527303352121,0.787435346819812,0.787435346819812,TRIM32/KCNJ8/HSPA1B,3
GO:0000077,DNA damage checkpoint signaling,1/71,109/12112,0.009174311926605505,1.5650600852823364,0.4550413622265058,0.47466335372527146,0.7897560369875538,0.7897560369875538,BRCA2,1
GO:0050792,regulation of viral process,1/71,109/12112,0.009174311926605505,1.5650600852823364,0.4550413622265058,0.47466335372527146,0.7897560369875538,0.7897560369875538,TRIM32,1
GO:0006368,transcription elongation by RNA polymerase II,1/71,110/12112,0.00909090909090909,1.550832266325224,0.44563244389984974,0.47777081868282456,0.7897560369875538,0.7897560369875538,BTBD18,1
GO:0043244,regulation of protein-containing complex disassembly,1/71,110/12112,0.00909090909090909,1.550832266325224,0.44563244389984974,0.47777081868282456,0.7897560369875538,0.7897560369875538,ATXN7,1
GO:0048565,digestive tract development,1/71,110/12112,0.00909090909090909,1.550832266325224,0.44563244389984974,0.47777081868282456,0.7897560369875538,0.7897560369875538,FOXE1,1
GO:0003158,endothelium development,1/71,111/12112,0.009009009009009009,1.5368608044664382,0.43631723414434637,0.4808601597821013,0.7897560369875538,0.7897560369875538,STARD13,1
GO:0009566,fertilization,1/71,111/12112,0.009009009009009009,1.5368608044664382,0.43631723414434637,0.4808601597821013,0.7897560369875538,0.7897560369875538,HOXD9,1
GO:0014074,response to purine-containing compound,1/71,111/12112,0.009009009009009009,1.5368608044664382,0.43631723414434637,0.4808601597821013,0.7897560369875538,0.7897560369875538,KCNJ8,1
GO:0043467,regulation of generation of precursor metabolites and energy,1/71,111/12112,0.009009009009009009,1.5368608044664382,0.43631723414434637,0.4808601597821013,0.7897560369875538,0.7897560369875538,PPP1R3D,1
GO:1905037,autophagosome organization,1/71,111/12112,0.009009009009009009,1.5368608044664382,0.43631723414434637,0.4808601597821013,0.7897560369875538,0.7897560369875538,TRIM32,1
GO:1905952,regulation of lipid localization,1/71,111/12112,0.009009009009009009,1.5368608044664382,0.43631723414434637,0.4808601597821013,0.7897560369875538,0.7897560369875538,HILPDA,1
GO:0045787,positive regulation of cell cycle,2/71,276/12112,0.007246376811594203,1.2361706470708307,0.3047655547179317,0.4836851288612156,0.7897560369875538,0.7897560369875538,TRIM32/BRCA2,2
GO:0072001,renal system development,2/71,276/12112,0.007246376811594203,1.2361706470708307,0.3047655547179317,0.4836851288612156,0.7897560369875538,0.7897560369875538,KCNJ8/SPRY1,2
GO:0006633,fatty acid biosynthetic process,1/71,112/12112,0.008928571428571428,1.5231388329979878,0.4270937791848179,0.48393148122660323,0.7897560369875538,0.7897560369875538,HTD2,1
GO:0007292,female gamete generation,1/71,113/12112,0.008849557522123894,1.5096597282811917,0.4179601839593928,0.4869848866293459,0.7897560369875538,0.7897560369875538,BRCA2,1
GO:0016125,sterol metabolic process,1/71,113/12112,0.008849557522123894,1.5096597282811917,0.4179601839593928,0.4869848866293459,0.7897560369875538,0.7897560369875538,GNB3,1
GO:0070646,protein modification by small protein removal,1/71,113/12112,0.008849557522123894,1.5096597282811917,0.4179601839593928,0.4869848866293459,0.7897560369875538,0.7897560369875538,USP51,1
GO:0022900,electron transport chain,1/71,114/12112,0.008771929824561403,1.4964170990857424,0.40891460983945027,0.49002047901615464,0.7897560369875538,0.7897560369875538,SCO2,1
GO:0030218,erythrocyte differentiation,1/71,114/12112,0.008771929824561403,1.4964170990857424,0.40891460983945027,0.49002047901615464,0.7897560369875538,0.7897560369875538,HSPA1B,1
GO:0032434,regulation of proteasomal ubiquitin-dependent protein catabolic process,1/71,114/12112,0.008771929824561403,1.4964170990857424,0.40891460983945027,0.49002047901615464,0.7897560369875538,0.7897560369875538,HSPA1B,1
GO:0000018,regulation of DNA recombination,1/71,115/12112,0.008695652173913044,1.483404776484997,0.39995527245754625,0.4930383608289445,0.7897560369875538,0.7897560369875538,USP51,1
GO:0000956,nuclear-transcribed mRNA catabolic process,1/71,115/12112,0.008695652173913044,1.483404776484997,0.39995527245754625,0.4930383608289445,0.7897560369875538,0.7897560369875538,GSPT2,1
GO:1902652,secondary alcohol metabolic process,1/71,115/12112,0.008695652173913044,1.483404776484997,0.39995527245754625,0.4930383608289445,0.7897560369875538,0.7897560369875538,GNB3,1
GO:0007517,muscle organ development,2/71,282/12112,0.0070921985815602835,1.2098691439416642,0.2738222098786923,0.49506885827928493,0.7897560369875538,0.7897560369875538,HOXD9/SRPK3,2
GO:0060562,epithelial tube morphogenesis,2/71,282/12112,0.0070921985815602835,1.2098691439416642,0.2738222098786923,0.49506885827928493,0.7897560369875538,0.7897560369875538,STARD13/SPRY1,2
GO:0045931,positive regulation of mitotic cell cycle,1/71,116/12112,0.008620689655172414,1.4706168042739194,0.3910804396373067,0.4960386339289814,0.7897560369875538,0.7897560369875538,BRCA2,1
GO:0050684,regulation of mRNA processing,1/71,116/12112,0.008620689655172414,1.4706168042739194,0.3910804396373067,0.4960386339289814,0.7897560369875538,0.7897560369875538,SRPK3,1
GO:0070482,response to oxygen levels,2/71,284/12112,0.007042253521126761,1.2013489387026384,0.2636578796482309,0.49882896593875004,0.7897560369875538,0.7897560369875538,KCNJ8/HILPDA,2
GO:0007266,Rho protein signal transduction,1/71,117/12112,0.008547008547008548,1.458047429878416,0.38228842941966124,0.4990213996001255,0.7897560369875538,0.7897560369875538,STARD13,1
GO:0007269,neurotransmitter secretion,1/71,117/12112,0.008547008547008548,1.458047429878416,0.38228842941966124,0.4990213996001255,0.7897560369875538,0.7897560369875538,KCNJ8,1
GO:0007601,visual perception,1/71,117/12112,0.008547008547008548,1.458047429878416,0.38228842941966124,0.4990213996001255,0.7897560369875538,0.7897560369875538,ATXN7,1
GO:0099643,signal release from synapse,1/71,117/12112,0.008547008547008548,1.458047429878416,0.38228842941966124,0.4990213996001255,0.7897560369875538,0.7897560369875538,KCNJ8,1
GO:1905039,carboxylic acid transmembrane transport,1/71,117/12112,0.008547008547008548,1.458047429878416,0.38228842941966124,0.4990213996001255,0.7897560369875538,0.7897560369875538,SLC16A14,1
GO:0031570,DNA integrity checkpoint signaling,1/71,118/12112,0.00847457627118644,1.4456910957269038,0.3735776081801416,0.5019867585520548,0.7897560369875538,0.7897560369875538,BRCA2,1
GO:1903052,positive regulation of proteolysis involved in protein catabolic process,1/71,118/12112,0.00847457627118644,1.4456910957269038,0.3735776081801416,0.5019867585520548,0.7897560369875538,0.7897560369875538,HSPA1B,1
GO:2001236,regulation of extrinsic apoptotic signaling pathway,1/71,118/12112,0.00847457627118644,1.4456910957269038,0.3735776081801416,0.5019867585520548,0.7897560369875538,0.7897560369875538,HSPA1B,1
GO:0006869,lipid transport,2/71,287/12112,0.006968641114982578,1.1887912842911124,0.24854796560858852,0.504436408789495,0.7897560369875538,0.7897560369875538,KCNJ8/SLC10A5,2
GO:0006310,DNA recombination,2/71,288/12112,0.006944444444444444,1.1846635367762126,0.24354716622133593,0.5062967763980217,0.7897560369875538,0.7897560369875538,BRCA2/USP51,2
GO:0050808,synapse organization,3/71,458/12112,0.006550218340611353,1.117411894950489,0.19669586388662988,0.5063626588845449,0.7897560369875538,0.7897560369875538,MYOT/KCNJ8/FLRT2,3
GO:0010608,post-transcriptional regulation of gene expression,3/71,459/12112,0.006535947712418301,1.114977446377612,0.1928359610500076,0.5078370464377213,0.7897560369875538,0.7897560369875538,RPS9/METTL18/TRMT10C,3
GO:0001508,action potential,1/71,120/12112,0.008333333333333333,1.4215962441314554,0.35639322911264154,0.5078656562853046,0.7897560369875538,0.7897560369875538,KCNJ8,1
GO:0006865,amino acid transport,1/71,120/12112,0.008333333333333333,1.4215962441314554,0.35639322911264154,0.5078656562853046,0.7897560369875538,0.7897560369875538,KCNJ8,1
GO:0050953,sensory perception of light stimulus,1/71,120/12112,0.008333333333333333,1.4215962441314554,0.35639322911264154,0.5078656562853046,0.7897560369875538,0.7897560369875538,ATXN7,1
GO:0141188,nucleic acid catabolic process,2/71,290/12112,0.006896551724137931,1.1764934434191354,0.23359847111531723,0.5100042626867076,0.7897560369875538,0.7897560369875538,GSPT2/HSPA1B,2
GO:0043409,negative regulation of MAPK cascade,1/71,121/12112,0.008264462809917356,1.409847514841113,0.3479166299426396,0.5107793936438556,0.7897560369875538,0.7897560369875538,SPRY1,1
GO:0045727,positive regulation of translation,1/71,121/12112,0.008264462809917356,1.409847514841113,0.3479166299426396,0.5107793936438556,0.7897560369875538,0.7897560369875538,TRMT10C,1
GO:0055123,digestive system development,1/71,121/12112,0.008264462809917356,1.409847514841113,0.3479166299426396,0.5107793936438556,0.7897560369875538,0.7897560369875538,FOXE1,1
GO:1903825,organic acid transmembrane transport,1/71,121/12112,0.008264462809917356,1.409847514841113,0.3479166299426396,0.5107793936438556,0.7897560369875538,0.7897560369875538,SLC16A14,1
GO:0051147,regulation of muscle cell differentiation,1/71,122/12112,0.00819672131147541,1.398291387670284,0.3395151338638861,0.5136761214439796,0.7928398930456978,0.7928398930456978,TRIM32,1
GO:0010212,response to ionizing radiation,1/71,123/12112,0.008130081300813009,1.386923165006298,0.33118732354240926,0.5165559375722095,0.7928398930456978,0.7928398930456978,BRCA2,1
GO:0071456,cellular response to hypoxia,1/71,123/12112,0.008130081300813009,1.386923165006298,0.33118732354240926,0.5165559375722095,0.7928398930456978,0.7928398930456978,HILPDA,1
GO:0006354,DNA-templated transcription elongation,1/71,124/12112,0.008064516129032258,1.375738300772376,0.322931820338637,0.5194189393598793,0.7928398930456978,0.7928398930456978,BTBD18,1
GO:0030307,positive regulation of cell growth,1/71,124/12112,0.008064516129032258,1.375738300772376,0.322931820338637,0.5194189393598793,0.7928398930456978,0.7928398930456978,TRIM32,1
GO:0034101,erythrocyte homeostasis,1/71,124/12112,0.008064516129032258,1.375738300772376,0.322931820338637,0.5194189393598793,0.7928398930456978,0.7928398930456978,HSPA1B,1
GO:0050905,neuromuscular process,1/71,124/12112,0.008064516129032258,1.375738300772376,0.322931820338637,0.5194189393598793,0.7928398930456978,0.7928398930456978,KCNJ8,1
GO:0006941,striated muscle contraction,1/71,125/12112,0.008,1.364732394366197,0.31474728293958626,0.5222652235862264,0.7928398930456978,0.7928398930456978,KCNJ8,1
GO:0050796,regulation of insulin secretion,1/71,126/12112,0.007936507936507936,1.3539011848871003,0.3066324060500991,0.5250948864814777,0.7928398930456978,0.7928398930456978,NNAT,1
GO:0072073,kidney epithelium development,1/71,126/12112,0.007936507936507936,1.3539011848871003,0.3066324060500991,0.5250948864814777,0.7928398930456978,0.7928398930456978,SPRY1,1
GO:0006986,response to unfolded protein,1/71,127/12112,0.007874015748031496,1.3432405456360208,0.2985859191401235,0.5279080237299189,0.7928398930456978,0.7928398930456978,PIGBOS1,1
GO:0007052,mitotic spindle organization,1/71,127/12112,0.007874015748031496,1.3432405456360208,0.2985859191401235,0.5279080237299189,0.7928398930456978,0.7928398930456978,HSPA1B,1
GO:0051225,spindle assembly,1/71,127/12112,0.007874015748031496,1.3432405456360208,0.2985859191401235,0.5279080237299189,0.7928398930456978,0.7928398930456978,HSPA1B,1
GO:0006302,double-strand break repair,2/71,300/12112,0.006666666666666667,1.1372769953051645,0.18487771774803136,0.5282736004133042,0.7928398930456978,0.7928398930456978,BRCA2/USP51,2
GO:0009615,response to virus,2/71,300/12112,0.006666666666666667,1.1372769953051645,0.18487771774803136,0.5282736004133042,0.7928398930456978,0.7928398930456978,TRIM32/KCNJ8,2
GO:0060271,cilium assembly,2/71,301/12112,0.006644518272425249,1.1334986664171074,0.18009627847494555,0.5300756969829639,0.7928398930456978,0.7928398930456978,TRIM32/HYLS1,2
GO:0032543,mitochondrial translation,1/71,128/12112,0.0078125,1.3327464788732395,0.2906065852452129,0.5307047304729455,0.7928398930456978,0.7928398930456978,TRMT10C,1
GO:0090101,negative regulation of transmembrane receptor protein serine/threonine kinase signaling pathway,1/71,128/12112,0.0078125,1.3327464788732395,0.2906065852452129,0.5307047304729455,0.7928398930456978,0.7928398930456978,SPRY1,1
GO:0036294,cellular response to decreased oxygen levels,1/71,129/12112,0.007751937984496124,1.3224151108199584,0.2826931998175837,0.5334851013120994,0.7928398930456978,0.7928398930456978,HILPDA,1
GO:2001233,regulation of apoptotic signaling pathway,2/71,303/12112,0.006600660066006601,1.1260168270348163,0.17058121032539053,0.5336662130376706,0.7928398930456978,0.7928398930456978,TRIM32/HSPA1B,2
GO:0009266,response to temperature stimulus,1/71,130/12112,0.007692307692307693,1.3122426868905743,0.2748445896252209,0.5362492303120862,0.7928398930456978,0.7928398930456978,HSPA1B,1
GO:0017015,regulation of transforming growth factor beta receptor signaling pathway,1/71,130/12112,0.007692307692307693,1.3122426868905743,0.2748445896252209,0.5362492303120862,0.7928398930456978,0.7928398930456978,SPRY1,1
GO:0046661,male sex differentiation,1/71,130/12112,0.007692307692307693,1.3122426868905743,0.2748445896252209,0.5362492303120862,0.7928398930456978,0.7928398930456978,DMRT3,1
GO:0048592,eye morphogenesis,1/71,130/12112,0.007692307692307693,1.3122426868905743,0.2748445896252209,0.5362492303120862,0.7928398930456978,0.7928398930456978,FJX1,1
GO:0048754,branching morphogenesis of an epithelial tube,1/71,130/12112,0.007692307692307693,1.3122426868905743,0.2748445896252209,0.5362492303120862,0.7928398930456978,0.7928398930456978,SPRY1,1
GO:0060041,retina development in camera-type eye,1/71,130/12112,0.007692307692307693,1.3122426868905743,0.2748445896252209,0.5362492303120862,0.7928398930456978,0.7928398930456978,FJX1,1
GO:0071805,potassium ion transmembrane transport,1/71,130/12112,0.007692307692307693,1.3122426868905743,0.2748445896252209,0.5362492303120862,0.7928398930456978,0.7928398930456978,KCNJ8,1
GO:0006997,nucleus organization,1/71,131/12112,0.007633587786259542,1.3022255671433178,0.267059611696667,0.5389972110037775,0.7928398930456978,0.7928398930456978,ATXN7,1
GO:0007098,centrosome cycle,1/71,131/12112,0.007633587786259542,1.3022255671433178,0.267059611696667,0.5389972110037775,0.7928398930456978,0.7928398930456978,BRCA2,1
GO:0051963,regulation of synapse assembly,1/71,131/12112,0.007633587786259542,1.3022255671433178,0.267059611696667,0.5389972110037775,0.7928398930456978,0.7928398930456978,FLRT2,1
GO:0051494,negative regulation of cytoskeleton organization,1/71,132/12112,0.007575757575757576,1.2923602219376868,0.2593371523092599,0.5417291363871952,0.7928398930456978,0.7928398930456978,ATXN7,1
GO:1902904,negative regulation of supramolecular fiber organization,1/71,132/12112,0.007575757575757576,1.2923602219376868,0.2593371523092599,0.5417291363871952,0.7928398930456978,0.7928398930456978,ATXN7,1
GO:1903844,regulation of cellular response to transforming growth factor beta stimulus,1/71,132/12112,0.007575757575757576,1.2923602219376868,0.2593371523092599,0.5417291363871952,0.7928398930456978,0.7928398930456978,SPRY1,1
GO:0031647,regulation of protein stability,2/71,309/12112,0.006472491909385114,1.1041524226263733,0.14240994235379031,0.54432771699909,0.7928398930456978,0.7928398930456978,CDK7/HSPA1B,2
GO:0006119,oxidative phosphorylation,1/71,133/12112,0.007518796992481203,1.2826432277877793,0.25167612601871453,0.5444450989344831,0.7928398930456978,0.7928398930456978,C2orf69,1
GO:0051701,biological process involved in interaction with host,1/71,133/12112,0.007518796992481203,1.2826432277877793,0.25167612601871453,0.5444450989344831,0.7928398930456978,0.7928398930456978,HSPA1B,1
GO:0018193,peptidyl-amino acid modification,3/71,485/12112,0.006185567010309278,1.0552054595614926,0.09528114354925067,0.5453713667121922,0.7928398930456978,0.7928398930456978,NNAT/METTL18/GALNT4,3
GO:0006575,modified amino acid metabolic process,1/71,134/12112,0.007462686567164179,1.2730712634013033,0.2440754747280562,0.5471451905928564,0.7928398930456978,0.7928398930456978,FOXE1,1
GO:0010639,negative regulation of organelle organization,2/71,312/12112,0.00641025641025641,1.0935355724088118,0.12852896191900087,0.5495961749653631,0.7928398930456978,0.7928398930456978,TRIM32/ATXN7,2
GO:0007507,heart development,3/71,488/12112,0.006147540983606557,1.048718540752713,0.08435567018814125,0.5495988093856758,0.7928398930456978,0.7928398930456978,KCNJ8/SPRY1/FLRT2,3
GO:0090276,regulation of peptide hormone secretion,1/71,135/12112,0.007407407407407408,1.263641105894627,0.23653416679402964,0.5498295027875388,0.7928398930456978,0.7928398930456978,NNAT,1
GO:2000045,regulation of G1/S transition of mitotic cell cycle,1/71,135/12112,0.007407407407407408,1.263641105894627,0.23653416679402964,0.5498295027875388,0.7928398930456978,0.7928398930456978,CDK7,1
GO:0048729,tissue morphogenesis,3/71,489/12112,0.006134969325153374,1.0465739220599672,0.08072833975511742,0.5510030198046173,0.7928398930456978,0.7928398930456978,STARD13/SPRY1/FOXE1,3
GO:0010594,regulation of endothelial cell migration,1/71,136/12112,0.007352941176470588,1.2543496271748136,0.22905119616920194,0.5524981264246839,0.7928398930456978,0.7928398930456978,STARD13,1
GO:0044770,cell cycle phase transition,3/71,491/12112,0.006109979633401222,1.0423108918275437,0.07349521643186133,0.5538039858451338,0.7928398930456978,0.7928398930456978,CDK7/BRCA2/CCNB3,3
GO:0002791,regulation of peptide secretion,1/71,137/12112,0.0072992700729927005,1.245193790480107,0.22162558157808315,0.5551511518942769,0.7928398930456978,0.7928398930456978,NNAT,1
GO:0018209,peptidyl-serine modification,1/71,137/12112,0.0072992700729927005,1.245193790480107,0.22162558157808315,0.5551511518942769,0.7928398930456978,0.7928398930456978,GALNT4,1
GO:2000779,regulation of double-strand break repair,1/71,137/12112,0.0072992700729927005,1.245193790480107,0.22162558157808315,0.5551511518942769,0.7928398930456978,0.7928398930456978,USP51,1
GO:0007169,cell surface receptor protein tyrosine kinase signaling pathway,3/71,493/12112,0.006085192697768763,1.0380824500757078,0.06629058680754565,0.5565949590338127,0.7928398930456978,0.7928398930456978,IRS4/SPRY1/FLRT2,3
GO:0030308,negative regulation of cell growth,1/71,138/12112,0.007246376811594203,1.2361706470708307,0.2142563657256745,0.557788669073025,0.7928398930456978,0.7928398930456978,HSPA1B,1
GO:0030522,intracellular receptor signaling pathway,2/71,318/12112,0.006289308176100629,1.0729028257595892,0.10116149961108571,0.5600075666783031,0.7928398930456978,0.7928398930456978,KCNJ8/HSPA1B,2
GO:0045814,"negative regulation of gene expression, epigenetic",1/71,139/12112,0.007194244604316547,1.227277333063127,0.2069426145369394,0.5604107673272269,0.7928398930456978,0.7928398930456978,BTBD18,1
GO:0090087,regulation of peptide transport,1/71,139/12112,0.007194244604316547,1.227277333063127,0.2069426145369394,0.5604107673272269,0.7928398930456978,0.7928398930456978,NNAT,1
GO:0050673,epithelial cell proliferation,2/71,319/12112,0.006269592476489028,1.069539494017396,0.09665016879394857,0.5617264569377277,0.7928398930456978,0.7928398930456978,DLX6/BRCA2,2
GO:0002274,myeloid leukocyte activation,1/71,140/12112,0.007142857142857143,1.2185110663983902,0.19968341642577417,0.5630175355156313,0.7928398930456978,0.7928398930456978,KCNJ8,1
GO:0003205,cardiac chamber development,1/71,140/12112,0.007142857142857143,1.2185110663983902,0.19968341642577417,0.5630175355156313,0.7928398930456978,0.7928398930456978,KCNJ8,1
GO:0008016,regulation of heart contraction,1/71,140/12112,0.007142857142857143,1.2185110663983902,0.19968341642577417,0.5630175355156313,0.7928398930456978,0.7928398930456978,KCNJ8,1
GO:0016052,carbohydrate catabolic process,1/71,140/12112,0.007142857142857143,1.2185110663983902,0.19968341642577417,0.5630175355156313,0.7928398930456978,0.7928398930456978,PPP1R3D,1
GO:0019722,calcium-mediated signaling,1/71,140/12112,0.007142857142857143,1.2185110663983902,0.19968341642577417,0.5630175355156313,0.7928398930456978,0.7928398930456978,KCNJ8,1
GO:0048469,cell maturation,1/71,140/12112,0.007142857142857143,1.2185110663983902,0.19968341642577417,0.5630175355156313,0.7928398930456978,0.7928398930456978,BRCA2,1
GO:0044782,cilium organization,2/71,320/12112,0.00625,1.0661971830985917,0.09215282670391048,0.5634406637822843,0.7928398930456978,0.7928398930456978,TRIM32/HYLS1,2
GO:0042692,muscle cell differentiation,2/71,321/12112,0.006230529595015576,1.0628756965468826,0.08766937370092757,0.5651501823200087,0.7928398930456978,0.7928398930456978,TRIM32/KCNJ8,2
GO:0071453,cellular response to oxygen levels,1/71,141/12112,0.0070921985815602835,1.2098691439416642,0.1924778815921293,0.5656090619922762,0.7928398930456978,0.7928398930456978,HILPDA,1
GO:0098739,import across plasma membrane,1/71,141/12112,0.0070921985815602835,1.2098691439416642,0.1924778815921293,0.5656090619922762,0.7928398930456978,0.7928398930456978,KCNJ8,1
GO:0042176,regulation of protein catabolic process,2/71,322/12112,0.006211180124223602,1.0595748403464262,0.08319971118170842,0.5668550078734089,0.7928398930456978,0.7928398930456978,TRIM32/HSPA1B,2
GO:0006813,potassium ion transport,1/71,142/12112,0.007042253521126761,1.2013489387026384,0.18532514134600525,0.5681854346093129,0.7928398930456978,0.7928398930456978,KCNJ8,1
GO:0031023,microtubule organizing center organization,1/71,142/12112,0.007042253521126761,1.2013489387026384,0.18532514134600525,0.5681854346093129,0.7928398930456978,0.7928398930456978,BRCA2,1
GO:0008286,insulin receptor signaling pathway,1/71,143/12112,0.006993006993006993,1.1929478971732492,0.17822434745710958,0.5707467407198175,0.7928398930456978,0.7928398930456978,IRS4,1
GO:0010508,positive regulation of autophagy,1/71,143/12112,0.006993006993006993,1.1929478971732492,0.17822434745710958,0.5707467407198175,0.7928398930456978,0.7928398930456978,TRIM32,1
GO:0035966,response to topologically incorrect protein,1/71,143/12112,0.006993006993006993,1.1929478971732492,0.17822434745710958,0.5707467407198175,0.7928398930456978,0.7928398930456978,PIGBOS1,1
GO:0044272,sulfur compound biosynthetic process,1/71,143/12112,0.006993006993006993,1.1929478971732492,0.17822434745710958,0.5707467407198175,0.7928398930456978,0.7928398930456978,HTD2,1
GO:0006367,transcription initiation at RNA polymerase II promoter,1/71,144/12112,0.006944444444444444,1.1846635367762126,0.17117467152902752,0.5732930671805823,0.7941049475497081,0.7941049475497081,CDK7,1
GO:0006606,protein import into nucleus,1/71,144/12112,0.006944444444444444,1.1846635367762126,0.17117467152902752,0.5732930671805823,0.7941049475497081,0.7941049475497081,RANBP6,1
GO:0045637,regulation of myeloid cell differentiation,1/71,145/12112,0.006896551724137931,1.1764934434191354,0.16417530439681877,0.5758245003548951,0.7953422330648693,0.7953422330648694,HSPA1B,1
GO:0071478,cellular response to radiation,1/71,145/12112,0.006896551724137931,1.1764934434191354,0.16417530439681877,0.5758245003548951,0.7953422330648693,0.7953422330648694,BRCA2,1
GO:0050679,positive regulation of epithelial cell proliferation,1/71,146/12112,0.00684931506849315,1.1684352691491415,0.1572254555470035,0.5783411261153031,0.7959832741097219,0.7959832741097219,DLX6,1
GO:0001558,regulation of cell growth,2/71,329/12112,0.0060790273556231,1.0370306948071406,0.05229013573290466,0.5786570342720727,0.7959832741097219,0.7959832741097219,TRIM32/HSPA1B,2
GO:0043604,amide biosynthetic process,1/71,147/12112,0.006802721088435374,1.1604867299032289,0.15032435255895885,0.5808430298463589,0.7959832741097219,0.7959832741097219,HTD2,1
GO:1902903,regulation of supramolecular fiber organization,2/71,331/12112,0.006042296072507553,1.0307646483128379,0.04357754619287988,0.5819865850370824,0.7959832741097219,0.7959832741097219,HSPA1B/ATXN7,2
GO:0030162,regulation of proteolysis,2/71,332/12112,0.006024096385542169,1.0276599355167146,0.03924058363829672,0.5836442690642495,0.7959832741097219,0.7959832741097219,TRIM32/HSPA1B,2
GO:0002262,myeloid cell homeostasis,1/71,149/12112,0.006711409395973154,1.1449097268172796,0.13666538174080914,0.5858030103350371,0.7959832741097219,0.7959832741097219,HSPA1B,1
GO:0006006,glucose metabolic process,1/71,149/12112,0.006711409395973154,1.1449097268172796,0.13666538174080914,0.5858030103350371,0.7959832741097219,0.7959832741097219,GNB3,1
GO:0030073,insulin secretion,1/71,149/12112,0.006711409395973154,1.1449097268172796,0.13666538174080914,0.5858030103350371,0.7959832741097219,0.7959832741097219,NNAT,1
GO:0044403,biological process involved in symbiotic interaction,1/71,149/12112,0.006711409395973154,1.1449097268172796,0.13666538174080914,0.5858030103350371,0.7959832741097219,0.7959832741097219,HSPA1B,1
GO:0051170,import into nucleus,1/71,149/12112,0.006711409395973154,1.1449097268172796,0.13666538174080914,0.5858030103350371,0.7959832741097219,0.7959832741097219,RANBP6,1
GO:2000058,regulation of ubiquitin-dependent protein catabolic process,1/71,149/12112,0.006711409395973154,1.1449097268172796,0.13666538174080914,0.5858030103350371,0.7959832741097219,0.7959832741097219,HSPA1B,1
GO:0006979,response to oxidative stress,2/71,334/12112,0.005988023952095809,1.0215062832082316,0.030604882552026667,0.586945442082967,0.7959832741097219,0.7959832741097219,TRIM32/HSPA1B,2
GO:0016032,viral process,2/71,334/12112,0.005988023952095809,1.0215062832082316,0.030604882552026667,0.586945442082967,0.7959832741097219,0.7959832741097219,TRIM32/HSPA1B,2
GO:1902905,positive regulation of supramolecular fiber organization,1/71,150/12112,0.006666666666666667,1.1372769953051645,0.12990605478772926,0.5882612554463145,0.7966550614203226,0.7966550614203227,HSPA1B,1
GO:0008361,regulation of cell size,1/71,151/12112,0.006622516556291391,1.1297453595746665,0.12319255446885619,0.5907051152409402,0.798798567539203,0.798798567539203,GNB3,1
GO:0001764,neuron migration,1/71,152/12112,0.006578947368421052,1.1223128243143068,0.11652419113543763,0.5931346727041867,0.798798567539203,0.798798567539203,FLRT2,1
GO:0006261,DNA-templated DNA replication,1/71,152/12112,0.006578947368421052,1.1223128243143068,0.11652419113543763,0.5931346727041867,0.798798567539203,0.798798567539203,BRCA2,1
GO:2001242,regulation of intrinsic apoptotic signaling pathway,1/71,152/12112,0.006578947368421052,1.1223128243143068,0.11652419113543763,0.5931346727041867,0.798798567539203,0.798798567539203,TRIM32,1
GO:0002520,immune system development,1/71,153/12112,0.006535947712418301,1.114977446377612,0.1099002902804925,0.5955500103495049,0.7998327248262369,0.7998327248262369,FOXE1,1
GO:0016051,carbohydrate biosynthetic process,1/71,153/12112,0.006535947712418301,1.114977446377612,0.1099002902804925,0.5955500103495049,0.7998327248262369,0.7998327248262369,PPP1R3D,1
GO:0009314,response to radiation,2/71,340/12112,0.0058823529411764705,1.003479701739851,0.00499740158642589,0.5967352601815908,0.8001026008532277,0.8001026008532276,TRIM32/BRCA2,2
GO:0001701,in utero embryonic development,2/71,341/12112,0.005865102639296188,1.0005369460162734,7.723053306618815e-4,0.5983502993788649,0.8001026008532277,0.8001026008532276,BRCA2/SCO2,2
GO:0006836,neurotransmitter transport,1/71,155/12112,0.0064516129032258064,1.100590640617901,0.0967832511077164,0.6003383538968883,0.8001026008532277,0.8001026008532276,KCNJ8,1
GO:0072330,monocarboxylic acid biosynthetic process,1/71,155/12112,0.0064516129032258064,1.100590640617901,0.0967832511077164,0.6003383538968883,0.8001026008532277,0.8001026008532276,HTD2,1
GO:1902806,regulation of cell cycle G1/S phase transition,1/71,155/12112,0.0064516129032258064,1.100590640617901,0.0967832511077164,0.6003383538968883,0.8001026008532277,0.8001026008532276,CDK7,1
GO:0019221,cytokine-mediated signaling pathway,2/71,343/12112,0.0058309037900874635,0.9947029113456247,-0.007641918793414366,0.6015661424939022,0.8001026008532277,0.8001026008532276,TRIM32/HSPA1B,2
GO:0000723,telomere maintenance,1/71,156/12112,0.00641025641025641,1.0935355724088118,0.09028883566823037,0.6027115224904586,0.8001026008532277,0.8001026008532276,BRCA2,1
GO:0045664,regulation of neuron differentiation,1/71,156/12112,0.00641025641025641,1.0935355724088118,0.09028883566823037,0.6027115224904586,0.8001026008532277,0.8001026008532276,TRIM32,1
GO:0023061,signal release,2/71,344/12112,0.005813953488372093,0.9918113331149689,-0.011831205396521351,0.6031669452364188,0.8001026008532277,0.8001026008532276,NNAT/KCNJ8,2
GO:0032200,telomere organization,1/71,157/12112,0.006369426751592357,1.0865703776800932,0.08383632767227159,0.6050707966543243,0.8004410675086496,0.8004410675086496,BRCA2,1
GO:0061138,morphogenesis of a branching epithelium,1/71,157/12112,0.006369426751592357,1.0865703776800932,0.08383632767227159,0.6050707966543243,0.8004410675086496,0.8004410675086496,SPRY1,1
GO:0051495,positive regulation of cytoskeleton organization,1/71,158/12112,0.006329113924050633,1.0796933499732573,0.07742512212909586,0.6074162565821821,0.8024505920289781,0.802450592028978,HSPA1B,1
GO:0002181,cytoplasmic translation,1/71,159/12112,0.006289308176100629,1.0729028257595892,0.07105462681017471,0.6097479820115503,0.803345034644797,0.803345034644797,RPS9,1
GO:0031345,negative regulation of cell projection organization,1/71,159/12112,0.006289308176100629,1.0729028257595892,0.07105462681017471,0.6097479820115503,0.803345034644797,0.803345034644797,TRIM32,1
GO:0008015,blood circulation,2/71,349/12112,0.0057306590257879654,0.9776020016949836,-0.03260249002011467,0.6110997622198664,0.8040350530020194,0.8040350530020194,GNB3/KCNJ8,2
GO:0098742,cell-cell adhesion via plasma-membrane adhesion molecules,1/71,160/12112,0.00625,1.0661971830985917,0.06472426189875,0.612066052226323,0.804216693791285,0.804216693791285,MYOT,1
GO:0006814,sodium ion transport,1/71,161/12112,0.006211180124223602,1.0595748403464262,0.058433459651182254,0.6143705460593161,0.8050658572518163,0.8050658572518163,SLC10A5,1
GO:0042770,signal transduction in response to DNA damage,1/71,161/12112,0.006211180124223602,1.0595748403464262,0.058433459651182254,0.6143705460593161,0.8050658572518163,0.8050658572518163,BRCA2,1
GO:0009267,cellular response to starvation,1/71,164/12112,0.006097560975609756,1.0401923737547236,0.03979292575383747,0.6212033508825793,0.811828336079387,0.8118283360793869,TRIM32,1
GO:0030324,lung development,1/71,164/12112,0.006097560975609756,1.0401923737547236,0.03979292575383747,0.6212033508825793,0.811828336079387,0.8118283360793869,SPRY1,1
GO:0021953,central nervous system neuron differentiation,1/71,165/12112,0.006060606060606061,1.0338881775501494,0.033654926956664194,0.6234543185832268,0.8122286451386966,0.8122286451386967,DMRT3,1
GO:0071383,cellular response to steroid hormone stimulus,1/71,165/12112,0.006060606060606061,1.0338881775501494,0.033654926956664194,0.6234543185832268,0.8122286451386966,0.8122286451386967,HSPA1B,1
GO:0030072,peptide hormone secretion,1/71,166/12112,0.006024096385542169,1.0276599355167146,0.027553822117345195,0.625692097387997,0.8122286451386966,0.8122286451386967,NNAT,1
GO:0043484,regulation of RNA splicing,1/71,166/12112,0.006024096385542169,1.0276599355167146,0.027553822117345195,0.625692097387997,0.8122286451386966,0.8122286451386967,ATXN7,1
GO:0060047,heart contraction,1/71,166/12112,0.006024096385542169,1.0276599355167146,0.027553822117345195,0.625692097387997,0.8122286451386966,0.8122286451386967,KCNJ8,1
GO:0051960,regulation of nervous system development,2/71,359/12112,0.005571030640668524,0.9503707481658755,-0.07329907307123831,0.6266096126698463,0.8123336901233922,0.8123336901233921,TRIM32/FLRT2,2
GO:0030323,respiratory tube development,1/71,168/12112,0.005952380952380952,1.0154258886653251,0.015460297057701505,0.6301283925920641,0.8138863518568317,0.8138863518568317,SPRY1,1
GO:0032271,regulation of protein polymerization,1/71,168/12112,0.005952380952380952,1.0154258886653251,0.015460297057701505,0.6301283925920641,0.8138863518568317,0.8138863518568317,HSPA1B,1
GO:0046883,regulation of hormone secretion,1/71,169/12112,0.005917159763313609,1.009417451454288,0.009466902940512988,0.6323270600507012,0.8138863518568317,0.8138863518568317,NNAT,1
GO:0001763,morphogenesis of a branching structure,1/71,170/12112,0.0058823529411764705,1.003479701739851,0.0035084544767024555,0.6345128407369944,0.8138863518568317,0.8138863518568317,SPRY1,1
GO:0002790,peptide secretion,1/71,170/12112,0.0058823529411764705,1.003479701739851,0.0035084544767024555,0.6345128407369944,0.8138863518568317,0.8138863518568317,NNAT,1
GO:0008406,gonad development,1/71,170/12112,0.0058823529411764705,1.003479701739851,0.0035084544767024555,0.6345128407369944,0.8138863518568317,0.8138863518568317,BRCA2,1
GO:0120032,regulation of plasma membrane bounded cell projection assembly,1/71,170/12112,0.0058823529411764705,1.003479701739851,0.0035084544767024555,0.6345128407369944,0.8138863518568317,0.8138863518568317,TRIM32,1
GO:0140053,mitochondrial gene expression,1/71,170/12112,0.0058823529411764705,1.003479701739851,0.0035084544767024555,0.6345128407369944,0.8138863518568317,0.8138863518568317,TRMT10C,1
GO:0060491,regulation of cell projection assembly,1/71,171/12112,0.005847953216374269,0.9976113993904949,-0.0024155116867776738,0.6366858091097689,0.814067590639004,0.8140675906390041,TRIM32,1
GO:0003015,heart process,1/71,172/12112,0.005813953488372093,0.9918113331149689,-0.008305449896682355,0.6388460392038322,0.814067590639004,0.8140675906390041,KCNJ8,1
GO:0031334,positive regulation of protein-containing complex assembly,1/71,172/12112,0.005813953488372093,0.9918113331149689,-0.008305449896682355,0.6388460392038322,0.814067590639004,0.8140675906390041,HSPA1B,1
GO:0061136,regulation of proteasomal protein catabolic process,1/71,172/12112,0.005813953488372093,0.9918113331149689,-0.008305449896682355,0.6388460392038322,0.814067590639004,0.8140675906390041,HSPA1B,1
GO:1903522,regulation of blood circulation,1/71,172/12112,0.005813953488372093,0.9918113331149689,-0.008305449896682355,0.6388460392038322,0.814067590639004,0.8140675906390041,KCNJ8,1
GO:0043123,positive regulation of canonical NF-kappaB signal transduction,1/71,173/12112,0.005780346820809248,0.9860783196287551,-0.014161805721739694,0.6409936046323519,0.8146659556256723,0.8146659556256723,TRIM32,1
GO:0043542,endothelial cell migration,1/71,173/12112,0.005780346820809248,0.9860783196287551,-0.014161805721739694,0.6409936046323519,0.8146659556256723,0.8146659556256723,STARD13,1
GO:0015850,organic hydroxy compound transport,1/71,175/12112,0.005714285714285714,0.9748088531187122,-0.02577550992227568,0.6452510338514265,0.817376269732575,0.817376269732575,SLC10A5,1
GO:0045137,development of primary sexual characteristics,1/71,175/12112,0.005714285714285714,0.9748088531187122,-0.02577550992227568,0.6452510338514265,0.817376269732575,0.817376269732575,BRCA2,1
GO:0009060,aerobic respiration,1/71,176/12112,0.005681818181818182,0.969270166453265,-0.0315337075016688,0.6473610427813543,0.817376269732575,0.817376269732575,C2orf69,1
GO:0045926,negative regulation of growth,1/71,176/12112,0.005681818181818182,0.969270166453265,-0.0315337075016688,0.6473610427813543,0.817376269732575,0.817376269732575,HSPA1B,1
GO:0000075,cell cycle checkpoint signaling,1/71,177/12112,0.005649717514124294,0.9637940638179358,-0.037260021513185804,0.6494586773291529,0.817376269732575,0.817376269732575,BRCA2,1
GO:0016241,regulation of macroautophagy,1/71,177/12112,0.005649717514124294,0.9637940638179358,-0.037260021513185804,0.6494586773291529,0.817376269732575,0.817376269732575,TRIM32,1
GO:0022411,cellular component disassembly,2/71,375/12112,0.005333333333333333,0.9098215962441313,-0.13621581193262933,0.6504422687002376,0.817376269732575,0.817376269732575,GSPT2/ATXN7,2
GO:0043434,response to peptide hormone,2/71,375/12112,0.005333333333333333,0.9098215962441313,-0.13621581193262933,0.6504422687002376,0.817376269732575,0.817376269732575,KCNJ8/IRS4,2
GO:0006352,DNA-templated transcription initiation,1/71,178/12112,0.0056179775280898875,0.9583794904257003,-0.04295485681990629,0.6515440090350288,0.817376269732575,0.817376269732575,CDK7,1
GO:0031396,regulation of protein ubiquitination,1/71,178/12112,0.0056179775280898875,0.9583794904257003,-0.04295485681990629,0.6515440090350288,0.817376269732575,0.817376269732575,HSPA1B,1
GO:0097191,extrinsic apoptotic signaling pathway,1/71,180/12112,0.005555555555555556,0.9477308294209703,-0.05425167321133042,0.6556780480459461,0.8215011414872434,0.8215011414872434,HSPA1B,1
GO:0007409,axonogenesis,2/71,382/12112,0.005235602094240838,0.8931494727527469,-0.16294732792640368,0.660491186441682,0.8252207180053133,0.8252207180053134,MYOT/FLRT2,2
GO:0007179,transforming growth factor beta receptor signaling pathway,1/71,183/12112,0.00546448087431694,0.9321942584468561,-0.07097050471300484,0.6617886004360654,0.8252207180053133,0.8252207180053134,SPRY1,1
GO:0048738,cardiac muscle tissue development,1/71,183/12112,0.00546448087431694,0.9321942584468561,-0.07097050471300484,0.6617886004360654,0.8252207180053133,0.8252207180053134,KCNJ8,1
GO:0000070,mitotic sister chromatid segregation,1/71,184/12112,0.005434782608695652,0.927127985303123,-0.0764845597433009,0.6638015947666076,0.8252207180053133,0.8252207180053134,HSPA1B,1
GO:0022618,protein-RNA complex assembly,1/71,185/12112,0.005405405405405406,0.922116482679863,-0.0819697686591894,0.6658027757501397,0.8252207180053133,0.8252207180053134,SRPK3,1
GO:0090066,regulation of anatomical structure size,2/71,386/12112,0.0051813471502590676,0.8838940378019412,-0.17801685639898482,0.6661309618858933,0.8252207180053133,0.8252207180053134,GNB3/KCNJ8,2
GO:0070372,regulation of ERK1 and ERK2 cascade,1/71,186/12112,0.005376344086021506,0.9171588671815842,-0.08742648078311714,0.6677922117291573,0.8252207180053133,0.8252207180053134,SPRY1,1
GO:0071695,anatomical structure maturation,1/71,187/12112,0.0053475935828877,0.9122542743089552,-0.09285503921500689,0.6697699706564781,0.8252207180053133,0.8252207180053134,BRCA2,1
GO:0034329,cell junction assembly,2/71,389/12112,0.005141388174807198,0.8770773742713348,-0.18922353213596024,0.6703121300096061,0.8252207180053133,0.8252207180053134,KCNJ8/FLRT2,2
GO:0001894,tissue homeostasis,1/71,188/12112,0.005319148936170213,0.9074018579562481,-0.09825578097706068,0.6717361200974332,0.8252207180053133,0.8252207180053134,TRIM32,1
GO:0060249,anatomical structure homeostasis,1/71,188/12112,0.005319148936170213,0.9074018579562481,-0.09825578097706068,0.6717361200974332,0.8252207180053133,0.8252207180053134,TRIM32,1
GO:0060541,respiratory system development,1/71,188/12112,0.005319148936170213,0.9074018579562481,-0.09825578097706068,0.6717361200974332,0.8252207180053133,0.8252207180053134,SPRY1,1
GO:0015833,peptide transport,1/71,189/12112,0.005291005291005291,0.9026007899247335,-0.10362903715442257,0.6736907272320426,0.8252207180053133,0.8252207180053134,NNAT,1
GO:0046034,ATP metabolic process,1/71,189/12112,0.005291005291005291,0.9026007899247335,-0.10362903715442257,0.6736907272320426,0.8252207180053133,0.8252207180053134,HSPA1B,1
GO:0050708,regulation of protein secretion,1/71,189/12112,0.005291005291005291,0.9026007899247335,-0.10362903715442257,0.6736907272320426,0.8252207180053133,0.8252207180053134,NNAT,1
GO:0050769,positive regulation of neurogenesis,1/71,189/12112,0.005291005291005291,0.9026007899247335,-0.10362903715442257,0.6736907272320426,0.8252207180053133,0.8252207180053134,TRIM32,1
GO:0006457,protein folding,1/71,190/12112,0.005263157894736842,0.8978502594514455,-0.10897513303184246,0.6756338588571809,0.8252207180053133,0.8252207180053134,HSPA1B,1
GO:0019318,hexose metabolic process,1/71,190/12112,0.005263157894736842,0.8978502594514455,-0.10897513303184246,0.6756338588571809,0.8252207180053133,0.8252207180053134,GNB3,1
GO:0045927,positive regulation of growth,1/71,190/12112,0.005263157894736842,0.8978502594514455,-0.10897513303184246,0.6756338588571809,0.8252207180053133,0.8252207180053134,TRIM32,1
GO:0016049,cell growth,2/71,395/12112,0.005063291139240506,0.8637546799786058,-0.21139748900613958,0.6785499616076023,0.8252207180053133,0.8252207180053134,TRIM32/HSPA1B,2
GO:1901987,regulation of cell cycle phase transition,2/71,395/12112,0.005063291139240506,0.8637546799786058,-0.21139748900613958,0.6785499616076023,0.8252207180053133,0.8252207180053134,CDK7/BRCA2,2
GO:0043161,proteasome-mediated ubiquitin-dependent protein catabolic process,2/71,396/12112,0.005050505050505051,0.8615734812917912,-0.2150627063360164,0.6799068607054574,0.8252207180053133,0.8252207180053134,KBTBD7/HSPA1B,2
GO:0044772,mitotic cell cycle phase transition,2/71,397/12112,0.005037783375314861,0.8594032710114592,-0.21871935776819001,0.6812591834625906,0.8252207180053133,0.8252207180053134,CDK7/CCNB3,2
GO:0042594,response to starvation,1/71,193/12112,0.0051813471502590676,0.8838940378019412,-0.12485362746883005,0.6813950629424729,0.8252207180053133,0.8252207180053134,TRIM32,1
GO:0006486,protein glycosylation,1/71,194/12112,0.005154639175257732,0.8793378829679105,-0.13009422355654096,0.6832929529106817,0.8252207180053133,0.8252207180053134,GALNT4,1
GO:0007051,spindle organization,1/71,194/12112,0.005154639175257732,0.8793378829679105,-0.13009422355654096,0.6832929529106817,0.8252207180053133,0.8252207180053134,HSPA1B,1
GO:0043413,macromolecule glycosylation,1/71,194/12112,0.005154639175257732,0.8793378829679105,-0.13009422355654096,0.6832929529106817,0.8252207180053133,0.8252207180053134,GALNT4,1
GO:0051896,regulation of phosphatidylinositol 3-kinase/protein kinase B signal transduction,1/71,194/12112,0.005154639175257732,0.8793378829679105,-0.13009422355654096,0.6832929529106817,0.8252207180053133,0.8252207180053134,PHLDA3,1
GO:0071826,protein-RNA complex organization,1/71,194/12112,0.005154639175257732,0.8793378829679105,-0.13009422355654096,0.6832929529106817,0.8252207180053133,0.8252207180053134,SRPK3,1
GO:0043588,skin development,1/71,195/12112,0.005128205128205128,0.8748284579270494,-0.13530920328200183,0.6851796956815612,0.8264714093252125,0.8264714093252123,FOXE1,1
GO:0003018,vascular process in circulatory system,1/71,197/12112,0.005076142131979695,0.8659469507399727,-0.14566348127994638,0.6889199974342335,0.8283271335839913,0.8283271335839913,KCNJ8,1
GO:0051222,positive regulation of protein transport,1/71,197/12112,0.005076142131979695,0.8659469507399727,-0.14566348127994638,0.6889199974342335,0.8283271335839913,0.8283271335839913,NNAT,1
GO:0007005,mitochondrion organization,2/71,403/12112,0.004962779156327543,0.846608185090693,-0.2404820715184944,0.6892773675961534,0.8283271335839913,0.8283271335839913,TMEM177/SCO2,2
GO:0006520,amino acid metabolic process,1/71,198/12112,0.005050505050505051,0.8615734812917912,-0.15080335111580015,0.690773684398746,0.8290991935119683,0.8290991935119684,MARS2,1
GO:0002429,immune response-activating cell surface receptor signaling pathway,1/71,200/12112,0.005,0.8529577464788732,-0.16100994573410635,0.6944484477263995,0.8314543067106459,0.831454306710646,TRIM32,1
GO:0060560,developmental growth involved in morphogenesis,1/71,200/12112,0.005,0.8529577464788732,-0.16100994573410635,0.6944484477263995,0.8314543067106459,0.831454306710646,SPRY1,1
GO:0072594,establishment of protein localization to organelle,2/71,410/12112,0.004878048780487805,0.8321538990037788,-0.26549786735016423,0.698425846820512,0.8351865729836417,0.8351865729836419,RANBP6/BRCA2,2
GO:1903050,regulation of proteolysis involved in protein catabolic process,1/71,205/12112,0.004878048780487805,0.8321538990037788,-0.18611222839825656,0.703448046265464,0.8392526843869109,0.8392526843869108,HSPA1B,1
GO:0008380,RNA splicing,2/71,414/12112,0.004830917874396135,0.8241137647138872,-0.27961734874088706,0.7035547735231158,0.8392526843869109,0.8392526843869108,SRPK3/ATXN7,2
GO:0070371,ERK1 and ERK2 cascade,1/71,206/12112,0.0048543689320388345,0.8281143169697798,-0.19106373952649405,0.7052163496764955,0.8399443473956181,0.8399443473956181,SPRY1,1
GO:0005996,monosaccharide metabolic process,1/71,207/12112,0.004830917874396135,0.8241137647138872,-0.1959928482658502,0.7069742565447106,0.8399443473956181,0.8399443473956181,GNB3,1
GO:1903532,positive regulation of secretion by cell,1/71,207/12112,0.004830917874396135,0.8241137647138872,-0.1959928482658502,0.7069742565447106,0.8399443473956181,0.8399443473956181,NNAT,1
GO:0003013,circulatory system process,2/71,418/12112,0.004784688995215311,0.8162275085922231,-0.29361280867066414,0.7086124468377335,0.8399443473956181,0.8399443473956181,GNB3/KCNJ8,2
GO:0032869,cellular response to insulin stimulus,1/71,209/12112,0.004784688995215311,0.8162275085922231,-0.20578481635937954,0.7104591213371086,0.8399443473956181,0.8399443473956181,IRS4,1
GO:0046879,hormone secretion,1/71,209/12112,0.004784688995215311,0.8162275085922231,-0.20578481635937954,0.7104591213371086,0.8399443473956181,0.8399443473956181,NNAT,1
GO:0009205,purine ribonucleoside triphosphate metabolic process,1/71,210/12112,0.004761904761904762,0.8123407109322603,-0.21064814515385039,0.7121861987449105,0.8399443473956181,0.8399443473956181,HSPA1B,1
GO:0034599,cellular response to oxidative stress,1/71,210/12112,0.004761904761904762,0.8123407109322603,-0.21064814515385039,0.7121861987449105,0.8399443473956181,0.8399443473956181,HSPA1B,1
GO:0070085,glycosylation,1/71,210/12112,0.004761904761904762,0.8123407109322603,-0.21064814515385039,0.7121861987449105,0.8399443473956181,0.8399443473956181,GALNT4,1
GO:1901888,regulation of cell junction assembly,1/71,212/12112,0.0047169811320754715,0.8046771193196917,-0.22031063830472025,0.7156099397372662,0.8399443473956181,0.8399443473956181,FLRT2,1
GO:0002768,immune response-regulating cell surface receptor signaling pathway,1/71,213/12112,0.004694835680751174,0.8008992924684256,-0.22511025038982735,0.7173067207690856,0.8399443473956181,0.8399443473956181,TRIM32,1
GO:0007033,vacuole organization,1/71,213/12112,0.004694835680751174,0.8008992924684256,-0.22511025038982735,0.7173067207690856,0.8399443473956181,0.8399443473956181,TRIM32,1
GO:0040029,epigenetic regulation of gene expression,1/71,213/12112,0.004694835680751174,0.8008992924684256,-0.22511025038982735,0.7173067207690856,0.8399443473956181,0.8399443473956181,BTBD18,1
GO:0010638,positive regulation of organelle organization,2/71,426/12112,0.004694835680751174,0.8008992924684256,-0.32124217682773376,0.7185159979111222,0.8399443473956181,0.8399443473956181,TRIM32/HSPA1B,2
GO:0043065,positive regulation of apoptotic process,2/71,426/12112,0.004694835680751174,0.8008992924684256,-0.32124217682773376,0.7185159979111222,0.8399443473956181,0.8399443473956181,PHLDA3/CSRNP3,2
GO:0008202,steroid metabolic process,1/71,215/12112,0.004651162790697674,0.7934490664919751,-0.23464729902472983,0.7206703950095941,0.8399443473956181,0.8399443473956181,GNB3,1
GO:0009914,hormone transport,1/71,216/12112,0.004629629629629629,0.7897756911841418,-0.23938516289462408,0.7223374036633989,0.8399443473956181,0.8399443473956181,NNAT,1
GO:0032496,response to lipopolysaccharide,1/71,216/12112,0.004629629629629629,0.7897756911841418,-0.23938516289462408,0.7223374036633989,0.8399443473956181,0.8399443473956181,KCNJ8,1
GO:0009144,purine nucleoside triphosphate metabolic process,1/71,217/12112,0.004608294930875576,0.7861361718699292,-0.24410286591554978,0.7239946030867259,0.8399443473956181,0.8399443473956181,HSPA1B,1
GO:0009199,ribonucleoside triphosphate metabolic process,1/71,217/12112,0.004608294930875576,0.7861361718699292,-0.24410286591554978,0.7239946030867259,0.8399443473956181,0.8399443473956181,HSPA1B,1
GO:0034765,regulation of monoatomic ion transmembrane transport,1/71,217/12112,0.004608294930875576,0.7861361718699292,-0.24410286591554978,0.7239946030867259,0.8399443473956181,0.8399443473956181,KCNJ8,1
GO:0042886,amide transport,1/71,217/12112,0.004608294930875576,0.7861361718699292,-0.24410286591554978,0.7239946030867259,0.8399443473956181,0.8399443473956181,NNAT,1
GO:0031669,cellular response to nutrient levels,1/71,218/12112,0.0045871559633027525,0.7825300426411682,-0.24880061369924833,0.7256420501805338,0.8399443473956181,0.8399443473956181,TRIM32,1
GO:1903320,regulation of protein modification by small protein conjugation or removal,1/71,218/12112,0.0045871559633027525,0.7825300426411682,-0.24880061369924833,0.7256420501805338,0.8399443473956181,0.8399443473956181,HSPA1B,1
GO:0051604,protein maturation,2/71,432/12112,0.004629629629629629,0.7897756911841418,-0.34165775551651506,0.7257603578423517,0.8399443473956181,0.8399443473956181,NNAT/HSPA1B,2
GO:0045165,cell fate commitment,1/71,219/12112,0.0045662100456621,0.7789568460994276,-0.2534786087531198,0.7272798015204682,0.840062096135892,0.840062096135892,DMRT3,1
GO:0051047,positive regulation of secretion,1/71,220/12112,0.004545454545454545,0.775416133162612,-0.2581370505416718,0.7289079133586964,0.840062096135892,0.840062096135892,NNAT,1
GO:0043068,positive regulation of programmed cell death,2/71,437/12112,0.004576659038901602,0.7807393560447353,-0.3584766375904933,0.7316787544386729,0.840062096135892,0.840062096135892,PHLDA3/CSRNP3,2
GO:0072522,purine-containing compound biosynthetic process,1/71,222/12112,0.0045045045045045045,0.7684304022332191,-0.2673960573246406,0.7321354419322259,0.840062096135892,0.840062096135892,HTD2,1
GO:0090092,regulation of transmembrane receptor protein serine/threonine kinase signaling pathway,1/71,222/12112,0.0045045045045045045,0.7684304022332191,-0.2673960573246406,0.7321354419322259,0.840062096135892,0.840062096135892,SPRY1,1
GO:0000819,sister chromatid segregation,1/71,223/12112,0.004484304932735426,0.7649845259900208,-0.2719970065659472,0.733734969570814,0.840062096135892,0.840062096135892,HSPA1B,1
GO:1901873,regulation of post-translational protein modification,1/71,223/12112,0.004484304932735426,0.7649845259900208,-0.2719970065659472,0.733734969570814,0.840062096135892,0.840062096135892,HSPA1B,1
GO:0043491,phosphatidylinositol 3-kinase/protein kinase B signal transduction,1/71,225/12112,0.0044444444444444444,0.7581846635367763,-0.2811427361931931,0.7369058264352787,0.840062096135892,0.840062096135892,PHLDA3,1
GO:0034655,nucleobase-containing compound catabolic process,2/71,442/12112,0.004524886877828055,0.7719074628768084,-0.3751238533054673,0.7374905105728097,0.840062096135892,0.840062096135892,GSPT2/HSPA1B,2
GO:0002237,response to molecule of bacterial origin,1/71,226/12112,0.004424778761061947,0.7548298641405958,-0.2856878841166698,0.7384772646722684,0.840062096135892,0.840062096135892,KCNJ8,1
GO:0007346,regulation of mitotic cell cycle,2/71,444/12112,0.0045045045045045045,0.7684304022332191,-0.38173564479163014,0.7397856010964409,0.840062096135892,0.840062096135892,CDK7/BRCA2,2
GO:0071560,cellular response to transforming growth factor beta stimulus,1/71,227/12112,0.004405286343612335,0.7515046224483466,-0.29021479468327044,0.7400394482671082,0.840062096135892,0.840062096135892,SPRY1,1
GO:0005975,carbohydrate metabolic process,2/71,445/12112,0.0044943820224719105,0.7667035923405603,-0.38503158426317413,0.740926836846072,0.840062096135892,0.840062096135892,GNB3/PPP1R3D,2
GO:0006397,mRNA processing,2/71,445/12112,0.0044943820224719105,0.7667035923405603,-0.38503158426317413,0.740926836846072,0.840062096135892,0.840062096135892,TRMT10C/SRPK3,2
GO:0051052,regulation of DNA metabolic process,2/71,445/12112,0.0044943820224719105,0.7667035923405603,-0.38503158426317413,0.740926836846072,0.840062096135892,0.840062096135892,USP51/ATXN7,2
GO:0030336,negative regulation of cell migration,1/71,228/12112,0.0043859649122807015,0.7482085495428712,-0.2947236450555756,0.741592430948895,0.840062096135892,0.840062096135892,STARD13,1
GO:0048608,reproductive structure development,1/71,228/12112,0.0043859649122807015,0.7482085495428712,-0.2947236450555756,0.741592430948895,0.840062096135892,0.840062096135892,BRCA2,1
GO:0009141,nucleoside triphosphate metabolic process,1/71,231/12112,0.004329004329004329,0.7384915553929638,-0.30814356863595005,0.7461967062057366,0.840062096135892,0.840062096135892,HSPA1B,1
GO:0061458,reproductive system development,1/71,231/12112,0.004329004329004329,0.7384915553929638,-0.30814356863595005,0.7461967062057366,0.840062096135892,0.840062096135892,BRCA2,1
GO:1901988,negative regulation of cell cycle phase transition,1/71,231/12112,0.004329004329004329,0.7384915553929638,-0.30814356863595005,0.7461967062057366,0.840062096135892,0.840062096135892,BRCA2,1
GO:0051493,regulation of cytoskeleton organization,2/71,451/12112,0.004434589800443459,0.7565035445488898,-0.40466991215598247,0.747686492441668,0.840062096135892,0.840062096135892,HSPA1B/ATXN7,2
GO:0008544,epidermis development,1/71,232/12112,0.004310344827586207,0.7353084021369597,-0.3125818995273793,0.7477134164034804,0.840062096135892,0.840062096135892,FOXE1,1
GO:0046394,carboxylic acid biosynthetic process,1/71,232/12112,0.004310344827586207,0.7353084021369597,-0.3125818995273793,0.7477134164034804,0.840062096135892,0.840062096135892,HTD2,1
GO:0070588,calcium ion transmembrane transport,1/71,232/12112,0.004310344827586207,0.7353084021369597,-0.3125818995273793,0.7477134164034804,0.840062096135892,0.840062096135892,KCNJ8,1
GO:0016053,organic acid biosynthetic process,1/71,233/12112,0.004291845493562232,0.7321525720848697,-0.31700301870091635,0.7492211897566246,0.840062096135892,0.840062096135892,HTD2,1
GO:0019058,viral life cycle,1/71,233/12112,0.004291845493562232,0.7321525720848697,-0.31700301870091635,0.7492211897566246,0.840062096135892,0.840062096135892,HSPA1B,1
GO:0071559,response to transforming growth factor beta,1/71,233/12112,0.004291845493562232,0.7321525720848697,-0.31700301870091635,0.7492211897566246,0.840062096135892,0.840062096135892,SPRY1,1
GO:0019216,regulation of lipid metabolic process,1/71,234/12112,0.004273504273504274,0.729023714939208,-0.32140708870700374,0.7507200781754544,0.8407718522587845,0.8407718522587845,GNB3,1
GO:0007281,germ cell development,1/71,235/12112,0.00425531914893617,0.7259214863649984,-0.3257942698170493,0.7522101332730754,0.8414700914840509,0.8414700914840509,BRCA2,1
GO:0043122,regulation of canonical NF-kappaB signal transduction,1/71,236/12112,0.00423728813559322,0.7228455478634519,-0.33016472006538833,0.75369140636709,0.8421569109119038,0.8421569109119037,TRIM32,1
GO:2000146,negative regulation of cell motility,1/71,239/12112,0.0041841004184100415,0.7137721727856678,-0.34317723328215766,0.7580830424059162,0.8444418718378319,0.8444418718378319,STARD13,1
GO:0030198,extracellular matrix organization,1/71,240/12112,0.004166666666666667,0.7107981220657277,-0.347482297101605,0.7595296948096204,0.8444418718378319,0.8444418718378319,FLRT2,1
GO:0062012,regulation of small molecule metabolic process,1/71,240/12112,0.004166666666666667,0.7107981220657277,-0.347482297101605,0.7595296948096204,0.8444418718378319,0.8444418718378319,GNB3,1
GO:0072521,purine-containing compound metabolic process,2/71,462/12112,0.004329004329004329,0.7384915553929638,-0.4400800091306592,0.7596936738178299,0.8444418718378319,0.8444418718378319,HSPA1B/HTD2,2
GO:0043062,extracellular structure organization,1/71,241/12112,0.004149377593360996,0.7078487522646251,-0.3517713880783426,0.7609678174232084,0.8444418718378319,0.8444418718378319,FLRT2,1
GO:0045229,external encapsulating structure organization,1/71,241/12112,0.004149377593360996,0.7078487522646251,-0.3517713880783426,0.7609678174232084,0.8444418718378319,0.8444418718378319,FLRT2,1
GO:0009896,positive regulation of catabolic process,2/71,464/12112,0.004310344827586207,0.7353084021369597,-0.4464382151632543,0.7618239750050884,0.8444418718378319,0.8444418718378319,TRIM32/HSPA1B,2
GO:0022412,cellular process involved in reproduction in multicellular organism,1/71,245/12112,0.004081632653061225,0.6962920379419374,-0.3687709030686466,0.7666359973110239,0.8488067883569034,0.8488067883569034,BRCA2,1
GO:0120031,plasma membrane bounded cell projection assembly,2/71,470/12112,0.00425531914893617,0.7259214863649984,-0.4653696110041164,0.7681188261959506,0.8494799319319682,0.8494799319319682,TRIM32/HYLS1,2
GO:0007610,behavior,2/71,473/12112,0.004228329809725159,0.7213173331745228,-0.47475614236653474,0.771212706973299,0.8519312155529846,0.8519312155529845,DMRT3/HOXD9,2
GO:0048545,response to steroid hormone,1/71,249/12112,0.004016064257028112,0.6851066236778097,-0.38552614179287775,0.7721716161568468,0.8520211810094299,0.8520211810094298,HSPA1B,1
GO:0007249,canonical NF-kappaB signal transduction,1/71,251/12112,0.00398406374501992,0.6796476067560743,-0.39381484120547566,0.7748906732108523,0.8531389567107341,0.8531389567107341,TRIM32,1
GO:0021700,developmental maturation,1/71,252/12112,0.003968253968253968,0.6769505924435502,-0.3979374137006982,0.7762381786658754,0.8531389567107341,0.8531389567107341,BRCA2,1
GO:0040013,negative regulation of locomotion,1/71,252/12112,0.003968253968253968,0.6769505924435502,-0.3979374137006982,0.7762381786658754,0.8531389567107341,0.8531389567107341,STARD13,1
GO:0040008,regulation of growth,2/71,479/12112,0.0041753653444676405,0.7122820429886205,-0.49337456756155074,0.7772947135851553,0.8531389567107341,0.8531389567107341,TRIM32/HSPA1B,2
GO:0048872,homeostasis of number of cells,1/71,253/12112,0.003952569169960474,0.6742748984022713,-0.4020456360619437,0.7775777308846548,0.8531389567107341,0.8531389567107341,HSPA1B,1
GO:0030031,cell projection assembly,2/71,481/12112,0.004158004158004158,0.7093203712922023,-0.4995356703461138,0.7792910068693006,0.8540536881152268,0.8540536881152268,TRIM32/HYLS1,2
GO:0050807,regulation of synapse organization,1/71,255/12112,0.00392156862745098,0.6689864678265672,-0.41021952466690564,0.7802331604474688,0.854122208336519,0.8541222083365188,FLRT2,1
GO:0006790,sulfur compound metabolic process,1/71,257/12112,0.0038910505836575876,0.6637803474543761,-0.41833747980099645,0.782857328922614,0.8544971170139122,0.8544971170139122,HTD2,1
GO:0140014,mitotic nuclear division,1/71,257/12112,0.0038910505836575876,0.6637803474543761,-0.41833747980099645,0.782857328922614,0.8544971170139122,0.8544971170139122,HSPA1B,1
GO:0051276,chromosome organization,2/71,485/12112,0.004123711340206186,0.7034703063743285,-0.5117915606425026,0.783237512007788,0.8544971170139122,0.8544971170139122,BRCA2/HSPA1B,2
GO:0050803,regulation of synapse structure or activity,1/71,259/12112,0.003861003861003861,0.6586546304856165,-0.4264004495760462,0.7854505991353665,0.8544971170139122,0.8544971170139122,FLRT2,1
GO:0090287,regulation of cellular response to growth factor stimulus,1/71,259/12112,0.003861003861003861,0.6586546304856165,-0.4264004495760462,0.7854505991353665,0.8544971170139122,0.8544971170139122,SPRY1,1
GO:0006260,DNA replication,1/71,260/12112,0.0038461538461538464,0.6561213434452872,-0.4304116046959867,0.7867357596399974,0.8544971170139122,0.8544971170139122,BRCA2,1
GO:1903311,regulation of mRNA metabolic process,1/71,260/12112,0.0038461538461538464,0.6561213434452872,-0.4304116046959867,0.7867357596399974,0.8544971170139122,0.8544971170139122,SRPK3,1
GO:0031400,negative regulation of protein modification process,1/71,262/12112,0.003816793893129771,0.6511127835716589,-0.43839382218878026,0.7892833536896523,0.8561678299185959,0.8561678299185959,HSPA1B,1
GO:0006066,alcohol metabolic process,1/71,263/12112,0.0038022813688212928,0.648637069565683,-0.44236510703868154,0.7905458753679674,0.8561678299185959,0.8561678299185959,GNB3,1
GO:0009101,glycoprotein biosynthetic process,1/71,264/12112,0.003787878787878788,0.6461801109688434,-0.4463233219751478,0.7918009384829032,0.8561678299185959,0.8561678299185959,GALNT4,1
GO:1904951,positive regulation of establishment of protein localization,1/71,264/12112,0.003787878787878788,0.6461801109688434,-0.4463233219751478,0.7918009384829032,0.8561678299185959,0.8561678299185959,NNAT,1
GO:0048667,cell morphogenesis involved in neuron differentiation,2/71,496/12112,0.004032258064516129,0.687869150386188,-0.5450509855978583,0.7937783262848769,0.856746172399916,0.856746172399916,MYOT/FLRT2,2
GO:0010948,negative regulation of cell cycle process,1/71,266/12112,0.0037593984962406013,0.6413216138938896,-0.4542009720675482,0.794288862521078,0.856746172399916,0.856746172399916,BRCA2,1
GO:0062197,cellular response to chemical stress,1/71,268/12112,0.0037313432835820895,0.6365356317006516,-0.4620276192461325,0.7967474703162968,0.856746172399916,0.856746172399916,HSPA1B,1
GO:0071214,cellular response to abiotic stimulus,1/71,268/12112,0.0037313432835820895,0.6365356317006516,-0.4620276192461325,0.7967474703162968,0.856746172399916,0.856746172399916,BRCA2,1
GO:0104004,cellular response to environmental stimulus,1/71,268/12112,0.0037313432835820895,0.6365356317006516,-0.4620276192461325,0.7967474703162968,0.856746172399916,0.856746172399916,BRCA2,1
GO:1901293,nucleoside phosphate biosynthetic process,1/71,273/12112,0.003663003663003663,0.6248774699478925,-0.48137647276549417,0.8027679566322367,0.8622651392587409,0.8622651392587408,HTD2,1
GO:0002250,adaptive immune response,1/71,274/12112,0.0036496350364963502,0.6225968952400535,-0.4852097067382357,0.8039507824688032,0.8625814472676331,0.8625814472676331,KCNJ8,1
GO:0000377,"RNA splicing, via transesterification reactions with bulged adenosine as nucleophile",1/71,276/12112,0.0036231884057971015,0.6180853235354153,-0.49284040870981016,0.8062954921937715,0.863189551179881,0.863189551179881,SRPK3,1
GO:0000398,"mRNA splicing, via spliceosome",1/71,276/12112,0.0036231884057971015,0.6180853235354153,-0.49284040870981016,0.8062954921937715,0.863189551179881,0.863189551179881,SRPK3,1
GO:0006935,chemotaxis,1/71,278/12112,0.0035971223021582736,0.6136386665315635,-0.5004240461172949,0.8086125499558676,0.8637654411519775,0.8637654411519774,FLRT2,1
GO:0042330,taxis,1/71,278/12112,0.0035971223021582736,0.6136386665315635,-0.5004240461172949,0.8086125499558676,0.8637654411519775,0.8637654411519774,FLRT2,1
GO:0000375,"RNA splicing, via transesterification reactions",1/71,280/12112,0.0035714285714285713,0.6092555331991951,-0.5079613517576632,0.8109022772596433,0.8638765942661907,0.8638765942661908,SRPK3,1
GO:0006631,fatty acid metabolic process,1/71,281/12112,0.0035587188612099642,0.6070873640419027,-0.5117128545054515,0.8120369914512056,0.8638765942661907,0.8638765942661908,HTD2,1
GO:0098813,nuclear chromosome segregation,1/71,281/12112,0.0035587188612099642,0.6070873640419027,-0.5117128545054515,0.8120369914512056,0.8638765942661907,0.8638765942661908,HSPA1B,1
GO:0071375,cellular response to peptide hormone stimulus,1/71,282/12112,0.0035460992907801418,0.6049345719708321,-0.515453041442279,0.813164991925127,0.8638765942661907,0.8638765942661908,IRS4,1
GO:0141091,transforming growth factor beta receptor superfamily signaling pathway,1/71,282/12112,0.0035460992907801418,0.6049345719708321,-0.515453041442279,0.813164991925127,0.8638765942661907,0.8638765942661908,SPRY1,1
GO:0009150,purine ribonucleotide metabolic process,1/71,285/12112,0.0035087719298245615,0.598566839634297,-0.5266065714849073,0.8165091015030239,0.8664812432343565,0.8664812432343565,HSPA1B,1
GO:0034504,protein localization to nucleus,1/71,288/12112,0.003472222222222222,0.5923317683881063,-0.5376613288191356,0.819794183894862,0.8684606608256352,0.8684606608256351,RANBP6,1
GO:0006816,calcium ion transport,1/71,290/12112,0.0034482758620689655,0.5882467217095677,-0.5449773907858172,0.8219519539637062,0.8684606608256352,0.8684606608256351,KCNJ8,1
GO:0043269,regulation of monoatomic ion transport,1/71,290/12112,0.0034482758620689655,0.5882467217095677,-0.5449773907858172,0.8219519539637062,0.8684606608256352,0.8684606608256351,KCNJ8,1
GO:1903706,regulation of hemopoiesis,1/71,290/12112,0.0034482758620689655,0.5882467217095677,-0.5449773907858172,0.8219519539637062,0.8684606608256352,0.8684606608256351,HSPA1B,1
GO:0032535,regulation of cellular component size,1/71,294/12112,0.003401360544217687,0.5802433649516144,-0.5594833161129584,0.8261913585750024,0.8719910969307905,0.8719910969307905,GNB3,1
GO:0007178,cell surface receptor protein serine/threonine kinase signaling pathway,1/71,299/12112,0.0033444816053511705,0.5705402986480758,-0.5773854135950122,0.831350888011693,0.8749211348261555,0.8749211348261556,SPRY1,1
GO:0050767,regulation of neurogenesis,1/71,299/12112,0.0033444816053511705,0.5705402986480758,-0.5773854135950122,0.831350888011693,0.8749211348261555,0.8749211348261556,TRIM32,1
GO:0006913,nucleocytoplasmic transport,1/71,301/12112,0.0033222591362126247,0.5667493332085537,-0.5844764957586825,0.8333721538498726,0.8749211348261555,0.8749211348261556,RANBP6,1
GO:0051169,nuclear transport,1/71,301/12112,0.0033222591362126247,0.5667493332085537,-0.5844764957586825,0.8333721538498726,0.8749211348261555,0.8749211348261556,RANBP6,1
GO:0046486,glycerolipid metabolic process,1/71,302/12112,0.0033112582781456954,0.5648726797873332,-0.5880073747043315,0.8343738113790115,0.8749211348261555,0.8749211348261556,GNB3,1
GO:1901990,regulation of mitotic cell cycle phase transition,1/71,302/12112,0.0033112582781456954,0.5648726797873332,-0.5880073747043315,0.8343738113790115,0.8749211348261555,0.8749211348261556,CDK7,1
GO:0009259,ribonucleotide metabolic process,1/71,304/12112,0.003289473684210526,0.5611564121571534,-0.5950401559598167,0.8363593501127256,0.8751995099924174,0.8751995099924172,HSPA1B,1
GO:0034762,regulation of transmembrane transport,1/71,305/12112,0.003278688524590164,0.5593165550681135,-0.5985421951016469,0.8373433004973797,0.8751995099924174,0.8751995099924172,KCNJ8,1
GO:0042391,regulation of membrane potential,1/71,305/12112,0.003278688524590164,0.5593165550681135,-0.5985421951016469,0.8373433004973797,0.8751995099924174,0.8751995099924172,KCNJ8,1
GO:0006644,phospholipid metabolic process,1/71,311/12112,0.003215434083601286,0.5485258819799828,-0.6193577065555206,0.843125685047112,0.87935020427577415,0.87935020427577415,GNB3,1
GO:0019693,ribose phosphate metabolic process,1/71,311/12112,0.003215434083601286,0.5485258819799828,-0.6193577065555206,0.843125685047112,0.87935020427577415,0.87935020427577415,HSPA1B,1
GO:0009410,response to xenobiotic stimulus,1/71,318/12112,0.0031446540880503146,0.5364514128797946,-0.6432298025088842,0.849616019816233,0.8851686215038221,0.8851686215038223,KCNJ8,1
GO:0009100,glycoprotein metabolic process,1/71,321/12112,0.003115264797507788,0.5314378482734413,-0.6533295476288945,0.8523158694649056,0.887029699089414,0.8870296990894141,GALNT4,1
GO:0010506,regulation of autophagy,1/71,327/12112,0.0030581039755351682,0.521686695094112,-0.6733012839300867,0.8575730033780381,0.8915453814561831,0.8915453814561831,TRIM32,1
GO:0030099,myeloid cell differentiation,1/71,330/12112,0.0030303030303030303,0.5169440887750747,-0.6831762498071596,0.8601319420909606,0.8932493216794896,0.8932493216794896,HSPA1B,1
GO:0010720,positive regulation of cell development,1/71,336/12112,0.002976190476190476,0.5077129443326626,-0.7027114902691759,0.8651145929224189,0.8973489200728034,0.8973489200728035,TRIM32,1
GO:0045786,negative regulation of cell cycle,1/71,337/12112,0.002967359050445104,0.506206377732269,-0.7059401244094874,0.8659278456315312,0.8973489200728034,0.8973489200728035,BRCA2,1
GO:0051223,regulation of protein transport,1/71,342/12112,0.0029239766081871343,0.49880569969524746,-0.721969487268634,0.8699221540317661,0.9003794706399747,0.9003794706399746,NNAT,1
GO:0016236,macroautophagy,1/71,343/12112,0.0029154518950437317,0.49735145567281236,-0.7251529298463941,0.8707068207321691,0.9003794706399747,0.9003794706399746,TRIM32,1
GO:0002683,negative regulation of immune system process,1/71,347/12112,0.002881844380403458,0.49161829768234766,-0.7378134719911148,0.8737990897567515,0.9024425431529156,0.9024425431529157,TRIM32,1
GO:0007600,sensory perception,1/71,348/12112,0.0028735632183908046,0.4902056014246398,-0.7409605253706043,0.8745606932099832,0.9024425431529156,0.9024425431529157,ATXN7,1
GO:0006163,purine nucleotide metabolic process,1/71,357/12112,0.0028011204481792717,0.4778474770189766,-0.76896765119936,0.8812143506265321,0.9073797820343189,0.9073797820343189,HSPA1B,1
GO:0098771,inorganic ion homeostasis,1/71,357/12112,0.0028011204481792717,0.4778474770189766,-0.76896765119936,0.8812143506265321,0.9073797820343189,0.9073797820343189,SCO2,1
GO:0043603,amide metabolic process,1/71,360/12112,0.002777777777777778,0.47386541471048516,-0.7781800776828515,0.8833539472303543,0.9086193673312226,0.9086193673312225,HTD2,1
GO:0043254,regulation of protein-containing complex assembly,1/71,363/12112,0.0027548209366391185,0.4699491716137043,-0.787332676821984,0.8854555380361827,0.9098172777070195,0.9098172777070195,HSPA1B,1
GO:0140694,membraneless organelle assembly,1/71,366/12112,0.00273224043715847,0.46609712922342805,-0.7964264937133784,0.8875197886684134,0.910974328538086,0.910974328538086,HSPA1B,1
GO:0030003,intracellular monoatomic cation homeostasis,1/71,368/12112,0.002717391304347826,0.4635639926515615,-0.8024568851895936,0.8888755347112238,0.9111291983284288,0.9111291983284288,SCO2,1
GO:0044057,regulation of system process,1/71,369/12112,0.0027100271002710027,0.462307721668766,-0.8054625461005722,0.8895473532598872,0.9111291983284288,0.9111291983284288,KCNJ8,1
GO:0006873,intracellular monoatomic ion homeostasis,1/71,374/12112,0.00267379679144385,0.4561271371544776,-0.8203969487923632,0.8928468439883889,0.9125834584344479,0.912583458434448,SCO2,1
GO:0009617,response to bacterium,1/71,374/12112,0.00267379679144385,0.4561271371544776,-0.8203969487923632,0.8928468439883889,0.9125834584344479,0.912583458434448,KCNJ8,1
GO:0007059,chromosome segregation,1/71,383/12112,0.0026109660574412533,0.4454087448975839,-0.8468954689768197,0.8985428422932621,0.9174396423414906,0.9174396423414906,HSPA1B,1
GO:1903530,regulation of secretion by cell,1/71,388/12112,0.002577319587628866,0.43966894148395524,-0.8614112745820796,0.9015771901668523,0.9195708525756445,0.9195708525756445,NNAT,1
GO:0031667,response to nutrient levels,1/71,397/12112,0.0025188916876574307,0.4297016355057296,-0.8871848791631726,0.9068152036408382,0.9239428780013158,0.9239428780013158,TRIM32,1
GO:0009117,nucleotide metabolic process,1/71,407/12112,0.002457002457002457,0.41914385576357405,-0.9153095243094143,0.9123132606220576,0.927168033573678,0.9271680335736779,HSPA1B,1
GO:0001525,angiogenesis,1/71,408/12112,0.0024509803921568627,0.41811654239160456,-0.9180933337535394,0.9128451494299034,0.927168033573678,0.9271680335736779,STARD13,1
GO:0030335,positive regulation of cell migration,1/71,408/12112,0.0024509803921568627,0.41811654239160456,-0.9180933337535394,0.9128451494299034,0.927168033573678,0.9271680335736779,TRIM32,1
GO:1903829,positive regulation of protein localization,1/71,412/12112,0.0024271844660194173,0.4140571584848899,-0.9291778067539319,0.9149410801437685,0.9283257981396021,0.9283257981396021,NNAT,1
GO:0051046,regulation of secretion,1/71,420/12112,0.002380952380952381,0.4061703554661302,-0.9511083933854552,0.9189849722169444,0.9299839774173008,0.9299839774173008,NNAT,1
GO:2000147,positive regulation of cell motility,1/71,421/12112,0.0023752969121140144,0.40520558027499914,-0.9538278552618155,0.9194769382597598,0.9299839774173008,0.9299839774173008,TRIM32,1
GO:0055080,monoatomic cation homeostasis,1/71,424/12112,0.0023584905660377358,0.40233855965984583,-0.9619576709284966,0.9209352319188833,0.9299839774173008,0.9299839774173008,SCO2,1
GO:0051656,establishment of organelle localization,1/71,427/12112,0.00234192037470726,0.39951182504865257,-0.9700451237881252,0.9223674808198816,0.9299839774173008,0.9299839774173008,SPRY1,1
GO:0070201,regulation of establishment of protein localization,1/71,428/12112,0.002336448598130841,0.3985783862050809,-0.9727316351880606,0.9228391888953449,0.9299839774173008,0.9299839774173008,NNAT,1
GO:0040017,positive regulation of locomotion,1/71,429/12112,0.002331002331002331,0.39764929905774976,-0.9754135313850574,0.9233080709210579,0.9299839774173008,0.9299839774173008,TRIM32,1
GO:0071396,cellular response to lipid,1/71,430/12112,0.002325581395348837,0.39672453324598755,-0.9780908348711608,0.9237741435877194,0.9299839774173008,0.9299839774173008,HSPA1B,1
GO:0050801,monoatomic ion homeostasis,1/71,431/12112,0.002320185614849188,0.39580405869089247,-0.9807635679726177,0.9242374234888725,0.9299839774173008,0.9299839774173008,SCO2,1
GO:0032787,monocarboxylic acid metabolic process,1/71,441/12112,0.0022675736961451248,0.386828909967743,-1.0072443242639675,0.9287202026172645,0.9329972791786941,0.9329972791786941,HTD2,1
GO:0044283,small molecule biosynthetic process,1/71,442/12112,0.0022624434389140274,0.3859537314384042,-1.009868210840508,0.9291538300368664,0.9329972791786941,0.9329972791786941,HTD2,1
GO:0043408,regulation of MAPK cascade,1/71,458/12112,0.002183406113537118,0.372470631650163,-1.051277055649704,0.9357483781384722,0.9386484247649344,0.9386484247649345,SPRY1,1
GO:0007186,G protein-coupled receptor signaling pathway,1/71,481/12112,0.002079002079002079,0.35466018564610113,-1.1090225283326283,0.9441805943825687,0.9451539764386332,0.9451539764386332,GNB3,1
GO:0048514,blood vessel morphogenesis,1/71,481/12112,0.002079002079002079,0.35466018564610113,-1.1090225283326283,0.9441805943825687,0.9451539764386332,0.9451539764386332,STARD13,1
GO:0045596,negative regulation of cell differentiation,1/71,494/12112,0.0020242914979757085,0.3453270228659406,-1.1408015473815085,0.9484537084973217,0.9484537084973217,0.9484537084973217,SPRY1,1
